{
"type": "FeatureCollection",
"name": "Phase7_Catchments",
"crs": { "type": "name", "properties": { "name": "urn:ogc:def:crs:OGC::CRS84" } },
"features": [
{"type":"Feature","properties":{"sde_LDR_Mi":0.0,"CatchNames":"Verulam 5","MAJ_CAT":"Mdloti River","Shape_STAr":1368662.9696,"Shape_STLe":6503.2936589299998},"geometry":{"type":"Polygon","coordinates":[[[31.045614896425921,-29.63060838084446],[31.048655582622406,-29.630773864384814],[31.049835537711811,-29.63224834910551],[31.049447574663802,-29.632872772272933],[31.04966954253478,-29.633412623442055],[31.049768293366,-29.634959128492614],[31.049630404661954,-29.634898194833049],[31.049490441105693,-29.633750721483235],[31.048959608541782,-29.633629123727729],[31.04824517872969,-29.634173370214334],[31.047139276654303,-29.634295636589385],[31.046859859235077,-29.634778559002466],[31.045756796542399,-29.635263202816425],[31.045617083017593,-29.635504662614323],[31.044896595605763,-29.635963370127214],[31.043847333284788,-29.636497507782938],[31.043322322037316,-29.637219298042602],[31.042187079898159,-29.637404771556113],[31.041637297237276,-29.637942706682999],[31.040378859065168,-29.638282669350382],[31.039424526317447,-29.640100668222601],[31.038075950457056,-29.640464968480597],[31.037425695779667,-29.640861906126272],[31.036886491135501,-29.641078293306823],[31.036082593008786,-29.64186481039944],[31.035513613194222,-29.642309171293476],[31.034093398326732,-29.643210044629551],[31.033275165264957,-29.644489843034609],[31.03222553544061,-29.644661316533327],[31.030674806609873,-29.645845458336023],[31.030765033582931,-29.64538047462435],[31.031286800557723,-29.644765367811619],[31.031023080469005,-29.643208777622434],[31.030141595752465,-29.643046494883471],[31.029960704313464,-29.642841837402301],[31.029843467238248,-29.642762835597654],[31.029753073632303,-29.642660551325431],[31.029518599375766,-29.642502545435416],[31.029128000158757,-29.642060668141607],[31.028922246723944,-29.641209987553577],[31.028012449394833,-29.640138520773249],[31.028181842496632,-29.639499045995798],[31.028272228158237,-29.639215303500684],[31.028852509596156,-29.638531176076214],[31.030724856632034,-29.638909652870094],[31.031179280687514,-29.638670041488158],[31.031385349023292,-29.637401240504381],[31.032242423585181,-29.637242993644382],[31.032603940902078,-29.636833521493354],[31.033270801416272,-29.636383651409417],[31.033536277081467,-29.635016129331138],[31.034200016118938,-29.634238685494886],[31.035594406957642,-29.633978068195685],[31.036133731438373,-29.634505138821375],[31.036458007498588,-29.634284661161399],[31.037082464391872,-29.63367354844377],[31.037739960437964,-29.633159870889152],[31.038213351177763,-29.632696761813555],[31.039083167438765,-29.632519696856612],[31.039694096256824,-29.632327997066291],[31.041321400316271,-29.632062105544893],[31.04197695264854,-29.631420572786169],[31.04219610593503,-29.631249369840546],[31.042507517481805,-29.630944619639838],[31.044002097112756,-29.630665203600593],[31.044529453812888,-29.630915286846353],[31.045199869831027,-29.63078993904967],[31.045614896425921,-29.63060838084446]]]}},
{"type":"Feature","properties":{"sde_LDR_Mi":0.0,"CatchNames":"Verulam 11","MAJ_CAT":"Mdloti River","Shape_STAr":133964.21990200001,"Shape_STLe":1675.6526830800001},"geometry":{"type":"Polygon","coordinates":[[[31.047643510353637,-29.637055476440544],[31.046523996713177,-29.636265222462093],[31.045617083017593,-29.635504662614299],[31.045756796542417,-29.635263202816425],[31.046859859235092,-29.634778559002456],[31.04713927665432,-29.634295636589385],[31.048245178729701,-29.63417337021432],[31.048959608541782,-29.633629123727729],[31.0494904411057,-29.633750721483235],[31.049630404661986,-29.634898194833049],[31.049768293366007,-29.634959128492593],[31.050268340196975,-29.63524754034194],[31.052259433273004,-29.635320856212953],[31.052059099169714,-29.635524094604129],[31.050293999841539,-29.636816895728071],[31.050184487264488,-29.637135031527027],[31.047643510353637,-29.637055476440544]]]}},
{"type":"Feature","properties":{"sde_LDR_Mi":0.0,"CatchNames":"Verulam 10","MAJ_CAT":"Mdloti River","Shape_STAr":347868.86939499999,"Shape_STLe":3078.8384692200002},"geometry":{"type":"Polygon","coordinates":[[[31.050324405923696,-29.640889692129541],[31.049671127443808,-29.640493531427666],[31.049870618450758,-29.640014601237787],[31.049184899961205,-29.639144915764636],[31.049255500069112,-29.637571466217608],[31.050084673652638,-29.637229161646129],[31.050184487264488,-29.637135031527027],[31.050293999841539,-29.636816895728071],[31.052059099169714,-29.635524094604129],[31.052259433273004,-29.635320856212953],[31.052966753518472,-29.635031896733668],[31.054872794835951,-29.634883093531631],[31.055372646440631,-29.634594297096317],[31.055457681692328,-29.635064186880921],[31.056032187971663,-29.635711145815868],[31.055291796541606,-29.636705515330455],[31.055166490330745,-29.637133215242805],[31.054640260339955,-29.637942644875057],[31.054449337080857,-29.640313719464775],[31.054337850207336,-29.64039766234492],[31.053799717236281,-29.641069124796598],[31.050324405923696,-29.640889692129541]]]}},
{"type":"Feature","properties":{"sde_LDR_Mi":0.0,"CatchNames":"Verulam 6","MAJ_CAT":"Mdloti River","Shape_STAr":2166582.9315999998,"Shape_STLe":7495.4773833700001},"geometry":{"type":"Polygon","coordinates":[[[31.043041977153322,-29.649991109035614],[31.043172958571791,-29.650997056066181],[31.043490469375808,-29.651725981699776],[31.043810424683805,-29.652255776330758],[31.043818982649263,-29.65308642741703],[31.043352018888442,-29.653647038585682],[31.043757173077879,-29.65454616856918],[31.041681042820752,-29.654546812259266],[31.041154255237686,-29.65446307081946],[31.040455357711764,-29.653755004691835],[31.039356097713732,-29.653466274916411],[31.038920433584181,-29.651794095460591],[31.038250238540563,-29.651409358612163],[31.037349518941944,-29.651226820365629],[31.035036170962034,-29.651389900662227],[31.034719811888884,-29.651367787439685],[31.034109688622507,-29.651563613508664],[31.033263967481663,-29.65173170632638],[31.032903113702705,-29.652097791332395],[31.032226050194918,-29.65227594141497],[31.031661075515267,-29.652551495054695],[31.031143825297118,-29.651830619420227],[31.030787617532063,-29.650462863541424],[31.030212812311131,-29.650295190855992],[31.029334567358863,-29.650839458066155],[31.028696337189036,-29.651007388192646],[31.027871361661642,-29.651518616416578],[31.027147091199328,-29.651286456437123],[31.028229376356695,-29.650147653167764],[31.028803721188748,-29.648302840001442],[31.029541178791327,-29.647393869028424],[31.030148124436323,-29.645929473515693],[31.030674806609877,-29.645845458336023],[31.032225535440642,-29.644661316533295],[31.033275165264968,-29.644489843034609],[31.034093398326725,-29.643210044629551],[31.035513613194222,-29.642309171293476],[31.036082593008803,-29.641864810399372],[31.036886491135501,-29.641078293306823],[31.037425695779667,-29.640861906126272],[31.038075950457056,-29.640464968480597],[31.039424526317447,-29.640100668222583],[31.040378859065175,-29.638282669350374],[31.04163729723728,-29.637942706682946],[31.042187079898159,-29.637404771556113],[31.043322322037316,-29.637219298042595],[31.043847333284788,-29.636497507782938],[31.044896595605788,-29.635963370127204],[31.045617083017593,-29.635504662614277],[31.046523996713177,-29.636265222462093],[31.047643510353637,-29.637055476440523],[31.050184487264513,-29.637135031527027],[31.050084673652638,-29.637229161646129],[31.049255500069112,-29.637571466217608],[31.049184899961205,-29.639144915764636],[31.049870618450758,-29.640014601237787],[31.049671127443808,-29.640493531427666],[31.047281504850833,-29.6436644314897],[31.047281588543655,-29.643845761530024],[31.047174643187489,-29.644397187416825],[31.046749742703064,-29.645013045222946],[31.046448676405781,-29.645656464938394],[31.045659774750565,-29.645938830794332],[31.045297301078971,-29.646464267950169],[31.0451166331992,-29.646850354267738],[31.044882342791546,-29.647189727202964],[31.044701672036023,-29.647575812915875],[31.043895196513297,-29.647980146578366],[31.04370805943417,-29.64860069656844],[31.043456909077026,-29.649389700273577],[31.043041977153322,-29.649991109035614]]]}},
{"type":"Feature","properties":{"sde_LDR_Mi":0.0,"CatchNames":"Verulam 9","MAJ_CAT":"Mdloti River","Shape_STAr":521378.4319,"Shape_STLe":3848.7257880400002},"geometry":{"type":"Polygon","coordinates":[[[31.057300484748104,-29.639945807276696],[31.058575111064819,-29.641491245964314],[31.058056407416249,-29.642283143910305],[31.057774076553855,-29.642852427419026],[31.05675550136305,-29.643050252875362],[31.056698357759846,-29.643542395784152],[31.057132643482429,-29.64375944676911],[31.057755624085118,-29.643995087847482],[31.057525582740777,-29.644815595336315],[31.056737505604254,-29.645210350530334],[31.055888065733907,-29.6453752793517],[31.055586443454935,-29.645837122029615],[31.054645215528389,-29.645702548245332],[31.054548713533599,-29.646200299573813],[31.052361142127545,-29.646117388985754],[31.052168661013329,-29.645559940802855],[31.051498646710652,-29.644813313134559],[31.051548460873192,-29.644268130858727],[31.051093676503903,-29.643926210327514],[31.047489084895574,-29.643664359120535],[31.047281504850833,-29.6436644314897],[31.049671127443808,-29.640493531427666],[31.05032440592371,-29.640889692129541],[31.053799717236281,-29.641069124796598],[31.054337850207336,-29.64039766234492],[31.054449337080857,-29.640313719464775],[31.054640260339955,-29.637942644875057],[31.055166490330745,-29.637133215242805],[31.058280214606565,-29.63713172387245],[31.058059184263314,-29.638646493482241],[31.057772015542845,-29.639225788752501],[31.057300484748104,-29.639945807276696]]]}},
{"type":"Feature","properties":{"sde_LDR_Mi":0.0,"CatchNames":"Verulam 4","MAJ_CAT":"Mdloti River","Shape_STAr":886870.26691699994,"Shape_STLe":5059.4127403399998},"geometry":{"type":"Polygon","coordinates":[[[31.018635787373746,-29.654733437406215],[31.016939823875795,-29.654404705115308],[31.01662552367166,-29.654213790000281],[31.015659336932551,-29.654069342152624],[31.014402814661164,-29.653340345815955],[31.013902736360496,-29.653440650534034],[31.013701876596194,-29.653419189014627],[31.013410825883479,-29.653318967436039],[31.013237509010015,-29.652920573347227],[31.01332197425587,-29.651912599889815],[31.014184975488828,-29.651753470757146],[31.014526161805772,-29.651367253250843],[31.014932549860173,-29.650499826381033],[31.016827799548327,-29.650218349382563],[31.018048596264528,-29.650375722791598],[31.019178222025349,-29.650087890005324],[31.019880375364689,-29.649293014089778],[31.019991891351523,-29.64920910748172],[31.020206979760996,-29.648990941799049],[31.021429412685137,-29.648107303300527],[31.022817626903592,-29.64788588389689],[31.02313968136016,-29.646646293503025],[31.023505015133576,-29.645930837292031],[31.02648808980755,-29.645758900144791],[31.027403744193602,-29.644644578680186],[31.028087073831639,-29.644130040474693],[31.02827901282005,-29.643209816084937],[31.029635995208434,-29.643125542348258],[31.029843467238248,-29.642762835597654],[31.029960704313488,-29.642841837402237],[31.030141595752479,-29.643046494883421],[31.031023080469005,-29.643208777622416],[31.03128680055773,-29.644765367811615],[31.030765033582949,-29.64538047462435],[31.030674806609877,-29.645845458336023],[31.030148124436323,-29.645929473515693],[31.029541178791327,-29.647393869028424],[31.028803721188748,-29.648302840001442],[31.028229376356695,-29.650147653167764],[31.027147091199328,-29.651286456437123],[31.026178740717445,-29.651347623720024],[31.025946044956566,-29.6517496601499],[31.025486357065986,-29.65183084516455],[31.025369151663973,-29.651909893970775],[31.024885022557143,-29.652943643842345],[31.023915661259444,-29.653179629154728],[31.022507847123794,-29.653361097197905],[31.021469997544131,-29.653004902737461],[31.019287555602219,-29.653492226685344],[31.019015447990625,-29.654073202017891],[31.018726079634071,-29.654268371359738],[31.018635787373746,-29.654733437406215]]]}},
{"type":"Feature","properties":{"sde_LDR_Mi":0.0,"CatchNames":"Verulam 7","MAJ_CAT":"Mdloti River","Shape_STAr":865781.38758600003,"Shape_STLe":4079.1016404100001},"geometry":{"type":"Polygon","coordinates":[[[31.043352018888442,-29.653647038585682],[31.043818982649263,-29.65308642741703],[31.043810424683805,-29.652255776330758],[31.043490469375808,-29.651725981699776],[31.043172958571791,-29.650997056066181],[31.043041977153322,-29.649991109035614],[31.043456909077026,-29.649389700273577],[31.04370805943417,-29.64860069656844],[31.043895196513297,-29.647980146578366],[31.044701672036023,-29.647575812915875],[31.044882342791546,-29.647189727202964],[31.0451166331992,-29.646850354267738],[31.045297301078971,-29.646464267950169],[31.045659774750565,-29.645938830794332],[31.046448676405781,-29.645656464938394],[31.046749742703064,-29.645013045222946],[31.047174643187489,-29.644397187416825],[31.047281588543655,-29.643845761530024],[31.047281504850833,-29.6436644314897],[31.047489084895574,-29.643664359120535],[31.051093676503903,-29.643926210327514],[31.051548460873192,-29.644268130858727],[31.051498646710652,-29.644813313134545],[31.052168661013329,-29.645559940802855],[31.052361142127545,-29.646117388985754],[31.054548713533599,-29.646200299573813],[31.054463980642762,-29.646307598926089],[31.053062364421095,-29.646470035145459],[31.052944247662619,-29.646931345313899],[31.053096137531409,-29.647470405590969],[31.053188510436847,-29.647752378250701],[31.053428409378846,-29.647919992026324],[31.053188782792013,-29.648276342095485],[31.052842210734589,-29.649337304651649],[31.052458444234734,-29.65013382377483],[31.052350957348015,-29.650240670470151],[31.052180212340794,-29.650330247921033],[31.052105128700006,-29.650455591651337],[31.051980615320613,-29.650764285907062],[31.051583277731069,-29.651968119148744],[31.051248593861626,-29.652111465132148],[31.050353471128954,-29.651789571645853],[31.049766059129272,-29.651738795932214],[31.049451909945475,-29.652453588390394],[31.049479580433072,-29.652647358430006],[31.050137104813345,-29.654398972806952],[31.049381888401449,-29.655469782456098],[31.048793064957991,-29.655401987227094],[31.048128760444289,-29.655325498101529],[31.046174358654319,-29.655714012658034],[31.044612807158025,-29.655546011819325],[31.043872472942439,-29.65462678332521],[31.043757173077879,-29.65454616856918],[31.043352018888442,-29.653647038585682]]]}},
{"type":"Feature","properties":{"sde_LDR_Mi":0.0,"CatchNames":"Verulam 8","MAJ_CAT":"Mdloti River","Shape_STAr":1385610.87653,"Shape_STLe":6184.6285921299996},"geometry":{"type":"Polygon","coordinates":[[[31.057401446919087,-29.654333369362583],[31.055896700627585,-29.65752676073318],[31.055497177608288,-29.658084452508582],[31.05406439854881,-29.659547151632147],[31.052621712666134,-29.660013019324186],[31.051487567908666,-29.660049268672722],[31.051012758250312,-29.659732762332716],[31.050334715682354,-29.659564368200709],[31.049801773975638,-29.659515637336298],[31.049522682726202,-29.659490117052567],[31.049507382148185,-29.659492098347904],[31.049067271199426,-29.659724202026464],[31.048522300745372,-29.659919176031529],[31.048215304323143,-29.659879685619639],[31.04741220993359,-29.660303265075846],[31.045726607745024,-29.660062014319006],[31.045104687229493,-29.660275864672364],[31.044291853047881,-29.659702610872102],[31.043642117353418,-29.659363418097666],[31.043253407600783,-29.65879617378819],[31.041769286297185,-29.657365996576921],[31.041831935401213,-29.656994835419844],[31.041713907020409,-29.65629913691334],[31.040683866006251,-29.655605241347914],[31.041128324375272,-29.654961062302664],[31.041590606526533,-29.654649143248861],[31.041681042820752,-29.654546812259266],[31.043757173077879,-29.65454616856918],[31.043872472942439,-29.65462678332521],[31.044612807158025,-29.655546011819325],[31.046174358654319,-29.655714012658034],[31.048128760444289,-29.655325498101529],[31.048793064957991,-29.655401987227094],[31.049381888401449,-29.655469782456098],[31.050137104813345,-29.654398972806952],[31.049479580433072,-29.652647358430006],[31.049451909945475,-29.652453588390394],[31.049766059129272,-29.651738795932214],[31.050353471128954,-29.651789571645853],[31.051248593861626,-29.652111465132148],[31.051583277731069,-29.651968119148744],[31.051980615320613,-29.650764285907062],[31.052105128700006,-29.650455591651337],[31.052180212340794,-29.650330247921033],[31.052350957348015,-29.650240670470151],[31.052458444234734,-29.65013382377483],[31.052842210734589,-29.649337304651649],[31.053188782792013,-29.648276342095485],[31.053428409378846,-29.647919992026324],[31.053188510436847,-29.647752378250701],[31.053096137531409,-29.647470405590969],[31.052944247662619,-29.646931345313899],[31.053062364421095,-29.646470035145459],[31.054463980642762,-29.646307598926089],[31.054548713533599,-29.646200299573813],[31.054645215528389,-29.645702548245332],[31.055586443454935,-29.645837122029615],[31.056414598924377,-29.646199507159267],[31.056694645631364,-29.646682485373336],[31.058216089836304,-29.646803617952202],[31.058285870742658,-29.646924023170538],[31.058518211963055,-29.649775252261442],[31.058161015010526,-29.651119242227587],[31.057678534225154,-29.65229557723281],[31.057777265538427,-29.653728680019011],[31.057401446919087,-29.654333369362583]]]}},
{"type":"Feature","properties":{"sde_LDR_Mi":0.0,"CatchNames":"Ottawa 3","MAJ_CAT":"Ohlanga River","Shape_STAr":2711317.2657900001,"Shape_STLe":8501.2395119899993},"geometry":{"type":"Polygon","coordinates":[[[31.049465955826157,-29.663790154722083],[31.048477248961809,-29.6647988785551],[31.048262516266593,-29.66520901241298],[31.048074053074764,-29.665656292003462],[31.047855469170649,-29.665787652346861],[31.047658862388374,-29.665905804701698],[31.046926299817521,-29.665955069773656],[31.045933820179027,-29.665940889069446],[31.045490590708752,-29.665918488283999],[31.045034338548795,-29.665828429518868],[31.044721445958231,-29.665884919557641],[31.044317327341236,-29.665885055287823],[31.044120723273295,-29.66592797279279],[31.044043511824196,-29.666054298857915],[31.044056473428363,-29.666340723972173],[31.043965157049392,-29.666566290682127],[31.044017165077616,-29.667044408738001],[31.043938862442573,-29.667364695453326],[31.043938710994809,-29.667921767580058],[31.043883371941298,-29.668158599066206],[31.043881708493394,-29.668174514362686],[31.043821155417071,-29.668754032833874],[31.043690717109182,-29.668993143479298],[31.043521059764149,-29.669617933024455],[31.043377553516699,-29.669983347934906],[31.043148247222035,-29.670455583284149],[31.043090579539747,-29.670574343842457],[31.042987618201799,-29.670642272361423],[31.042881946860494,-29.670711988620543],[31.042373485530771,-29.670768536217508],[31.042034491506769,-29.670892688195675],[31.041720067437037,-29.671105057740267],[31.041559831474515,-29.670928623331911],[31.041442444481891,-29.67080024871175],[31.041072605461444,-29.670592167718429],[31.04094119476861,-29.670464743404203],[31.040877111428824,-29.670432009959534],[31.040324510459591,-29.670426268332257],[31.039488620983597,-29.670213697679912],[31.03840013759692,-29.66919074930949],[31.036296026068754,-29.667060021617512],[31.035366308016847,-29.666596172772],[31.035024848101422,-29.666102068969298],[31.034364843122638,-29.665657390076422],[31.03412038677299,-29.665381038473821],[31.034481014643916,-29.664968658791331],[31.034592467853326,-29.664806318357904],[31.034816293349003,-29.664560371238505],[31.034641819707172,-29.662671792347137],[31.033509970194565,-29.661820540296421],[31.033282516366601,-29.661161402008496],[31.032429037628997,-29.659895270600749],[31.030856496742228,-29.658330143693263],[31.030504396695228,-29.657309720319901],[31.029231110111837,-29.655965990424846],[31.02839394064825,-29.655457084438524],[31.028293989452411,-29.655181681182508],[31.027870686104883,-29.654644630589459],[31.027592234754547,-29.653876964183716],[31.025486357065986,-29.65183084516455],[31.025946044956566,-29.6517496601499],[31.026178740717445,-29.651347623720024],[31.027147091199328,-29.651286456437123],[31.027871361661642,-29.651518616416578],[31.028696337189036,-29.651007388192646],[31.029334567358863,-29.650839458066155],[31.030212812311131,-29.650295190855992],[31.030787617532063,-29.650462863541424],[31.031143825297118,-29.651830619420227],[31.031661075515267,-29.652551495054695],[31.032226050194918,-29.65227594141497],[31.032903113702705,-29.652097791332395],[31.033263967481663,-29.65173170632638],[31.034109688622507,-29.651563613508664],[31.034719811888884,-29.651367787439685],[31.035036170962034,-29.651389900662227],[31.037349518941944,-29.651226820365629],[31.038250238540563,-29.651409358612163],[31.038920433584181,-29.651794095460591],[31.039356097713732,-29.653466274916411],[31.040455357711764,-29.653755004691835],[31.041154255237686,-29.65446307081946],[31.041681042820752,-29.654546812259266],[31.041590606526533,-29.654649143248861],[31.041128324375272,-29.654961062302664],[31.040683866006251,-29.655605241347914],[31.041713907020409,-29.65629913691334],[31.041831935401213,-29.656994835419844],[31.041769286297185,-29.657365996576921],[31.043253407600783,-29.65879617378819],[31.043642117353418,-29.659363418097666],[31.044291853047881,-29.659702610872102],[31.045104687229493,-29.660275864672364],[31.045726607745024,-29.660062014319006],[31.04741220993359,-29.660303265075846],[31.048215304323143,-29.659879685619639],[31.048522300745372,-29.659919176031529],[31.048951250262849,-29.660369601224833],[31.049520121046072,-29.661228686005249],[31.049684473694029,-29.661992443135841],[31.049737181585225,-29.662665275690593],[31.049465955826157,-29.663790154722083]]]}},
{"type":"Feature","properties":{"sde_LDR_Mi":0.0,"CatchNames":"Ottawa 5","MAJ_CAT":"Ohlanga River","Shape_STAr":653338.14864899998,"Shape_STLe":4437.2534616900002},"geometry":{"type":"Polygon","coordinates":[[[31.019287555602219,-29.653492226685376],[31.021469997544131,-29.653004902737461],[31.022507847123794,-29.653361097197905],[31.023915661259444,-29.653179629154728],[31.024885022557143,-29.652943643842345],[31.025369151663973,-29.651909893970775],[31.025486357065986,-29.65183084516455],[31.027592234754547,-29.653876964183716],[31.027870686104883,-29.654644630589459],[31.028293989452411,-29.655181681182508],[31.02839394064825,-29.655457084438524],[31.028486354290781,-29.655739073999005],[31.028783009514129,-29.656179619456005],[31.028337849653735,-29.658416905212551],[31.027438457304836,-29.658957270343336],[31.026778624299883,-29.659566073537963],[31.026393400570281,-29.66001370095557],[31.026153122508479,-29.660642634097396],[31.026284739427282,-29.661565046420233],[31.025466133914268,-29.662781910984894],[31.025189342017569,-29.663356081537323],[31.024754339768904,-29.663660359015282],[31.02456377533602,-29.665933330258117],[31.024244124397853,-29.666157024715766],[31.024244082980605,-29.665975695240483],[31.024151173662979,-29.663517564935098],[31.022882378344931,-29.663356472781032],[31.02260516384974,-29.662510401089083],[31.021714547394925,-29.661887702793898],[31.021878028808267,-29.660737630556525],[31.022281837809363,-29.660455107557077],[31.022673757161556,-29.659165617452899],[31.022904328358212,-29.658822947922651],[31.023088482729325,-29.657010254924163],[31.021878090867244,-29.656163965734496],[31.021157305744264,-29.65589884335829],[31.020171648867493,-29.654824171624497],[31.018635787373746,-29.654733437406215],[31.018726079634071,-29.654268371359738],[31.019015447990625,-29.654073202017891],[31.019287555602219,-29.653492226685376]]]}},
{"type":"Feature","properties":{"sde_LDR_Mi":0.0,"CatchNames":"Ottawa 6","MAJ_CAT":"Ohlanga River","Shape_STAr":1321645.7152199999,"Shape_STLe":5776.3710497700004},"geometry":{"type":"Polygon","coordinates":[[[31.019814591510215,-29.665421153435254],[31.019151052393148,-29.663707236800828],[31.017970104480309,-29.662122478550572],[31.016920333081604,-29.66028945157036],[31.016154795058718,-29.65830361760186],[31.01626380615782,-29.656413151629657],[31.01592365717476,-29.654108859571405],[31.01662552367166,-29.654213790000266],[31.016939823875795,-29.654404705115308],[31.018635787373746,-29.654733437406215],[31.020171648867493,-29.654824171624497],[31.021157305744264,-29.65589884335829],[31.021878090867244,-29.656163965734496],[31.023088482729325,-29.657010254924163],[31.022904328358212,-29.658822947922637],[31.022673757161556,-29.659165617452899],[31.022281837809363,-29.660455107557077],[31.021878028808267,-29.660737630556525],[31.021714547394925,-29.661887702793898],[31.02260516384974,-29.662510401089083],[31.022882378344931,-29.663356472781032],[31.024151173662979,-29.663517564935098],[31.024221590908255,-29.665380626747563],[31.024036687368746,-29.665310657621351],[31.023932125498142,-29.665331179589778],[31.023892692088353,-29.665338919014474],[31.023719871597311,-29.665441443739514],[31.023613965537024,-29.665539470865141],[31.023406247140713,-29.665510864578625],[31.023269565983213,-29.665391541972184],[31.02316833526503,-29.665132375990208],[31.023105486156897,-29.6649714720342],[31.022465923244592,-29.664837914629093],[31.022159833627999,-29.664885704104826],[31.021987675357707,-29.664997918221101],[31.021790899653404,-29.665017046437356],[31.021577719450992,-29.665002759745917],[31.021386407081639,-29.665007564906663],[31.020894462415079,-29.665031512340537],[31.020423333125372,-29.665224234052122],[31.020164798057266,-29.665329990239584],[31.019814591510215,-29.665421153435254]]]}},
{"type":"Feature","properties":{"sde_LDR_Mi":0.0,"CatchNames":"Verulam 2","MAJ_CAT":"Ohlanga River","Shape_STAr":702166.36032800004,"Shape_STLe":4353.6952413},"geometry":{"type":"Polygon","coordinates":[[[31.008351613623155,-29.6611788140385],[31.008745360615332,-29.660523492147384],[31.008644009429275,-29.659562880373265],[31.008826160953362,-29.65839561430921],[31.008511875621171,-29.658128301512733],[31.008143712730622,-29.657552037733442],[31.008047328686484,-29.654553155071259],[31.008368332178353,-29.654470861167614],[31.009488216788831,-29.654103167023969],[31.011091690138585,-29.653923877008072],[31.012520464228221,-29.653382458617255],[31.013029930167935,-29.653101928266508],[31.013164301361954,-29.655691530696167],[31.01291976933296,-29.6560952628822],[31.013554854341749,-29.656609161672371],[31.013531062350275,-29.657137007599022],[31.013990284442087,-29.657935326913112],[31.013848395708951,-29.658194466892091],[31.013553782905337,-29.659543015425488],[31.012707495807895,-29.66098353856674],[31.013229509662331,-29.661645931784207],[31.013678003288732,-29.66328959488532],[31.013969631816856,-29.663525565891721],[31.014169372049228,-29.664076482573517],[31.014800392831596,-29.665520199807847],[31.015734638661652,-29.665904704541873],[31.015950844899749,-29.666515133106859],[31.016673950302042,-29.667338430612038],[31.016246325365103,-29.667514757542662],[31.015838946435721,-29.667703080109025],[31.01427771334366,-29.667790481416823],[31.013127950100195,-29.667344032830638],[31.012226366666752,-29.666430427774813],[31.01053993639648,-29.666340164974486],[31.010236148284314,-29.665336017540618],[31.009066845035672,-29.664143829334837],[31.008755919963157,-29.661482991712422],[31.008351613623155,-29.6611788140385]]]}},
{"type":"Feature","properties":{"sde_LDR_Mi":0.0,"CatchNames":"Ottawa 2","MAJ_CAT":"Ohlanga River","Shape_STAr":918408.87832999998,"Shape_STLe":5339.8594360899997},"geometry":{"type":"Polygon","coordinates":[[[31.040877111428799,-29.670432009959534],[31.040941194768603,-29.670464743404253],[31.041072605461444,-29.670592167718429],[31.041442444481884,-29.670800248711775],[31.041559831474515,-29.670928623331911],[31.041720067437037,-29.671105057740267],[31.041226032207636,-29.671438738016167],[31.040757609322785,-29.671878677616291],[31.040521818972135,-29.672133604928593],[31.040442811386683,-29.672286918986867],[31.040251710945746,-29.672657746872648],[31.040169598481231,-29.672817084101752],[31.040026129271244,-29.672999810909133],[31.039667772032804,-29.673293871281714],[31.039569711634229,-29.673374337102398],[31.039491427177794,-29.673557043838372],[31.039504342038931,-29.673931429093113],[31.039439110982212,-29.674080301471051],[31.039504176021929,-29.674434372915375],[31.039403730467946,-29.674744463560526],[31.039283576581436,-29.675030929187958],[31.039250867543668,-29.67526485680397],[31.039218143535223,-29.675460594833282],[31.039032372251878,-29.675708889129329],[31.038868471897192,-29.675966724136433],[31.038695304363124,-29.676141913495069],[31.0383823149261,-29.676414902249846],[31.038366622529672,-29.676453294835277],[31.038262815603243,-29.676500335583647],[31.038178228706236,-29.676527224029996],[31.037978083098832,-29.676584170753387],[31.037690508800825,-29.676554625808411],[31.037606822103815,-29.676546027844235],[31.03760347467804,-29.676545683928847],[31.037316133620095,-29.676516162111863],[31.037108343949374,-29.676368231816529],[31.036909115343789,-29.676243914238206],[31.036752946007642,-29.676196472375512],[31.036572561821192,-29.676244261047785],[31.03646876971878,-29.676454338603993],[31.036312943700999,-29.676385160768557],[31.035968480794537,-29.67621816947193],[31.035673279367714,-29.676218249265084],[31.035536659899879,-29.67635672812785],[31.035482191746343,-29.676411725897218],[31.035856272455192,-29.67506528736439],[31.035946200057943,-29.674140845908447],[31.035551621757207,-29.673422199754967],[31.034535879534239,-29.672630113732371],[31.034322526929223,-29.672224567561905],[31.033657302901268,-29.672045386360026],[31.032943673794332,-29.671348208557347],[31.03244166730903,-29.671147150451144],[31.03234349044417,-29.670688799075258],[31.032086005414634,-29.668824326058683],[31.032490636975865,-29.668190391898367],[31.032782069158323,-29.667051632951946],[31.033011979015086,-29.666764646099981],[31.03412038677299,-29.665381038473821],[31.034364843122638,-29.665657390076422],[31.035024848101422,-29.666102068969298],[31.035366308016847,-29.666596172772],[31.036296026068754,-29.667060021617512],[31.03840013759692,-29.66919074930949],[31.039488620983597,-29.670213697679912],[31.040324510459591,-29.670426268332257],[31.040877111428799,-29.670432009959534]]]}},
{"type":"Feature","properties":{"sde_LDR_Mi":0.0,"CatchNames":"Cornubia 1","MAJ_CAT":"Ohlanga River","Shape_STAr":1438136.1098199999,"Shape_STLe":5600.6452342599996},"geometry":{"type":"Polygon","coordinates":[[[31.043381544604351,-29.680035100052002],[31.043228120208735,-29.680446783260354],[31.043050744305113,-29.681150984296941],[31.043242581850659,-29.682302613662337],[31.044049224356279,-29.682881177457283],[31.044327611756362,-29.682980162174431],[31.045041355030129,-29.683571385707605],[31.045420315930524,-29.683420870294057],[31.045668528519759,-29.68317613486877],[31.045840709645141,-29.683104467647439],[31.046217949029344,-29.683125818931021],[31.046715436015877,-29.683085066737124],[31.048156794454368,-29.683187401893786],[31.048511438965246,-29.684794681404849],[31.049287532066796,-29.685632473171154],[31.049468886197708,-29.686562408407283],[31.050135257278505,-29.686724092557636],[31.049512813932193,-29.687457842626362],[31.049378957093772,-29.687548105043046],[31.048547919956103,-29.687004426431802],[31.048455704419009,-29.687105137512944],[31.047394460520977,-29.687629472325881],[31.047169536487718,-29.68898283139092],[31.045895897193844,-29.689637135319778],[31.042826429048763,-29.689807119928545],[31.042526005851176,-29.690134868492599],[31.041591924289957,-29.690236650629782],[31.040618498098201,-29.690131220664977],[31.039924527813714,-29.690487678598263],[31.039318988300924,-29.690553622262314],[31.039203712613734,-29.690634306141352],[31.037632599340636,-29.690748829515044],[31.03671127721439,-29.690453727528698],[31.036536456922985,-29.689289394178463],[31.035847865895523,-29.68821261531377],[31.035575479046827,-29.686911182752652],[31.035144690447623,-29.686743500057698],[31.034741006538614,-29.686334626365156],[31.034536049681009,-29.684009988089088],[31.034194934840791,-29.683476551744398],[31.034467112580977,-29.680507382638424],[31.034630834529818,-29.680117890821577],[31.034630108365128,-29.67794176385857],[31.035460709140242,-29.677941552318483],[31.035460213506543,-29.676490831598773],[31.035482191746329,-29.676411725897218],[31.035536659899886,-29.676356728127885],[31.035673279367714,-29.676218249265084],[31.035968480794537,-29.676218169471912],[31.036312943700999,-29.67638516076854],[31.03646876971878,-29.676454338604007],[31.036572561821192,-29.676244261047774],[31.036752946007642,-29.676196472375526],[31.036909115343782,-29.676243914238196],[31.037108343949381,-29.676368231816529],[31.037316133620095,-29.676516162111849],[31.037690508800829,-29.676554625808411],[31.038029470879323,-29.677855598255093],[31.040607297002008,-29.678027431600547],[31.040528551943179,-29.678887108671876],[31.041071783417845,-29.679474593404432],[31.042251390736102,-29.679428600892408],[31.04275438964223,-29.679533464341876],[31.043381544604351,-29.680035100052002]]]}},
{"type":"Feature","properties":{"sde_LDR_Mi":0.0,"CatchNames":"Waterloo 1","MAJ_CAT":"Ohlanga River","Shape_STAr":2285136.9221399999,"Shape_STLe":7133.6891322700003},"geometry":{"type":"Polygon","coordinates":[[[31.064645308883815,-29.659023285815451],[31.066182761426653,-29.659323586964295],[31.067490445144713,-29.659066815538267],[31.067946336622239,-29.659642791646341],[31.068363993086667,-29.65972431498453],[31.068882124393898,-29.65961290325534],[31.068997927438129,-29.66041893776022],[31.069194597498477,-29.66254947413773],[31.070239912840265,-29.663279703092165],[31.070338417010731,-29.66396461222427],[31.069293185908361,-29.66533108244932],[31.067997982975328,-29.665510079405454],[31.067063881118003,-29.665976305946106],[31.066518432494469,-29.667337792737559],[31.065712019620598,-29.66818320733914],[31.065565969298259,-29.668681702216997],[31.064111668058441,-29.667594791934818],[31.062175862220087,-29.668102155015056],[31.061303880325426,-29.66804139123262],[31.060581548339162,-29.668273477239676],[31.06069578829041,-29.669506468783847],[31.05989757324723,-29.669716774592263],[31.059330792343744,-29.670827727801125],[31.058745942398531,-29.67054309187164],[31.057366100083136,-29.670640485611209],[31.057262178444322,-29.672131010874104],[31.05352447548433,-29.672132549618507],[31.052568951379484,-29.671305510684778],[31.051923198396668,-29.669921345886635],[31.051015610426997,-29.669587528097342],[31.050020321247747,-29.668757255646039],[31.049702979024929,-29.668155868480454],[31.049123385671397,-29.667812366502528],[31.04899194539119,-29.66729683803738],[31.048745900296836,-29.666875616256302],[31.048626070144344,-29.666424864478536],[31.048683961553259,-29.666081943115355],[31.048074053074764,-29.665656292003462],[31.048262516266593,-29.66520901241298],[31.048477248961809,-29.6647988785551],[31.049465955826157,-29.663790154722083],[31.049737181585225,-29.662665275690593],[31.049684473694029,-29.661992443135841],[31.049520121046072,-29.661228686005249],[31.048951250262849,-29.660369601224833],[31.048522300745372,-29.659919176031529],[31.049067271199426,-29.659724202026464],[31.049507382148185,-29.659492098347904],[31.049522682726153,-29.659490117052567],[31.049801773975638,-29.659515637336298],[31.050334715682354,-29.659564368200691],[31.051012758250312,-29.659732762332716],[31.051487567908666,-29.660049268672722],[31.052621712666134,-29.660013019324186],[31.05406439854881,-29.659547151632147],[31.055497177608288,-29.658084452508582],[31.055896700627585,-29.65752676073318],[31.057401446919087,-29.654333369362583],[31.057667420120001,-29.654540656658192],[31.058413077677908,-29.65461439740821],[31.059194688940174,-29.655058448366972],[31.06065936235186,-29.655372005918263],[31.061405027157647,-29.655445730722576],[31.061527989356719,-29.655701071505057],[31.061706955502306,-29.656689374073807],[31.062099541232783,-29.658022472415219],[31.062737407761151,-29.65845385191469],[31.064021277479839,-29.658601379597837],[31.064645308883815,-29.659023285815451]]]}},
{"type":"Feature","properties":{"sde_LDR_Mi":0.0,"CatchNames":"Cornubia 2","MAJ_CAT":"Ohlanga River","Shape_STAr":753768.63283300004,"Shape_STLe":4547.8901309100002},"geometry":{"type":"Polygon","coordinates":[[[31.052741285024748,-29.678033336747571],[31.05290540250428,-29.679749124485312],[31.052080922732252,-29.67963117824856],[31.051009869089974,-29.679769885382065],[31.049492817261587,-29.680759459099967],[31.049050822591958,-29.680917675393253],[31.048870194342349,-29.681485091170174],[31.048635922737951,-29.682005885540015],[31.048455374089329,-29.682754633244279],[31.048156794454368,-29.683187401893786],[31.046715436015877,-29.683085066737124],[31.046217949029344,-29.683125818931021],[31.045840709645141,-29.683104467647439],[31.045668528519759,-29.68317613486877],[31.045420315930524,-29.683420870294057],[31.045041355030129,-29.683571385707605],[31.044327611756362,-29.68298016217441],[31.044049224356296,-29.682881177457272],[31.043242581850659,-29.682302613662337],[31.043050744305113,-29.681150984296941],[31.043228120208735,-29.680446783260354],[31.043381544604351,-29.680035100052002],[31.04275438964223,-29.679533464341876],[31.042251390736102,-29.679428600892408],[31.041071783417845,-29.679474593404432],[31.041787221841762,-29.678748968488769],[31.04201019744421,-29.678581102830144],[31.042106235476687,-29.678483642609692],[31.042406054019061,-29.678020213985526],[31.04263667567049,-29.677858840245936],[31.04350788653457,-29.67690798500692],[31.043807907400634,-29.676460250350988],[31.04491997795423,-29.675681976225714],[31.045424204155651,-29.67495640362133],[31.051980066493051,-29.675115240967948],[31.052580450905577,-29.675860437811796],[31.053050503064132,-29.675900326340624],[31.053153663021419,-29.676170167844475],[31.053284357073117,-29.676678135276955],[31.053478218268271,-29.67690949876231],[31.053431294242635,-29.677851555287241],[31.052741285024748,-29.678033336747571]]]}},
{"type":"Feature","properties":{"sde_LDR_Mi":0.0,"CatchNames":"Avoca 3","MAJ_CAT":"Umhlangane River","Shape_STAr":2248381.58666,"Shape_STLe":7623.4825010499999},"geometry":{"type":"Polygon","coordinates":[[[31.002875096145583,-29.759233139922252],[31.002851663668178,-29.759393815185387],[31.002822829311491,-29.759522290608757],[31.002768120978622,-29.75967027946086],[31.002768125833196,-29.759846909932389],[31.002718891247877,-29.760096341814108],[31.002718897369391,-29.760323097133718],[31.002807815292496,-29.760666211863832],[31.002862704083917,-29.760878014444945],[31.002945298808129,-29.761074036516469],[31.002605898657805,-29.761865779687284],[31.002114051854814,-29.762524773802376],[31.001917397412345,-29.763193116285958],[31.000909313558768,-29.763695116865449],[31.00069699003307,-29.764189907104882],[30.999827562530573,-29.765063399339244],[30.999742657776572,-29.765351981378277],[30.999031765469773,-29.76583071527412],[30.998374909199146,-29.767230601263972],[30.997546749032825,-29.7677883532048],[30.997365683004258,-29.767992946012185],[30.996748976945621,-29.768408257544284],[30.996428130078158,-29.76941338549095],[30.996389914070253,-29.769533095518675],[30.995857033347679,-29.770303649127008],[30.995494861163422,-29.771075660658667],[30.995260214720254,-29.771415023466862],[30.99516961167333,-29.771698643974172],[30.994701182980371,-29.771509323955765],[30.994178305679547,-29.771004316323403],[30.993732728644282,-29.770377893751153],[30.993247757164841,-29.76969607715186],[30.992780747322925,-29.768745209230662],[30.992321220465573,-29.767441938547645],[30.991976526921846,-29.767169811998162],[30.991500485641026,-29.767255710506372],[30.99086027800379,-29.767513452533379],[30.990645197143245,-29.767600041223435],[30.989694457879406,-29.7669940054855],[30.989465695566999,-29.766520193145684],[30.989234826759024,-29.76635887334708],[30.989050002683367,-29.765960751795017],[30.989556839265941,-29.764014844796392],[30.98902716329539,-29.763820118140721],[30.988634593165408,-29.763618728135839],[30.986450529768121,-29.763341055385624],[30.985516993874477,-29.7638197876223],[30.984778006493478,-29.763900344461835],[30.985112809649852,-29.763242561122428],[30.98625484935874,-29.762845937820689],[30.99017811065729,-29.76025411649092],[30.991201977409411,-29.759577678855734],[30.991950952930296,-29.758406776864224],[30.992541950587011,-29.756917386515937],[30.992689729489346,-29.756101075158718],[30.992772737410579,-29.755462099254508],[30.993747594205399,-29.755268923631441],[30.99427379796558,-29.75424010281062],[30.996098003065541,-29.752923535552771],[30.996625268922884,-29.752839565895087],[30.997456585896863,-29.75283958899729],[30.998195460950406,-29.753645654135099],[30.997860150456539,-29.754787093210243],[30.997868352081937,-29.755016235744481],[30.997881989763627,-29.75539725215469],[30.997769857045903,-29.755789589668659],[30.997942190624016,-29.75599009203297],[30.998155559404438,-29.756104666360613],[30.998354228151605,-29.756211346549286],[30.998450989073611,-29.756577276250386],[30.998688978353215,-29.756784939068545],[30.999391744949374,-29.756990405432187],[30.999632740694796,-29.757035569480447],[30.999805080278954,-29.757150141009582],[30.999952800102765,-29.757529658108048],[31.000149761166476,-29.757744478944669],[31.000447110877303,-29.758068789031739],[31.000717310003726,-29.758262864002809],[31.002144222629614,-29.758723132238718],[31.002875096145583,-29.759233139922252]]]}},
{"type":"Feature","properties":{"sde_LDR_Mi":0.0,"CatchNames":"Red Hill 3","MAJ_CAT":"Umhlangane River","Shape_STAr":673818.92967099999,"Shape_STLe":3277.5953691499999},"geometry":{"type":"Polygon","coordinates":[[[31.026638294840211,-29.733514281520712],[31.026975722828432,-29.733430043798631],[31.026623910634964,-29.734025806367914],[31.026678732352249,-29.734491242261061],[31.02737634952372,-29.73525491008942],[31.027951566693364,-29.735884577496645],[31.028719420466913,-29.73736797350848],[31.029660979448217,-29.738440937853106],[31.030659239056714,-29.738333299612353],[31.031124152385598,-29.738189976749318],[31.031427432340447,-29.738202461801148],[31.031230331772278,-29.73933287465157],[31.030591807644598,-29.740044892705235],[31.030287922934196,-29.740505047226822],[31.029574060873188,-29.740607508132918],[31.027884992897533,-29.740765923520925],[31.027288480794756,-29.74097064858211],[31.026638339875028,-29.741129002970531],[31.026249607153233,-29.741333769764605],[31.02489020194291,-29.741535557737173],[31.024677826478939,-29.741775741441565],[31.024554899592523,-29.741701698990752],[31.024385070302042,-29.741305786763064],[31.023787220187653,-29.740632906997799],[31.022561586546555,-29.74035859814861],[31.022391729156986,-29.739781446035391],[31.022483979393794,-29.739499336176156],[31.023369588196527,-29.739173518985254],[31.023129948693292,-29.73750437067719],[31.022878921459156,-29.73634409684021],[31.023153459159737,-29.735775351480171],[31.023769168823833,-29.735103794960992],[31.025022297253976,-29.73464277892343],[31.026638294840211,-29.733514281520712]]]}},
{"type":"Feature","properties":{"sde_LDR_Mi":0.0,"CatchNames":"Red Hill 5","MAJ_CAT":"Umhlangane River","Shape_STAr":886302.87409900001,"Shape_STLe":4423.9384431},"geometry":{"type":"Polygon","coordinates":[[[31.025407049516737,-29.744066640816424],[31.026553828974709,-29.745459750514001],[31.028560132672389,-29.745726104826147],[31.028472620671714,-29.74667921282655],[31.029121479336201,-29.748022692867231],[31.029170834359583,-29.748557186751547],[31.028932023715118,-29.748930984449331],[31.028835901178098,-29.749391084031956],[31.028310646046933,-29.749476804587676],[31.027906683561365,-29.749668407197987],[31.026128995335355,-29.74987624481669],[31.025387819559409,-29.750600332870029],[31.023433156194379,-29.750480160219752],[31.023340710662353,-29.750379500185574],[31.023176500952353,-29.749229508097873],[31.022486058324503,-29.748404996067237],[31.021879767109457,-29.747534459379455],[31.021677577514133,-29.747115727169948],[31.021323299967424,-29.74659011715525],[31.020722020301157,-29.746410596745534],[31.01985807336461,-29.746853845165266],[31.019599370330457,-29.746571969338774],[31.016667044100565,-29.746411138921026],[31.014495054743431,-29.745769275739892],[31.014120662410985,-29.74558846914103],[31.014048762702362,-29.745249658179247],[31.013875200972027,-29.744931505316472],[31.013868906860857,-29.744583124710783],[31.013339021207603,-29.74387355155239],[31.013228552718914,-29.743599197640108],[31.01336557619598,-29.743686334141056],[31.013540294942498,-29.743676910351091],[31.013786803980327,-29.743663614019134],[31.013921006920551,-29.743701613245801],[31.014120166533758,-29.743758004487699],[31.01439250664712,-29.743835115905263],[31.014911902532123,-29.744134566353591],[31.016062286777327,-29.742962497701711],[31.01646236230313,-29.742404939759304],[31.016685622999258,-29.742237028022078],[31.016882784846896,-29.741106645376572],[31.017197101950387,-29.740870250815338],[31.017710711196735,-29.740593054257172],[31.021021662081559,-29.740366332211639],[31.022074191067784,-29.739867020033756],[31.022391729156986,-29.739781446035391],[31.022561586546555,-29.74035859814861],[31.023787220187653,-29.740632906997799],[31.024385070302049,-29.741305786763064],[31.024554899592523,-29.741701698990752],[31.024677826478939,-29.741775741441565],[31.024774385014986,-29.743142532342663],[31.025205581092003,-29.743672901883006],[31.025407049516737,-29.744066640816424]]]}},
{"type":"Feature","properties":{"sde_LDR_Mi":0.0,"CatchNames":"Red Hill 2","MAJ_CAT":"Umhlangane River","Shape_STAr":1986838.34194,"Shape_STLe":6868.7046538100003},"geometry":{"type":"Polygon","coordinates":[[[31.010439574315512,-29.741160545939078],[31.012334084580118,-29.740600258252861],[31.011798921572286,-29.738909604763027],[31.012376124103568,-29.737135203894486],[31.013595044449584,-29.736093445465972],[31.013666848619184,-29.735771291545031],[31.014249161659336,-29.735110538906842],[31.014624588731497,-29.734754396434724],[31.015229295256521,-29.734377688441715],[31.01588440924241,-29.734349960856903],[31.01740153047826,-29.734012292718095],[31.018014733076793,-29.73363615055009],[31.018468389959612,-29.732967806328521],[31.018593448633013,-29.732139434138602],[31.018819180648435,-29.732700325635044],[31.028468674928984,-29.732290042947142],[31.029119681900937,-29.731802787983188],[31.028831230978451,-29.732707846022763],[31.027794937878348,-29.732796391365568],[31.02728458610202,-29.733352936279893],[31.026638294840211,-29.733514281520712],[31.025022297253976,-29.73464277892343],[31.023769168823833,-29.735103794960992],[31.023153459159737,-29.735775351480171],[31.022878921459156,-29.73634409684021],[31.023129948693292,-29.73750437067719],[31.023369588196527,-29.739173518985254],[31.022483979393794,-29.739499336176181],[31.022391729156986,-29.739781446035373],[31.022074191067784,-29.739867020033756],[31.021021662081559,-29.740366332211611],[31.017710711196735,-29.740593054257172],[31.017197101950387,-29.740870250815338],[31.017098329380907,-29.74054360484002],[31.016158189013378,-29.740705829504293],[31.015223065219985,-29.74054472603698],[31.014807521217715,-29.740616399138133],[31.014115226012986,-29.740497120442601],[31.013387221156322,-29.740900634715821],[31.011921538738928,-29.741157150044693],[31.011588061836342,-29.741191094987347],[31.010931041138971,-29.741173619870757],[31.010439574315512,-29.741160545939078]]]}},
{"type":"Feature","properties":{"sde_LDR_Mi":0.0,"CatchNames":"Red Hill 4","MAJ_CAT":"Umhlangane River","Shape_STAr":268330.88903800002,"Shape_STLe":2497.2885999599998},"geometry":{"type":"Polygon","coordinates":[[[31.01439250664712,-29.743835115905263],[31.014120166533758,-29.743758004487706],[31.013921006920551,-29.743701613245801],[31.013786803980327,-29.743663614019134],[31.013540294942498,-29.743676910351102],[31.01336557619598,-29.743686334141056],[31.013228552718914,-29.743599197640108],[31.012867971916343,-29.742703666401408],[31.012495856781857,-29.741970443788034],[31.011232799753735,-29.742080747994574],[31.010532458763624,-29.741531728982313],[31.011080727074834,-29.741335928034598],[31.011171167504958,-29.741233529858107],[31.011921538738928,-29.741157150044685],[31.013387221156322,-29.740900634715821],[31.014115226012986,-29.740497120442601],[31.014807521217715,-29.740616399138133],[31.015223065219985,-29.74054472603698],[31.016158189013378,-29.740705829504293],[31.017098329380907,-29.74054360484002],[31.017197101950387,-29.740870250815338],[31.016882784846896,-29.741106645376572],[31.016685622999258,-29.742237028022078],[31.01646236230313,-29.742404939759304],[31.016062286777327,-29.742962497701711],[31.014911902532123,-29.744134566353591],[31.01439250664712,-29.743835115905263]]]}},
{"type":"Feature","properties":{"sde_LDR_Mi":0.0,"CatchNames":"Red Hill 6","MAJ_CAT":"Umhlangane River","Shape_STAr":1007804.83069,"Shape_STLe":4933.0272301000005},"geometry":{"type":"Polygon","coordinates":[[[31.019599370330457,-29.746571969338774],[31.01985807336461,-29.746853845165266],[31.020722020301157,-29.746410596745495],[31.021323299967424,-29.74659011715525],[31.021677577514133,-29.747115727169948],[31.021879767109457,-29.747534459379455],[31.022486058324503,-29.748404996067237],[31.023176500952353,-29.749229508097873],[31.023340710662353,-29.750379500185574],[31.023433156194379,-29.750480160219752],[31.023340754206277,-29.750580852923164],[31.022860890345513,-29.750757472629843],[31.021863260775621,-29.751286456921619],[31.021262891660662,-29.751669230109762],[31.020077830174653,-29.752297554005985],[31.019900833831343,-29.752838129471026],[31.019165790820207,-29.752922131924958],[31.018405754125464,-29.753165807858778],[31.017407053685318,-29.753095933820365],[31.016749332707963,-29.753142113244536],[31.015633665929897,-29.752784734113099],[31.015232584237591,-29.752378643805404],[31.014178042340216,-29.752210974008943],[31.012651873064438,-29.751070834884612],[31.011440452644329,-29.751155915381709],[31.010756671872073,-29.751025790267196],[31.010956050473563,-29.750573090190265],[31.011825828473409,-29.750455244383765],[31.013201718124684,-29.749974933468774],[31.012972212675365,-29.749499068581002],[31.013025251946818,-29.749128470172959],[31.01320896888236,-29.748598187203125],[31.013555942109154,-29.747831340516438],[31.013980528514278,-29.746672979396251],[31.014081198388013,-29.745875652451865],[31.014168635963838,-29.745814532256354],[31.014120662410985,-29.74558846914103],[31.014495054743431,-29.745769275739892],[31.016667044100565,-29.746411138921026],[31.019599370330457,-29.746571969338774]]]}},
{"type":"Feature","properties":{"sde_LDR_Mi":0.0,"CatchNames":"Avoca 1","MAJ_CAT":"Umhlangane River","Shape_STAr":1023344.62499,"Shape_STLe":5301.1642602600004},"geometry":{"type":"Polygon","coordinates":[[[31.010756671872073,-29.751025790267196],[31.011440452644329,-29.751155915381709],[31.012651873064438,-29.751070834884612],[31.014178042340216,-29.752210974008943],[31.015232584237591,-29.752378643805404],[31.015633665929897,-29.752784734113099],[31.016749332707963,-29.753142113244536],[31.017407053685318,-29.753095933820365],[31.018405754125464,-29.753165807858778],[31.019165790820207,-29.752922131924958],[31.019900833831343,-29.752838129471026],[31.020002783452046,-29.753474648914541],[31.020626290834969,-29.753997152058041],[31.016484487318468,-29.756893991825919],[31.019794768359709,-29.758254070385131],[31.019658124188719,-29.758946291357212],[31.017852536554724,-29.758445298624274],[31.015746109367669,-29.7583023521751],[31.014569872652974,-29.758755997688098],[31.014279570440941,-29.759036755597212],[31.013776882699322,-29.758545986777591],[31.012627686284851,-29.758312808924401],[31.012114181674363,-29.758556337263599],[31.011686898684616,-29.758727515763542],[31.01114881240435,-29.759253136809772],[31.009061474547405,-29.759375591566414],[31.00878239419135,-29.759452351676472],[31.00837548117417,-29.759574706603313],[31.008160067667841,-29.75978059004245],[31.007777089103048,-29.759899958021837],[31.007151336352109,-29.760219240954779],[31.006805970607875,-29.760347554944357],[31.005735001274001,-29.760956463588688],[31.005417671255163,-29.76107582185498],[31.005104771628496,-29.761116195820133],[31.00473377118777,-29.761405239980988],[31.004427386512205,-29.76164394035213],[31.003880263676372,-29.761973349389613],[31.003601226717382,-29.762059285588169],[31.003338599789668,-29.762035423502414],[31.003026727452649,-29.761906538542377],[31.002780514636832,-29.76186357979153],[31.002605898657805,-29.761865779687284],[31.002945298808129,-29.761074036516469],[31.002862704083917,-29.760878014444945],[31.002807815292496,-29.760666211863832],[31.002718897369391,-29.760323097133718],[31.002718891247877,-29.760096341814108],[31.002768125833196,-29.759846909932389],[31.002768120978622,-29.75967027946086],[31.002822829311491,-29.759522290608757],[31.002851663668178,-29.759393815185387],[31.002875096145583,-29.759233139922252],[31.002886989529756,-29.759073373301643],[31.003040176939102,-29.758853775203317],[31.003301169130388,-29.758639524905501],[31.003654046730468,-29.758245677337701],[31.004244928635583,-29.758138249250997],[31.004883076763889,-29.758022224481095],[31.005631848898773,-29.757780162644501],[31.007067977322716,-29.757106988171692],[31.007732687355048,-29.756720273307341],[31.008331722305734,-29.756125898974616],[31.008676382764705,-29.755939698652529],[31.00899640630271,-29.755574481625352],[31.008889649266138,-29.754758169072044],[31.008853855101496,-29.754484467704351],[31.008695268807013,-29.753864073132483],[31.008771054347186,-29.752738621126973],[31.00906874513765,-29.752062729503535],[31.010456537049699,-29.751851904837448],[31.010548831746558,-29.751569894011602],[31.010756671872073,-29.751025790267196]]]}},
{"type":"Feature","properties":{"sde_LDR_Mi":0.0,"CatchNames":"Avoca 4","MAJ_CAT":"Umhlangane River","Shape_STAr":2271027.2640200001,"Shape_STLe":6799.6687171200001},"geometry":{"type":"Polygon","coordinates":[[[31.002605898657805,-29.761865779687284],[31.002780514636832,-29.76186357979153],[31.003026727452649,-29.761906538542377],[31.003338599789668,-29.762035423502414],[31.003601226717382,-29.762059285588169],[31.003880263676372,-29.761973349389667],[31.004427386512205,-29.761643940352137],[31.004733771187755,-29.761405239981002],[31.005104771628496,-29.761116195820133],[31.005417671255163,-29.76107582185502],[31.005735001274001,-29.760956463588688],[31.006805970607875,-29.760347554944357],[31.007151336352109,-29.760219240954779],[31.007777089103048,-29.759899958021837],[31.008160067667834,-29.759780590042507],[31.008375481174163,-29.75957470660337],[31.00878239419135,-29.759452351676472],[31.009061474547405,-29.759375591566414],[31.01114881240435,-29.759253136809772],[31.011686898684616,-29.758727515763542],[31.012114181674363,-29.758556337263599],[31.012627686284851,-29.758312808924401],[31.013776882699322,-29.758545986777591],[31.014519726525396,-29.759271215111486],[31.012045820432821,-29.76108027674432],[31.012001858959074,-29.761973170630668],[31.011761445359937,-29.762226013159747],[31.010908006229837,-29.763123559627893],[31.009901442327891,-29.764956775464629],[31.009879664853067,-29.76606429691644],[31.00858852633263,-29.767916618065993],[31.00545880106586,-29.76948258739429],[31.004933510069506,-29.769482608030167],[31.004101816440048,-29.769902729899712],[31.003629849003378,-29.770639003626957],[31.003248331454049,-29.770522347195485],[31.003133687733378,-29.770453540782604],[31.002864460548516,-29.770379179675473],[31.00266719706952,-29.770346325463908],[31.00237275243077,-29.770279016725173],[31.002110007255801,-29.770481647134872],[31.001984742451988,-29.770507678274264],[31.001850472887071,-29.770634107635377],[31.001415716837844,-29.770985534707055],[31.001117333232575,-29.771266486548761],[31.000650837674026,-29.771292515255659],[31.00058997652707,-29.771320611521435],[31.00046471132028,-29.771346641217988],[31.00037387392646,-29.77138857437717],[31.000325702054802,-29.77157719483851],[31.00031207742683,-29.770276816591686],[31.000228945415291,-29.770239299817355],[31.00007757921562,-29.770410382020557],[30.999852563735736,-29.770465045718279],[30.999750511757608,-29.770451887977021],[30.999634333394631,-29.770527028946599],[30.999471065905045,-29.770505978058004],[30.999442702884181,-29.770538037890937],[30.999244617373119,-29.770470108209754],[30.999043109000397,-29.770339765139052],[30.998725264894592,-29.770228069552076],[30.998637126800443,-29.770181681971248],[30.997547404777944,-29.770158072807344],[30.996993057189858,-29.769694493834475],[30.996722833472358,-29.769654435477761],[30.996428130078158,-29.76941338549095],[30.996748976945621,-29.768408257544284],[30.997365683004258,-29.767992946012185],[30.997546749032825,-29.7677883532048],[30.998374909199146,-29.767230601263972],[30.999031765469773,-29.76583071527412],[30.999742657776572,-29.765351981378277],[30.999827562530573,-29.765063399339244],[31.00069699003307,-29.764189907104882],[31.000909313558768,-29.763695116865449],[31.001917397412345,-29.763193116285958],[31.002114051854814,-29.762524773802376],[31.002605898657805,-29.761865779687284]]]}},
{"type":"Feature","properties":{"sde_LDR_Mi":0.0,"CatchNames":"Avoca 5","MAJ_CAT":"Umhlangane River","Shape_STAr":245157.85532500001,"Shape_STLe":2615.1010421400001},"geometry":{"type":"Polygon","coordinates":[[[30.991928735024548,-29.77267922619313],[30.994045447180547,-29.772531240959268],[30.994606979959407,-29.771653933349143],[30.99516961167333,-29.771698643974172],[30.995260214720254,-29.771415023466862],[30.995494861163422,-29.771075660658674],[30.995857033347679,-29.770303649127008],[30.996389914070253,-29.769533095518675],[30.996428130078151,-29.76941338549095],[30.996722833472358,-29.769654435477761],[30.996993057189858,-29.769694493834475],[30.997547404777929,-29.770158072807344],[30.998637126800435,-29.770181681971263],[30.998725264894592,-29.7702280695521],[30.999043109000397,-29.770339765139052],[30.999244617373119,-29.770470108209754],[30.999442702884163,-29.770538037890969],[30.999471065905016,-29.770505978058004],[30.999634333394631,-29.770527028946621],[30.999750511757608,-29.770451887977021],[30.999852563735736,-29.770465045718279],[31.00007757921562,-29.770410382020557],[31.000228945415291,-29.770239299817355],[31.00031207742683,-29.770276816591686],[31.000325702054802,-29.77157719483851],[31.000179696594344,-29.77172503550101],[30.999998107673662,-29.771699885103388],[30.999750678585084,-29.771564682442495],[30.999592236717248,-29.771456426284637],[30.998431219369973,-29.771481817118413],[30.998331184425197,-29.771941403999833],[30.998319856308058,-29.772064320148456],[30.998326086439718,-29.772131978269879],[30.998323563905167,-29.772159360628756],[30.998360408323837,-29.772366636574723],[30.998349269462665,-29.772487479622754],[30.998385709296276,-29.772593063707276],[30.99844774692394,-29.772740458255857],[30.998414006113219,-29.772948782499949],[30.998201854323472,-29.77310726077555],[30.998028348682926,-29.77314164483586],[30.997982396144636,-29.77321349618186],[30.997953674641799,-29.773269633556694],[30.997920348454898,-29.773321747347772],[30.997891621516896,-29.773486138636759],[30.997805813619692,-29.773591707327849],[30.997745753601556,-29.773765715674141],[30.997628702322213,-29.773928736827248],[30.997053984386724,-29.77440626561593],[30.996795514825831,-29.77443210565826],[30.99657400634624,-29.774553131799802],[30.996402506798496,-29.774676874352011],[30.996228884341374,-29.774704496373044],[30.996120995826143,-29.774837230090402],[30.996072956598304,-29.77493113418528],[30.995954170061822,-29.775097162382373],[30.995854925337156,-29.775291168866612],[30.995786652237548,-29.775342479911878],[30.995697965406677,-29.775553124605722],[30.995159562884592,-29.774898896934317],[30.994153339641368,-29.774507144714065],[30.991843655728978,-29.774418583836681],[30.991773965749896,-29.773391432967493],[30.991635945073448,-29.773149205712706],[30.991758902414496,-29.773075151170683],[30.991928735024548,-29.77267922619313]]]}},
{"type":"Feature","properties":{"sde_LDR_Mi":0.0,"CatchNames":"Avoca 7","MAJ_CAT":"Umhlangane River","Shape_STAr":783231.22892699996,"Shape_STLe":4624.8260905099996},"geometry":{"type":"Polygon","coordinates":[[[30.996108766233576,-29.776052292607517],[30.997208005116686,-29.776313335670803],[30.997983320991935,-29.776497457501822],[30.999329567228614,-29.777468972939502],[31.000713185288735,-29.777328245760373],[31.000561620530451,-29.779013819452071],[30.999297504577047,-29.781133377923908],[30.998837803387019,-29.782723043595336],[30.999262626955883,-29.783649737673464],[30.998953249404412,-29.78427208687939],[30.996605087674119,-29.784063276599817],[30.994233609942338,-29.784445653205665],[30.994035205109011,-29.785035351162254],[30.993921645513701,-29.785117616594018],[30.993094630348597,-29.785127861169119],[30.992799856286425,-29.783903034024938],[30.99221235762375,-29.782416032851412],[30.992270878004181,-29.781734650298816],[30.992698075294957,-29.78032255418514],[30.991972343635783,-29.780278261734068],[30.99098102453544,-29.780312458939619],[30.990874737740736,-29.780361505877483],[30.990817321519447,-29.780467611353131],[30.990735735288734,-29.780571017741991],[30.990693190001508,-29.780765297495741],[30.990124491125886,-29.781286686523149],[30.989942639617524,-29.781361533370983],[30.989885394035998,-29.781359548829318],[30.989824440026187,-29.78138767527329],[30.989648173192716,-29.781436339625419],[30.989373997854486,-29.781400649461766],[30.989359078511747,-29.781386601195628],[30.989355166120632,-29.781300249897459],[30.989279765007861,-29.781239293195146],[30.989205275029711,-29.78116914111218],[30.989173007523938,-29.780840384235859],[30.989263682403742,-29.780690943854598],[30.989190573210081,-29.780324409642727],[30.989235134175448,-29.780250960937718],[30.989265012743541,-29.779979300392732],[30.989297228623034,-29.779899144224121],[30.989327086083989,-29.779784930635959],[30.989236731526496,-29.779635929286236],[30.98920150983945,-29.779538858101137],[30.989140990406309,-29.779439053179836],[30.989111160296357,-29.779356829670725],[30.989078962005763,-29.77930373033292],[30.989049128007473,-29.77924857071703],[30.989016929784203,-29.779195471363238],[30.988958540526397,-29.779034521038604],[30.988768791103382,-29.778843624201727],[30.988685961480616,-29.778731702456405],[30.988459621674814,-29.778548709204863],[30.988418828939796,-29.778436263202678],[30.988299355212163,-29.778284761532269],[30.988305729280636,-29.778144799263945],[30.988269178284853,-29.777930774594349],[30.988308516283293,-29.777832910451718],[30.988272549880119,-29.777652596638049],[30.988274586100552,-29.777607875502099],[30.988459941578267,-29.777409238150472],[30.988489794556411,-29.777327020572809],[30.988556450109964,-29.777185506427521],[30.988551829912879,-29.777083512947108],[30.988615113282766,-29.777003304565266],[30.988646853381898,-29.776800896245625],[30.988640269062003,-29.776655527249694],[30.98877029486199,-29.776516180817403],[30.988810689198129,-29.776441532025114],[30.988698570141811,-29.776350880910126],[30.988713262673837,-29.776028520185481],[30.988706520481266,-29.775879670741904],[30.98872156228121,-29.775549530047048],[30.988585165933269,-29.775439255405875],[30.988520321584105,-29.77526049166584],[30.988522319289437,-29.77521660136907],[30.988518643038883,-29.775135411076857],[30.988524196562174,-29.7750136265973],[30.988519839512403,-29.774917573637033],[30.988584398515091,-29.774811173787356],[30.988680076984252,-29.774596837507836],[30.988675667218015,-29.77449942593292],[30.9886804534089,-29.774394392137179],[30.988739556104758,-29.774296972450099],[30.988769411984205,-29.774187690840797],[30.988832647853428,-29.774107538247435],[30.988862495740523,-29.774050376330724],[30.988718368908149,-29.773991019230362],[30.988523603700333,-29.773937205693869],[30.988472288093817,-29.773516025108382],[30.989254458147588,-29.773616928475803],[30.989855708093224,-29.773228082577226],[30.99163594507344,-29.773149205712681],[30.991773965749896,-29.773391432967482],[30.991843655728978,-29.774418583836681],[30.994153339641368,-29.774507144714065],[30.995159562884599,-29.774898896934296],[30.995697965406677,-29.775553124605722],[30.996108766233576,-29.776052292607517]]]}},
{"type":"Feature","properties":{"sde_LDR_Mi":0.0,"CatchNames":"Avoca 8","MAJ_CAT":"Umhlangane River","Shape_STAr":397058.09103700001,"Shape_STLe":2798.6871279000002},"geometry":{"type":"Polygon","coordinates":[[[30.999262626955883,-29.783649737673464],[30.998837803387019,-29.782723043595336],[30.999297504577047,-29.781133377923908],[31.000561620530451,-29.779013819452071],[31.000713185288735,-29.777328245760373],[31.001497701219044,-29.777864184669379],[31.002252551743172,-29.778598482359186],[31.002580908183806,-29.779371829146669],[31.002860028191837,-29.780488888383093],[31.002642539760618,-29.782412490363075],[31.002123490996969,-29.782479945411971],[31.0006874564152,-29.783222007559608],[30.999373665246104,-29.78342636731692],[30.999262626955883,-29.783649737673464]]]}},
{"type":"Feature","properties":{"sde_LDR_Mi":0.0,"CatchNames":"Ottawa 4","MAJ_CAT":"Ohlanga River","Shape_STAr":644229.40767800005,"Shape_STLe":3610.68325194},"geometry":{"type":"Polygon","coordinates":[[[31.029390525436813,-29.672463980630507],[31.029459347024581,-29.672713389442574],[31.029317215001701,-29.672703873561378],[31.029025995081195,-29.672661611734821],[31.028722946582842,-29.67272307863572],[31.028585889358201,-29.672715090005706],[31.028512272837013,-29.672663217969195],[31.02846701097732,-29.67263132528727],[31.028447350422447,-29.672537026508149],[31.028349159840722,-29.672459890710339],[31.0281330688188,-29.672031287141515],[31.02785814198678,-29.671834166112106],[31.02747519499697,-29.671499898510696],[31.027288067035773,-29.671294557611699],[31.027131505458566,-29.671122757236478],[31.027080922719062,-29.670885515168088],[31.027128525859759,-29.670604450304893],[31.027146415962793,-29.670498820742882],[31.027185737205343,-29.670023743962478],[31.027258288466083,-29.669799429609249],[31.027246573377713,-29.669660057667194],[31.02722538484247,-29.669407981129329],[31.027029664888822,-29.669191549629275],[31.026273579963199,-29.669078933503528],[31.025919509736244,-29.668971264131653],[31.025895573382535,-29.668963985272764],[31.025670236510251,-29.668617620992922],[31.025569877513988,-29.668463358743207],[31.025569972040621,-29.668269398368437],[31.025504856159774,-29.668122813186962],[31.025586651256603,-29.668003067929686],[31.02570053520834,-29.667836345113532],[31.025690993658721,-29.667778428462778],[31.025674526679147,-29.667678474696466],[31.025492258105519,-29.667450886010265],[31.025492124405986,-29.667450719066583],[31.025309656633482,-29.667358285020565],[31.025123034382414,-29.667219587681636],[31.025068327978168,-29.667042965156082],[31.025077768292217,-29.667006555773469],[31.025161165239087,-29.66668490943454],[31.025188439979136,-29.666460533417698],[31.025141194657014,-29.666338190300117],[31.024244165815709,-29.666338355088236],[31.024244124397853,-29.666157024715766],[31.02456377533602,-29.665933330258117],[31.024754339768904,-29.663660359015282],[31.025189342017569,-29.663356081537323],[31.025466133914268,-29.662781910984894],[31.026284739427282,-29.661565046420233],[31.026153122508479,-29.660642634097396],[31.026393400570281,-29.66001370095557],[31.026778624299883,-29.659566073537963],[31.027438457304836,-29.658957270343336],[31.028337849653735,-29.658416905212551],[31.028783009514129,-29.656179619456005],[31.028486354290781,-29.655739073999005],[31.02839394064825,-29.655457084438524],[31.029231110111837,-29.655965990424846],[31.030504396695228,-29.657309720319901],[31.030856496742228,-29.658330143693263],[31.032429037628997,-29.659895270600749],[31.033282516366601,-29.661161402008496],[31.033509970194565,-29.661820540296421],[31.034641819707172,-29.662671792347137],[31.034816293349003,-29.664560371238505],[31.034592467853326,-29.664806318357904],[31.034481014643916,-29.664968658791331],[31.03412038677299,-29.665381038473821],[31.033011979015086,-29.666764646099981],[31.032782069158323,-29.667051632951946],[31.032490636975865,-29.668190391898367],[31.031658305398807,-29.668836653638294],[31.03122112294627,-29.669236568251524],[31.030826916655183,-29.669597166260242],[31.0302676273039,-29.670246679878375],[31.029385399093936,-29.671570752787979],[31.029153559673482,-29.672012066543179],[31.029341244486243,-29.672212288630654],[31.029369410176923,-29.672371899780767],[31.029390525436813,-29.672463980630507]]]}},
{"type":"Feature","properties":{"sde_LDR_Mi":0.0,"CatchNames":"Verulam 1","MAJ_CAT":"Ohlanga River","Shape_STAr":1188398.3844699999,"Shape_STLe":5759.4803087600003},"geometry":{"type":"Polygon","coordinates":[[[31.008782912647924,-29.668251096913764],[31.008671357067865,-29.66833500198058],[31.008576314302285,-29.666927042265208],[31.007891315072037,-29.666447954355167],[31.006894696733358,-29.66625972672044],[31.006710083349308,-29.665877048676016],[31.006306366931369,-29.665277234454241],[31.006025460126672,-29.664419673932137],[31.005336961831507,-29.663596497897554],[31.003895387344787,-29.663439114584129],[31.003687761064551,-29.663257789153214],[31.003589733036954,-29.663161984826523],[31.003430391099407,-29.660827870428385],[31.001294022047716,-29.66063339128247],[31.00068284575563,-29.659353890372518],[31.000463561007013,-29.659001335101834],[31.000267621903333,-29.658084492897824],[30.99963302141618,-29.657369273316377],[30.999276787640259,-29.656691312907373],[30.999910558643261,-29.655672717705624],[30.999825869590392,-29.654432098257125],[30.998699237983168,-29.653980472509424],[30.996836112643525,-29.652558563772807],[30.996928367746897,-29.651913902070337],[30.997366630330376,-29.651389954031927],[30.997643663136046,-29.650815841414918],[30.998796824930057,-29.649556301435538],[30.99891231384483,-29.648750425306215],[30.999189614269284,-29.64887086406214],[30.999950264438272,-29.648931855348433],[31.000275073269979,-29.649373452935468],[31.000455913045474,-29.649759477053649],[31.001158919804542,-29.650233476635506],[31.001701561429524,-29.650847558321832],[31.002847884385332,-29.651017689145473],[31.003985347094517,-29.651754260764221],[31.00505008883567,-29.651912195055687],[31.005652465908934,-29.652593828078434],[31.007294627838714,-29.65359106656156],[31.008047328686484,-29.654553155071259],[31.008143712730622,-29.657552037733442],[31.008511875621171,-29.658128301512733],[31.008826160953362,-29.65839561430921],[31.008644009429275,-29.659562880373265],[31.008745360615357,-29.660523492147366],[31.008351613623155,-29.6611788140385],[31.008755919963157,-29.661482991712422],[31.008892034612884,-29.662647852466897],[31.009066845035672,-29.664143829334837],[31.010236148284314,-29.665336017540618],[31.01053993639648,-29.666340164974486],[31.009056793601545,-29.667456207104234],[31.008782912647924,-29.668251096913764]]]}},
{"type":"Feature","properties":{"sde_LDR_Mi":0.0,"CatchNames":"Ottawa 1","MAJ_CAT":"Ohlanga River","Shape_STAr":1104128.1351900001,"Shape_STLe":5308.1683578399998},"geometry":{"type":"Polygon","coordinates":[[[31.03180628212812,-29.675390820344639],[31.031406058708509,-29.674746600167342],[31.031318544899019,-29.674593857139435],[31.031225458527686,-29.67430577112734],[31.031056107664618,-29.673965253145546],[31.030847599363145,-29.673737511227817],[31.03075641669648,-29.673543571320373],[31.030508780264288,-29.673360945163573],[31.030274272935394,-29.672961800804934],[31.03018303811416,-29.67290543846979],[31.029987487240358,-29.672882929241901],[31.029820164677687,-29.672808786338432],[31.029716291506787,-29.672775392423077],[31.029650687589122,-29.672756312320274],[31.029459347024581,-29.672713389442574],[31.029390525436813,-29.672463980630507],[31.029369410176923,-29.672371899780767],[31.029341244486243,-29.672212288630654],[31.029153559673482,-29.672012066543179],[31.029385399093936,-29.671570752787979],[31.0302676273039,-29.670246679878375],[31.030826916655183,-29.669597166260242],[31.03122112294627,-29.669236568251524],[31.031658305398807,-29.668836653638294],[31.032490636975865,-29.668190391898367],[31.032086005414634,-29.668824326058683],[31.03234349044417,-29.670688799075258],[31.03244166730903,-29.671147150451144],[31.032943673794332,-29.671348208557347],[31.033657302901268,-29.672045386360026],[31.034322526929223,-29.672224567561905],[31.034535879534239,-29.672630113732371],[31.035551621757207,-29.673422199754967],[31.035946200057943,-29.674140845908447],[31.035856272455192,-29.67506528736439],[31.035460213506543,-29.676490831598773],[31.035320992376445,-29.676574492189197],[31.035273934359921,-29.67660277017006],[31.034954525972079,-29.676559770682832],[31.034809612399258,-29.676516097675332],[31.034653824332992,-29.676469147172135],[31.034342205768272,-29.67642148952535],[31.034041516344697,-29.676364280945478],[31.033457251923871,-29.676406251774662],[31.033374593617548,-29.67641218935081],[31.032929806670484,-29.676352191348194],[31.032915369715962,-29.676350243898732],[31.032368574598095,-29.675963697883347],[31.032078777785127,-29.675768040917024],[31.031909272427168,-29.675648735357154],[31.031832701636585,-29.675529408189689],[31.03180628212812,-29.675390820344639]]]}},
{"type":"Feature","properties":{"sde_LDR_Mi":0.0,"CatchNames":"Cornubia 3","MAJ_CAT":"Ohlanga River","Shape_STAr":2711317.2657900001,"Shape_STLe":8501.2395119899993},"geometry":{"type":"Polygon","coordinates":[[[31.048683961553259,-29.666081943115355],[31.048626070144344,-29.666424864478536],[31.048745900296836,-29.666875616256302],[31.04899194539119,-29.66729683803738],[31.049123385671397,-29.667812366502528],[31.049702979024929,-29.668155868480454],[31.050020321247747,-29.668757255646039],[31.051015610426997,-29.669587528097342],[31.051923198396668,-29.669921345886635],[31.052568951379484,-29.671305510684778],[31.05352447548433,-29.672132549618507],[31.053409127815733,-29.672213246085473],[31.0531824038423,-29.672460791037231],[31.053249693188903,-29.672931676306238],[31.052749863736892,-29.673477904938125],[31.052806251115985,-29.673602139933845],[31.05280635963452,-29.673809839719155],[31.052717328950912,-29.674114935318578],[31.05285132789334,-29.674523791540096],[31.052880523662367,-29.674858227367643],[31.052991568688562,-29.675729807476074],[31.052994694822718,-29.675754343934805],[31.053047683732142,-29.675892951628381],[31.053050503064124,-29.675900326340631],[31.052580450905577,-29.67586043781181],[31.051980066493034,-29.675115240967948],[31.045424204155637,-29.674956403621341],[31.044919977954237,-29.675681976225714],[31.043807907400634,-29.676460250350988],[31.04350788653457,-29.67690798500692],[31.04263667567049,-29.677858840245943],[31.042406054019061,-29.678020213985526],[31.042106235476677,-29.678483642609713],[31.04201019744421,-29.678581102830144],[31.041787221841762,-29.678748968488769],[31.041071783417852,-29.67947459340445],[31.040528551943165,-29.678887108671855],[31.040607297002001,-29.678027431600562],[31.038029470879302,-29.677855598255093],[31.037690508800825,-29.676554625808411],[31.037978083098832,-29.676584170753387],[31.038178228706236,-29.676527224029996],[31.038262815603243,-29.676500335583647],[31.038366622529672,-29.676453294835277],[31.0383823149261,-29.676414902249846],[31.038695304363124,-29.676141913495069],[31.038868471897192,-29.675966724136433],[31.039032372251878,-29.675708889129329],[31.039218143535223,-29.675460594833282],[31.039250867543668,-29.675264856803931],[31.039283576581436,-29.675030929187958],[31.039403730467946,-29.674744463560526],[31.039504176021929,-29.674434372915375],[31.039439110982212,-29.674080301471051],[31.039504342038931,-29.673931429093113],[31.039491427177794,-29.673557043838372],[31.039569711634229,-29.673374337102398],[31.039667772032804,-29.673293871281714],[31.040026129271244,-29.672999810909133],[31.040169598481231,-29.672817084101752],[31.040251710945746,-29.672657746872648],[31.040442811386683,-29.672286918986867],[31.040521818972135,-29.672133604928593],[31.040757609322785,-29.671878677616291],[31.041226032207636,-29.671438738016167],[31.041503778040223,-29.671251143986932],[31.041720067437037,-29.671105057740267],[31.042034491506769,-29.670892688195675],[31.042373485530771,-29.670768536217508],[31.042881946860494,-29.670711988620543],[31.043090579539747,-29.670574343842457],[31.043148247222035,-29.670455583284149],[31.043377553516699,-29.669983347934906],[31.043521059764149,-29.669617933024455],[31.043690717109182,-29.668993143479298],[31.043821155417071,-29.668754032833874],[31.043881708493394,-29.668174514362686],[31.043883371941298,-29.668158599066206],[31.043938710994809,-29.667921767580058],[31.043938862442573,-29.667364695453326],[31.044017165077616,-29.667044408738001],[31.043965157049392,-29.666566290682127],[31.044056473428363,-29.666340723972173],[31.044043511824196,-29.666054298857915],[31.044120723273295,-29.66592797279279],[31.044317327341236,-29.665885055287823],[31.044721445958231,-29.665884919557641],[31.045034338548795,-29.665828429518868],[31.045490590708752,-29.665918488283999],[31.045933820179027,-29.665940889069446],[31.046926299817521,-29.665955069773656],[31.047658862388367,-29.66590580470168],[31.047855469170649,-29.665787652346861],[31.048074053074764,-29.665656292003462],[31.048683961553259,-29.666081943115355]]]}},
{"type":"Feature","properties":{"sde_LDR_Mi":0.0,"CatchNames":"Avoca 6","MAJ_CAT":"Umhlangane River","Shape_STAr":350583.81935499999,"Shape_STLe":3528.2575713699998},"geometry":{"type":"Polygon","coordinates":[[[30.999329567228614,-29.777468972939502],[30.997983320991935,-29.776497457501822],[30.997208005116686,-29.776313335670803],[30.996108766233576,-29.776052292607517],[30.995697965406677,-29.775553124605722],[30.995786652237548,-29.775342479911878],[30.995854925337156,-29.775291168866612],[30.995954170061822,-29.775097162382373],[30.996072956598304,-29.774931134185255],[30.996120995826143,-29.774837230090402],[30.996228884341374,-29.774704496373044],[30.996402506798496,-29.774676874352011],[30.99657400634624,-29.774553131799802],[30.996795514825831,-29.77443210565826],[30.997053984386724,-29.77440626561593],[30.997628702322213,-29.773928736827248],[30.997745753601556,-29.773765715674141],[30.997805813619706,-29.773591707327835],[30.997891621516896,-29.773486138636759],[30.997920348454915,-29.773321747347772],[30.997953674641799,-29.773269633556659],[30.997982396144636,-29.77321349618186],[30.998028348682926,-29.77314164483586],[30.998201854323472,-29.77310726077555],[30.998414006113247,-29.772948782499949],[30.99844774692394,-29.772740458255857],[30.998385709296283,-29.772593063707252],[30.998349269462665,-29.772487479622754],[30.998360408323837,-29.772366636574723],[30.999560216964809,-29.772784030651913],[31.000167605506732,-29.773328242986743],[31.00037070199426,-29.773783857276591],[31.000386646181983,-29.774380526930454],[31.000361578681222,-29.775614198873669],[31.000522248302516,-29.776656489950145],[31.000807321531582,-29.776896085867925],[31.000733867475727,-29.777310203035711],[31.000295726346415,-29.777401213477553],[30.99961453799585,-29.777448995493835],[30.999329567228614,-29.777468972939502]]]}},
{"type":"Feature","properties":{"sde_LDR_Mi":0.0,"CatchNames":"Red Hill 1","MAJ_CAT":"Umhlangane River","Shape_STAr":1986838.34194,"Shape_STLe":6868.7046538100003},"geometry":{"type":"Polygon","coordinates":[[[31.018593448633013,-29.732139434138602],[31.018468389959612,-29.732967806328521],[31.018014733076793,-29.73363615055009],[31.01740153047826,-29.734012292718095],[31.01588440924241,-29.734349960856903],[31.015229295256521,-29.734377688441715],[31.014624588731497,-29.734754396434724],[31.014249161659336,-29.735110538906842],[31.013666848619184,-29.735771291545031],[31.013595044449584,-29.736093445465972],[31.012376124103568,-29.737135203894486],[31.011798921572286,-29.738909604763027],[31.012334084580118,-29.740600258252861],[31.010439574315512,-29.741160545939078],[31.009104776389332,-29.740511406315534],[31.008628686630868,-29.739934037665243],[31.008294973506686,-29.737933601426381],[31.008320005142604,-29.736902147099226],[31.008732370519816,-29.735527571472186],[31.008819767569893,-29.734133611842392],[31.009221001470241,-29.733354659446775],[31.009831184567407,-29.732448613246678],[31.010015827254069,-29.730615207498317],[31.0108698923388,-29.730453845252068],[31.012093267889718,-29.729527017078926],[31.012416469502817,-29.729446337906602],[31.012527986131136,-29.72936242955128],[31.012678733748203,-29.728071367050255],[31.013154579453204,-29.727794420196506],[31.014949524135712,-29.729542640838257],[31.015058313105232,-29.730081174858906],[31.016227575775893,-29.73086871658678],[31.015783227433396,-29.731274544771278],[31.01629396602118,-29.731700518897636],[31.016699494177328,-29.731823421282268],[31.017431140504957,-29.732223134085558],[31.018593448633013,-29.732139434138602]]]}},
{"type":"Feature","properties":{"sde_LDR_Mi":0.0,"CatchNames":"Verulam 3","MAJ_CAT":"Ohlanga River","Shape_STAr":1321645.7152199999,"Shape_STLe":5776.3710497700004},"geometry":{"type":"Polygon","coordinates":[[[31.01592365717476,-29.654108859571405],[31.01626380615782,-29.656413151629657],[31.016154795058718,-29.65830361760186],[31.016920333081604,-29.66028945157036],[31.017970104480309,-29.662122478550572],[31.019151052393148,-29.663707236800828],[31.019814591510215,-29.665421153435254],[31.0196526553365,-29.665463307101611],[31.019651009057888,-29.665463735643812],[31.019145286166726,-29.665575470945104],[31.01876661149192,-29.665688919711435],[31.018052249772172,-29.665924638950106],[31.018040448570755,-29.665934769676127],[31.01768387890716,-29.666240864822122],[31.017475102628683,-29.666592727521945],[31.017370658042388,-29.666888193044137],[31.017250071477225,-29.667523210115828],[31.016879083810629,-29.66788591315445],[31.016452179177115,-29.668057099316467],[31.01556337665248,-29.668599563857988],[31.014673707668088,-29.668177457674464],[31.01427771334366,-29.667790481416823],[31.015838946435721,-29.667703080109025],[31.016246325365103,-29.667514757542662],[31.016673950302042,-29.667338430612038],[31.015950844899749,-29.666515133106859],[31.015734638661652,-29.665904704541873],[31.014800392831596,-29.665520199807847],[31.014169372049228,-29.664076482573517],[31.013969631816856,-29.663525565891721],[31.013678003288732,-29.66328959488532],[31.013229509662331,-29.661645931784207],[31.012707495807895,-29.66098353856674],[31.013553782905337,-29.659543015425488],[31.013848395708951,-29.65819446689207],[31.013990284442087,-29.657935326913112],[31.013531062350275,-29.657137007599022],[31.013554854341749,-29.656609161672371],[31.01291976933296,-29.6560952628822],[31.013164301361954,-29.655691530696167],[31.013029930167935,-29.653101928266508],[31.013237509010015,-29.652920573347227],[31.013410825883479,-29.653318967436039],[31.013701876596194,-29.653419189014627],[31.013902736360496,-29.653440650534034],[31.014402814661164,-29.653340345815955],[31.015659336932551,-29.654069342152624],[31.01592365717476,-29.654108859571405]]]}},
{"type":"Feature","properties":{"sde_LDR_Mi":0.0,"CatchNames":"Avoca 2","MAJ_CAT":"Umhlangane River","Shape_STAr":2248381.58666,"Shape_STLe":7623.4825010499999},"geometry":{"type":"Polygon","coordinates":[[[31.003301169130388,-29.758639524905501],[31.003040176939102,-29.758853775203317],[31.002886989529763,-29.75907337330165],[31.002875096145583,-29.75923313992222],[31.002144222629614,-29.758723132238718],[31.000717310003726,-29.758262864002809],[31.000447110877303,-29.758068789031739],[31.000149761166476,-29.757744478944677],[30.999952800102765,-29.757529658108048],[30.999805080278954,-29.757150141009582],[30.999632740694796,-29.757035569480447],[30.999391744949374,-29.756990405432187],[30.998688978353215,-29.756784939068545],[30.998450989073611,-29.756577276250418],[30.998354228151605,-29.756211346549286],[30.998155559404438,-29.756104666360613],[30.997942190624023,-29.755990092032992],[30.997769857045903,-29.755789589668659],[30.997881989763627,-29.75539725215469],[30.997868352081937,-29.755016235744481],[30.997860150456539,-29.754787093210243],[30.998195460950399,-29.753645654135099],[30.997456585896863,-29.75283958899729],[30.997593482638553,-29.752291732824215],[30.99747483623894,-29.751002054166086],[30.999236183758882,-29.749875963529039],[31.000573838217388,-29.7497568863662],[31.000697895926052,-29.74988255127797],[31.001578500387907,-29.749820748404083],[31.003206381188772,-29.748934170555913],[31.005555251157997,-29.748914327228711],[31.005976815197204,-29.748487339435275],[31.006382066552582,-29.748588365889784],[31.007131283588748,-29.74911194181017],[31.00731613703055,-29.749313291727503],[31.007986462828846,-29.749480522214249],[31.009001593408172,-29.750018501695934],[31.009602059837341,-29.750401252196426],[31.010956050473563,-29.750573090190265],[31.010756671872073,-29.751025790267196],[31.010548831746558,-29.751569894011602],[31.010456537049699,-29.751851904837448],[31.00906874513765,-29.752062729503535],[31.008771054347186,-29.752738621126973],[31.008695268807013,-29.753864073132483],[31.008853855101496,-29.754484467704351],[31.008889649266138,-29.754758169072044],[31.00899640630271,-29.755574481625352],[31.008676382764705,-29.755939698652529],[31.008331722305734,-29.756125898974616],[31.007732687355048,-29.756720273307341],[31.007067977322716,-29.757106988171692],[31.005631848898773,-29.757780162644501],[31.004883076763889,-29.758022224481095],[31.004244928635583,-29.758138249250997],[31.003654046730468,-29.758245677337701],[31.003301169130388,-29.758639524905501]]]}},
{"type":"Feature","properties":{"sde_LDR_Mi":0.0,"CAT_NAME":"Bellair Stream","MAJ_CAT":"Umbilo River","Shape_STAr":2695350.1826900002,"Shape_STLe":7697.1486812700005,"CatchNames":"Westridge 2"},"geometry":{"type":"Polygon","coordinates":[[[30.980225209852144,-29.866824289220499],[30.979844066612735,-29.866799624074467],[30.979423429764701,-29.866784283277418],[30.978792460197742,-29.866830011119713],[30.978126423370849,-29.86693683374132],[30.977390340289578,-29.866768674814363],[30.976882141095921,-29.866447792871636],[30.975374961933145,-29.866004519170158],[30.97425337405847,-29.86557657990609],[30.97327190092043,-29.865545833030136],[30.972675980947056,-29.865622090545738],[30.972202698800267,-29.865866406180281],[30.971919350576499,-29.865925143541091],[30.971624332884584,-29.865835731321891],[30.971273868592661,-29.865606516982538],[30.970958476430493,-29.865316205811222],[30.970660607979962,-29.865041173674452],[30.970292631400884,-29.864781401001739],[30.970205099684662,-29.864445311359212],[30.970067583543422,-29.864219470766368],[30.969769062582284,-29.864082433167098],[30.969329113760338,-29.863959055367648],[30.968936308394937,-29.863849398503568],[30.968527769264472,-29.863780813792037],[30.968087780967696,-29.86378070185177],[30.96760062894672,-29.863807982342063],[30.967223495825269,-29.863876350131363],[30.96697204035727,-29.863972158317967],[30.966594863098493,-29.864095324397312],[30.966327682724664,-29.864218520204844],[30.966005483634529,-29.864396485171177],[30.965958296981665,-29.864519739397789],[30.965631256378487,-29.863755851564814],[30.965625772735116,-29.86333256257285],[30.965603301090358,-29.8630143563683],[30.965332469047858,-29.862434855170722],[30.965259909748987,-29.862264807318592],[30.965284890716589,-29.861746218198885],[30.965359507465021,-29.861076385571728],[30.965295429029496,-29.860559333381357],[30.965186355451113,-29.8600391430044],[30.965087353925561,-29.859606949433509],[30.965037877110909,-29.859326028128802],[30.96493886937342,-29.858915441961415],[30.964938980283407,-29.858612925284127],[30.96501348527347,-29.858245603829502],[30.965112763691412,-29.857921504894257],[30.965224537452844,-29.857316498155544],[30.965472593865922,-29.856841173293923],[30.965526354066974,-29.856604573861929],[30.9655119198211,-29.856362326860864],[30.965469555279224,-29.856148190790769],[30.965325540446145,-29.855913326657728],[30.965176163966714,-29.855718478345988],[30.965026876621483,-29.855522892188706],[30.964952556644182,-29.855393227941793],[30.964927845124006,-29.855155566027786],[30.965002263912094,-29.855004343574226],[30.965622219244029,-29.854356317940546],[30.965944578013939,-29.854053908915262],[30.96629170830726,-29.853794718768874],[30.966514908496237,-29.853513899574356],[30.966688547039354,-29.853168226709489],[30.966812636427512,-29.852736108116073],[30.967035923022024,-29.852174367768509],[30.967023723465626,-29.85165575379969],[30.966974272536916,-29.851288407048205],[30.966974324388833,-29.851137152141469],[30.967048754406669,-29.850942701536997],[30.967148022967951,-29.850597002134236],[30.96734639817241,-29.850380976336336],[30.967495168257489,-29.850251368396989],[30.967781628447359,-29.850145894984859],[30.967990923007896,-29.850057088833111],[30.968189230578616,-29.850035530965545],[30.968387532291967,-29.850035581293085],[30.968536257801201,-29.850035618617511],[30.968709771412922,-29.850035662552443],[30.968906727734289,-29.850414736776692],[30.969114734724833,-29.850701209423526],[30.969355555025011,-29.8511356749855],[30.969462305867232,-29.851252656103007],[30.969599173387131,-29.851379191529251],[30.969750423006399,-29.85154844533006],[30.969998129441208,-29.852110312615764],[30.970171473420461,-29.85267216171075],[30.970270552836272,-29.852909872882002],[30.970394429003058,-29.853125982852713],[30.970667016129603,-29.853406953074],[30.970952044628334,-29.853536669689166],[30.97122484205196,-29.853126183568474],[30.971423117037446,-29.853234270852383],[30.971695581286752,-29.853947398642674],[30.971980480752975,-29.854530881166458],[30.972277883332332,-29.854747029637291],[30.972401784955874,-29.854898314041904],[30.97267440120903,-29.85511445642538],[30.972847874757189,-29.85528735913044],[30.973070927789973,-29.855460273528582],[30.973269197862741,-29.855611574054464],[30.973343558494431,-29.855633198466094],[30.973467504891094,-29.855633225235149],[30.973616251104289,-29.855590041697333],[30.973740232417455,-29.855460420966324],[30.973864219039363,-29.855309191639979],[30.973963410311022,-29.855179563980098],[30.974136957177429,-29.855093169588727],[30.974558404916795,-29.854963610520631],[30.974781511133425,-29.854942049352815],[30.97548801895654,-29.854855762016896],[30.975810302731496,-29.854747786274082],[30.976107807898028,-29.854596589203961],[30.976578839496494,-29.854423817481642],[30.976752392819332,-29.854294202681022],[30.977025096207413,-29.854186214322027],[30.977223426794815,-29.854099820169349],[30.977421793148629,-29.853862169055372],[30.977645018879304,-29.853494835762795],[30.977669898540334,-29.853105893571978],[30.977818695886203,-29.852825015559503],[30.978017048840282,-29.852630578670468],[30.978215391642838,-29.85247935754753],[30.978587229416135,-29.852436207709808],[30.978859901983036,-29.852436256155904],[30.979206893794618,-29.852652397924214],[30.979405174086097,-29.852782080817821],[30.979603450497596,-29.852933371896434],[30.979889616216859,-29.853023300763901],[30.980086754893588,-29.85306987449826],[30.980324978208976,-29.853055589022315],[30.98057551696553,-29.853073527599253],[30.981056069305065,-29.853052115636586],[30.981458562546294,-29.853145260481565],[30.981840494978368,-29.85337803283943],[30.982275809176127,-29.853693158078539],[30.982530116265437,-29.854358371223434],[30.982751786290336,-29.85508162012357],[30.983057270254271,-29.855683149315194],[30.983637732357209,-29.855955324961322],[30.983927992503812,-29.855917170796676],[30.984393504467999,-29.855850394462681],[30.984698645511838,-29.855907619426151],[30.984982076473848,-29.855980935883579],[30.985403474161306,-29.856110639408008],[30.985948817069193,-29.856261964210709],[30.986969958398525,-29.856779521077396],[30.986584361224441,-29.857146104632768],[30.986303870825765,-29.857810578468793],[30.986137348639826,-29.858054975834794],[30.986058449425343,-29.85831465818373],[30.986137261032326,-29.858688926528227],[30.98604959229769,-29.858994435683243],[30.985436078068751,-29.859880372679704],[30.985024123768326,-29.860590656696864],[30.984997795412784,-29.860857982221273],[30.985137937061406,-29.861285723670861],[30.985313153828038,-29.86156070972126],[30.985514630470536,-29.862041923227373],[30.983629866301861,-29.862355124491007],[30.983534127108321,-29.862553434100207],[30.983385118793603,-29.862782554088721],[30.983437671460692,-29.862935319792747],[30.983498981013419,-29.863126276340886],[30.98356892118678,-29.864126857056945],[30.983419896722083,-29.86443999451313],[30.983130657002956,-29.864776027801476],[30.982278189375862,-29.865142389533016],[30.981608780473696,-29.86535837069729],[30.981088102958172,-29.865639195182563],[30.9806417621745,-29.866071284916512],[30.980368931263921,-29.866611439429356],[30.980225209852144,-29.866824289220499]]]}},
{"type":"Feature","properties":{"sde_LDR_Mi":0.0,"CAT_NAME":"Umkumbaan River","MAJ_CAT":"Umbilo River","Shape_STAr":2649202.5858800001,"Shape_STLe":7593.7519824600004,"CatchNames":"Wiggins 2"},"geometry":{"type":"Polygon","coordinates":[[[30.964949714935912,-29.865628871764194],[30.964543750475809,-29.86548935690768],[30.964133085638988,-29.865178954187947],[30.963092500732945,-29.865059324368918],[30.962188842835452,-29.864939725636528],[30.961203235627952,-29.864294987436097],[30.960053352806668,-29.863602455007406],[30.959669969282064,-29.863602338442945],[30.959040085933037,-29.863697618931102],[30.958738895017508,-29.863602050722552],[30.958437783807046,-29.863315533012674],[30.958465326419805,-29.862933643987727],[30.958492799675884,-29.862718835166138],[30.958465573529484,-29.862336928875575],[30.958410904118697,-29.862098225573813],[30.958465761327872,-29.861883425354218],[30.958739729649036,-29.861573219319528],[30.958931476168974,-29.861430067435748],[30.958876786568865,-29.861239101513],[30.958520884810785,-29.861024172657189],[30.958110207061829,-29.860833094081475],[30.957589995964991,-29.86064197908393],[30.957179301177835,-29.860498634828637],[30.956878121643008,-29.860403062339682],[30.956522206447048,-29.860235865301185],[30.956193613465995,-29.860211888065791],[30.955289954326467,-29.860211585135986],[30.954276902203127,-29.859900946169866],[30.953674630007075,-29.859542706957388],[30.953127217998176,-29.85899353551271],[30.953017874935846,-29.858587730097916],[30.952908443117078,-29.858372873516245],[30.952497888653312,-29.857966959857059],[30.951950388787704,-29.857632601006365],[30.951649280373339,-29.857417673457864],[30.951512847021508,-29.85655794044715],[30.95156911300592,-29.856564650410604],[30.951878530869759,-29.856596500110662],[30.952242508694933,-29.856723566803769],[30.952460940889864,-29.8567077818584],[30.952661202637671,-29.856628525925778],[30.952879680308737,-29.856517544133474],[30.953043552534776,-29.856406541666992],[30.953280263249187,-29.856232100671903],[30.953505897418864,-29.856112034805484],[30.954003215098538,-29.8559995490535],[30.954261792574528,-29.855808689829317],[30.954338485043557,-29.855760979110251],[30.954448054504734,-29.855673180390802],[30.95450941785618,-29.855614007338474],[30.954625555312266,-29.855533848694716],[30.954736791687427,-29.855439320034701],[30.954864263974606,-29.855312435419826],[30.95495535513329,-29.855137940628062],[30.955046460193234,-29.854931712806227],[30.955082967644024,-29.854677881334752],[30.955155899430761,-29.854408182202281],[30.955228780229127,-29.854249546594321],[30.955338033290456,-29.85415438738772],[30.955520070647484,-29.854106852986831],[30.955847698097351,-29.854106966554514],[30.956138893949184,-29.854170532252887],[30.956526643021455,-29.854147764350596],[30.956923175547935,-29.854050510265747],[30.957319662631601,-29.854058276983448],[30.957523330036945,-29.854186278559627],[30.957765923384702,-29.854537428230749],[30.958041926187118,-29.854557565878739],[30.958171831226576,-29.854284072511273],[30.958277633072928,-29.85409195789563],[30.958477945143251,-29.853869898349949],[30.958823887515297,-29.853600287230943],[30.959297311341071,-29.853156188595072],[30.959588613013334,-29.852965889226322],[30.959770685410628,-29.852823151834865],[30.959934535578807,-29.852728007227384],[30.960007386559688,-29.852616967493649],[30.960007415538524,-29.852474158268478],[30.959861877470196,-29.852299586325561],[30.95977092449645,-29.852172629429138],[30.959752788628922,-29.852013963504273],[30.959807484319896,-29.851791855599657],[30.959825776831622,-29.851569736594463],[30.959825973609107,-29.851093755404037],[30.959853428515796,-29.850776429369397],[30.960072021176618,-29.850332248230313],[30.960417959917081,-29.849919853259394],[30.96080034559926,-29.849491589051929],[30.961182729193812,-29.849095060311743],[30.961601494069843,-29.848698539218379],[30.962038459617606,-29.848302020200205],[30.962639329531065,-29.847699304215965],[30.963021669073882,-29.847350363215547],[30.963308453211731,-29.847254340038898],[30.963531899616598,-29.847185660179697],[30.963729048456319,-29.847151343598181],[30.963926195102488,-29.847122755200981],[30.96416934622798,-29.84707699356068],[30.964514145192314,-29.847207999427141],[30.964823469550073,-29.847430211419152],[30.965096378240879,-29.847700010761912],[30.965351026290335,-29.848144331742262],[30.965605649404672,-29.848667981086713],[30.965751101983482,-29.849128150973417],[30.965823838144424,-29.849318562385189],[30.965823738812297,-29.849604150298511],[30.965878247332736,-29.849873887628476],[30.965951004141957,-29.850127741484521],[30.96599171181801,-29.850339864284894],[30.96606010858714,-29.850413359279958],[30.966333032998367,-29.850667289460194],[30.966605980945872,-29.850857755802128],[30.966824364593663,-29.850937145124604],[30.966974324388833,-29.851137152141469],[30.966974272536916,-29.851288407048205],[30.967023723465626,-29.85165575379969],[30.967035923022024,-29.852174367768509],[30.966812636427512,-29.852736108116073],[30.966688547039354,-29.853168226709489],[30.966514908496237,-29.853513899574356],[30.96629170830726,-29.853794718768874],[30.965944578013939,-29.854053908915262],[30.965622219244029,-29.854356317940546],[30.965002263912094,-29.855004343574226],[30.964927845124006,-29.855155566027786],[30.964952556644182,-29.855393227941793],[30.965026876621483,-29.855522892188706],[30.965176163966714,-29.855718478345988],[30.965318489009341,-29.855901826909868],[30.965469555279224,-29.856148190790769],[30.96551110775922,-29.856348698157408],[30.965526354066974,-29.856604573861929],[30.965472593865922,-29.856841173293923],[30.965224537452844,-29.857316498155544],[30.965112763691412,-29.857921504894257],[30.96501348527347,-29.858245603829527],[30.964938980283407,-29.858612925284127],[30.96493886937342,-29.858915441961415],[30.965037877110909,-29.859326028128802],[30.965087353925561,-29.859606949433509],[30.965186355451113,-29.8600391430044],[30.965296749538513,-29.860565631078778],[30.965359507465021,-29.861076385571728],[30.965284890716589,-29.861746218198885],[30.965259909748987,-29.862264807318592],[30.965395639961283,-29.862551143174301],[30.965603301090358,-29.8630143563683],[30.965625772735116,-29.863332562572868],[30.965631256378487,-29.863755851564814],[30.965958296981665,-29.864519739397789],[30.965659581772496,-29.864930547261235],[30.965392321953892,-29.865259185994042],[30.965093645123179,-29.865546738804206],[30.964949714935912,-29.865628871764194]]]}},
{"type":"Feature","properties":{"sde_LDR_Mi":0.0,"CAT_NAME":"Blinkbonnie Stream","MAJ_CAT":"Umbilo River","Shape_STAr":2498492.55333,"Shape_STLe":7005.6402625199999,"CatchNames":"Wiggins 1"},"geometry":{"type":"Polygon","coordinates":[[[30.970549506406183,-29.840103061470874],[30.970316840003154,-29.840549465909522],[30.970223292346237,-29.840922977256088],[30.970804858443437,-29.841692872225003],[30.970809529382525,-29.842106597117326],[30.970641680547743,-29.84263465451366],[30.970593651364887,-29.84303146064725],[30.970463459235379,-29.843514772349312],[30.970101460124969,-29.844173565835689],[30.970150480823122,-29.845054331007205],[30.970503368849556,-29.846099858080525],[30.970653748870959,-29.846813564747617],[30.970505725938711,-29.847395927206303],[30.970894423923479,-29.847739722204128],[30.971684377073128,-29.847928543156563],[30.97216628241118,-29.847882817774224],[30.972691956203633,-29.847982221159914],[30.972902201676575,-29.848112109991288],[30.972954714242974,-29.848325983964113],[30.972796905992599,-29.848684936205125],[30.972560303232612,-29.84881473276219],[30.972218535326995,-29.849028524488745],[30.972087064009475,-29.849188894148316],[30.971920502294711,-29.849502015621621],[30.971894165488607,-29.849685321300807],[30.97206055321157,-29.849998513371251],[30.972323390198852,-29.850067310446633],[30.972638821717066,-29.850052100241406],[30.972884145810479,-29.850082702722915],[30.973182029056218,-29.850159143249968],[30.973363580790256,-29.850202705258202],[30.973357474674394,-29.850209545493755],[30.973233463743057,-29.850468815120752],[30.97313423465987,-29.850749697254965],[30.973059803937222,-29.85098736918572],[30.973010162293466,-29.851225047036923],[30.9727621520348,-29.851613979603734],[30.972489384856782,-29.851959646247529],[30.972365376502818,-29.852197305599677],[30.972191803181087,-29.852391738326567],[30.972018235212634,-29.852564562334319],[30.971671109683342,-29.852866993585241],[30.971423117037446,-29.853234270852383],[30.97122484205196,-29.853126183568474],[30.970952044628334,-29.853536669689166],[30.970667016129603,-29.853406953073993],[30.970394429003058,-29.853125982852713],[30.970270552836272,-29.852909872882002],[30.970171473420461,-29.85267216171075],[30.969998129441208,-29.852110312615764],[30.969750423006399,-29.85154844533006],[30.969599173387131,-29.851379191529251],[30.969462305867232,-29.851252656103007],[30.969355555025011,-29.8511356749855],[30.969114734724826,-29.850701209423526],[30.968906727734289,-29.850414736776692],[30.968709771412922,-29.850035662552443],[30.968536257801201,-29.850035618617511],[30.968387532291967,-29.850035581293085],[30.968189230578616,-29.850035530965588],[30.967990923007896,-29.8500570888331],[30.967781628447359,-29.850145894984859],[30.967495168257489,-29.850251368396989],[30.96734639817241,-29.850380976336336],[30.967148022967951,-29.850597002134236],[30.967048754406669,-29.850942701536997],[30.966974324388833,-29.851137152141469],[30.966824364593663,-29.850937145124604],[30.966605980945872,-29.850857755802128],[30.966333032998367,-29.850667289460194],[30.96606010858714,-29.850413359279958],[30.96599171181801,-29.850339864284894],[30.965951004141957,-29.850127741484521],[30.965878247332736,-29.849873887628476],[30.965823738812297,-29.849604150298511],[30.965823838144424,-29.849318562385189],[30.965751101983482,-29.849128150973407],[30.965605649404672,-29.848667981086713],[30.965351026290335,-29.848144331742262],[30.965096378240879,-29.847700010761912],[30.964823469550073,-29.847430211419152],[30.964514145192314,-29.847207999427141],[30.96416934622798,-29.84707699356068],[30.964036344208978,-29.846717547669179],[30.963791054614582,-29.846748112097313],[30.963549725294698,-29.846684142136223],[30.96314029245536,-29.846493629538266],[30.963049327867317,-29.846398406893393],[30.962994775144548,-29.846271462284317],[30.962965713705874,-29.846210602387302],[30.962903847117111,-29.846081042317376],[30.96290389700097,-29.845948420816399],[30.962903906795482,-29.845922380884229],[30.962682923520706,-29.845253413489953],[30.96249687470938,-29.844900104446648],[30.962299886230046,-29.844518149592293],[30.961850977714182,-29.844222049123442],[30.961510121347651,-29.843695909183133],[30.961424114616296,-29.843563149677156],[30.961347548813258,-29.843314893045324],[30.961154362653083,-29.843054857155234],[30.962486672183239,-29.842967104542456],[30.9625423140149,-29.842554669543183],[30.962695759449591,-29.842220551432948],[30.963095609617216,-29.841891275944249],[30.963525755664556,-29.841060765202375],[30.963788614873838,-29.840986844603737],[30.964076138125517,-29.840846097867775],[30.964434646439937,-29.840748174149372],[30.964699208971297,-29.840497623899765],[30.96482905906986,-29.840277111855105],[30.964944532330325,-29.840260499115544],[30.965470108211175,-29.840507678496824],[30.9655741651566,-29.840450420807052],[30.965745344604507,-29.840258322365415],[30.966499296378569,-29.839225120751557],[30.966823814266725,-29.838953099551791],[30.967484361147406,-29.838776874160477],[30.969574946889495,-29.837809496600396],[30.969668032560634,-29.837802357399674],[30.970579668355082,-29.8379219070952],[30.971072430254875,-29.838038972555211],[30.971428238749532,-29.838389919855885],[30.97139262058489,-29.838485386933506],[30.970549506406183,-29.840103061470874]]]}},
{"type":"Feature","properties":{"sde_LDR_Mi":0.0,"CAT_NAME":"Westville Stream","MAJ_CAT":"Umbilo River","Shape_STAr":2178903.1099299998,"Shape_STLe":6460.8198011699997,"CatchNames":"Wiggins 3"},"geometry":{"type":"Polygon","coordinates":[[[30.950375788600173,-29.856574070802349],[30.950283085919875,-29.856331302678079],[30.950151730332244,-29.856168946472618],[30.950086235576872,-29.855720191478486],[30.950064429465854,-29.855519686728229],[30.9499112075999,-29.855280942368793],[30.949834642292117,-29.855070869330081],[30.94986761066448,-29.854851290419706],[30.949933461215554,-29.854583986695463],[30.950185565891708,-29.854202183870665],[30.950361041941342,-29.853734424658235],[30.95055840760795,-29.85329531574423],[30.950690065087208,-29.852837087070125],[30.950985233302958,-29.852100849325389],[30.951379830718555,-29.851470862961701],[30.951555185781732,-29.851232240938156],[30.951675787020697,-29.850974503727564],[30.951708750005221,-29.850754924215035],[30.951665009344314,-29.850611696313447],[30.951588420880881,-29.850449361435633],[30.951522812698915,-29.850229745778041],[30.951676214616878,-29.850086590094261],[30.951884382287467,-29.849933906734005],[30.952136385867348,-29.849723954169974],[30.952651261030166,-29.849475905786854],[30.952979985752901,-29.849141862075218],[30.95331970489654,-29.848712346785867],[30.953966212479962,-29.847996513980522],[30.954130611958227,-29.847738789654446],[30.954612758333756,-29.847175655823062],[30.955050899036159,-29.847042141165257],[30.95565339439036,-29.846736825960168],[30.956222988616474,-29.846526971750258],[30.956737800248206,-29.846364834473139],[30.95740587219937,-29.846355504170216],[30.957745510713849,-29.846050094340576],[30.957877133848363,-29.845572763021327],[30.958019659602126,-29.845210004621357],[30.958129408679625,-29.844656286281417],[30.958140475897761,-29.84437941318193],[30.958074853335798,-29.844169348035354],[30.95798730772589,-29.844007013227515],[30.957998323324819,-29.84385425720998],[30.958129874660063,-29.843539232457562],[30.958184696421508,-29.843386490294126],[30.958447618012269,-29.843186076385329],[30.958666653666313,-29.843176597645979],[30.959214229044431,-29.843186315353261],[30.959816566290414,-29.843186499992093],[30.960506523746556,-29.843167613171566],[30.961154362653083,-29.843054857155234],[30.961347548813258,-29.843314893045324],[30.961424114616296,-29.843563149677156],[30.961850977714182,-29.844222049123442],[30.962299886230046,-29.844518149592293],[30.96249687470938,-29.844900104446648],[30.962682923520706,-29.845253413489953],[30.962903906795482,-29.845922380884229],[30.962903847117111,-29.846081042317376],[30.962994775144548,-29.846271462284317],[30.963049327867317,-29.846398406893393],[30.96314029245536,-29.846493629538266],[30.963549725294691,-29.846684142136223],[30.963791054614582,-29.846748112097313],[30.964036344208978,-29.846717547669179],[30.96416934622798,-29.84707699356068],[30.963531899616598,-29.847185660179697],[30.963021669073889,-29.847350363215604],[30.962639329531065,-29.847699304215965],[30.962038459617606,-29.848302020200205],[30.961601494069843,-29.848698539218379],[30.961182729193812,-29.849095060311761],[30.96080034559926,-29.849491589051929],[30.960417959917081,-29.849919853259394],[30.960072021176618,-29.850332248230313],[30.959853428515796,-29.850776429369397],[30.959825973609107,-29.851093755404037],[30.959825776831622,-29.851569736594463],[30.959807484319896,-29.851791855599657],[30.959752788628922,-29.852013963504273],[30.95977092449645,-29.852172629429138],[30.959861877470196,-29.852299586325561],[30.960007415538524,-29.852474158268478],[30.960007386559688,-29.852616967493649],[30.959934535578807,-29.852728007227384],[30.959770685410628,-29.852823151834865],[30.959588613013334,-29.852965889226322],[30.959297311341071,-29.853156188595072],[30.958823887515297,-29.853600287230943],[30.958477945143251,-29.853869898349949],[30.958277633072928,-29.85409195789563],[30.958171831226576,-29.854284072511273],[30.958041926187118,-29.854557565878739],[30.957765923384702,-29.854537428230749],[30.957511160825103,-29.854178630430479],[30.957319662631601,-29.854058276983448],[30.956923175547935,-29.854050510265747],[30.956526643021455,-29.854147764350596],[30.956138893949184,-29.854170532252887],[30.955847698097351,-29.854106966554514],[30.955520070647484,-29.854106852986831],[30.955338033290456,-29.85415438738772],[30.955228780229127,-29.854249546594321],[30.955155899430761,-29.854408182202281],[30.955082967644024,-29.854677881334752],[30.955046460193234,-29.854931712806227],[30.95495535513329,-29.855137940628062],[30.954864263974606,-29.855312435419826],[30.954736791687427,-29.855439320034701],[30.954625555312266,-29.855533848694716],[30.954503382990605,-29.855619826800346],[30.954356288214857,-29.855746713330394],[30.954275462062419,-29.855800185987949],[30.9541430938289,-29.855896302991255],[30.954003215098538,-29.8559995490535],[30.953505897418864,-29.856112034805484],[30.953280263249187,-29.856232100671903],[30.953043552534776,-29.856406541666992],[30.952879680308737,-29.856517544133474],[30.952661202637671,-29.856628525925778],[30.952460940889864,-29.8567077818584],[30.952242508694933,-29.856723566803769],[30.951878530869759,-29.856596500110662],[30.95156911300592,-29.856564650410604],[30.951168693300758,-29.856516898077491],[30.950938414469519,-29.856551715717931],[30.950750037795412,-29.856580208496556],[30.950568608780323,-29.856610258861661],[30.950501359261398,-29.856594843507558],[30.950404953867746,-29.856572744192508],[30.950375788600173,-29.856574070802349]]]}},
{"type":"Feature","properties":{"sde_LDR_Mi":0.0,"CAT_NAME":"Bellair Stream","MAJ_CAT":"Umbilo River","Shape_STAr":3063560.1701400001,"Shape_STLe":9013.0005546699995,"CatchNames":"Westridge 1"},"geometry":{"type":"Polygon","coordinates":[[[30.990234569305862,-29.84917391923732],[30.990337180590728,-29.849434229063988],[30.990262782190708,-29.849736739851171],[30.99021317669834,-29.849996035431111],[30.990129465263436,-29.850266519618589],[30.989890886878289,-29.850428177442758],[30.989905996560456,-29.850669405615758],[30.989835869445329,-29.85098255696813],[30.989669359336265,-29.851303338731618],[30.989353853511808,-29.852006006736524],[30.98918734263184,-29.852303873939857],[30.989047107037063,-29.852693398705092],[30.988854286512456,-29.853182212432916],[30.988643958754224,-29.853502989089403],[30.988363516993275,-29.853953604648222],[30.988179454768176,-29.854427142138029],[30.988030441802614,-29.854885406590231],[30.98757471935113,-29.85555750531891],[30.987320544560546,-29.856084500619236],[30.986987481332864,-29.856794798729727],[30.985948817069193,-29.856261964210709],[30.985403474161306,-29.856110639408008],[30.984982076473848,-29.855980935883579],[30.984849083736837,-29.855946534098411],[30.984726675829428,-29.85591487019585],[30.984393504467999,-29.855850394462681],[30.983637732357209,-29.855955324961322],[30.983057270254271,-29.855683149315194],[30.982751786290336,-29.85508162012357],[30.982530116265437,-29.854358371223434],[30.982275809176127,-29.853693158078539],[30.981840494978368,-29.853378032839469],[30.981458562546294,-29.853145260481565],[30.981056069305065,-29.853052115636586],[30.98057551696553,-29.853073527599253],[30.980324978208976,-29.853055589022315],[30.980086754893588,-29.853069874498235],[30.979889616216859,-29.853023300763887],[30.979603450497596,-29.852933371896434],[30.979405174086097,-29.85278208081786],[30.979206893794618,-29.852652397924214],[30.978859901983036,-29.852436256155904],[30.978587229416135,-29.852436207709808],[30.978215391642838,-29.852479357547569],[30.978017048840282,-29.852630578670468],[30.977818695886203,-29.852825015559503],[30.977669898540334,-29.853105893571978],[30.977645018879304,-29.853494835762795],[30.977421793148629,-29.853862169055372],[30.977223426794815,-29.854099820169349],[30.977025096207413,-29.854186214322027],[30.976752392819332,-29.854294202681022],[30.976578839496494,-29.854423817481642],[30.976107807898028,-29.854596589203961],[30.975810302731496,-29.854747786274082],[30.97548801895654,-29.854855762016896],[30.974781511133425,-29.854942049352815],[30.974558404916795,-29.854963610520631],[30.974136957177429,-29.855093169588727],[30.973963410311022,-29.855179563980098],[30.973864219039363,-29.855309191639979],[30.973740232417455,-29.855460420966324],[30.973616251104289,-29.855590041697333],[30.973467504891094,-29.855633225235149],[30.973343558494431,-29.855633198466094],[30.973269197862741,-29.855611574054464],[30.973070927789973,-29.855460273528582],[30.972847874757189,-29.85528735913044],[30.97267440120903,-29.85511445642538],[30.972401784955874,-29.854898314041904],[30.972277883332332,-29.854747029637291],[30.971980480752975,-29.854530881166458],[30.971695581286752,-29.853947398642674],[30.971423117037446,-29.853234270852383],[30.971671109683342,-29.852866993585241],[30.972018235212634,-29.852564562334326],[30.972191803181087,-29.852391738326567],[30.972365376502818,-29.852197305599677],[30.972489384856782,-29.851959646247547],[30.9727621520348,-29.851613979603734],[30.973010162293459,-29.851225047036923],[30.973059803937222,-29.85098736918572],[30.97313423465987,-29.850749697254965],[30.973233463743057,-29.850468815120742],[30.973357474674394,-29.850209545493758],[30.973649168041199,-29.850078083866986],[30.973898917151999,-29.84994065001391],[30.974398349016795,-29.849917833876169],[30.974805845887548,-29.849637216854617],[30.974968843987774,-29.849475240489834],[30.97516716168218,-29.849410456051093],[30.975514210958739,-29.849324092282998],[30.975811694241706,-29.849194501537006],[30.976220725713404,-29.849043323557893],[30.97669169089346,-29.849043412035815],[30.977038717815002,-29.849043476440119],[30.977509696491552,-29.848978738312493],[30.977542215142702,-29.848959121743814],[30.977780618208683,-29.849051536658287],[30.978260330769725,-29.849028702590001],[30.978772907053862,-29.8489715011962],[30.979042343618723,-29.848914259448907],[30.979351214894315,-29.848822652452963],[30.979653517774711,-29.848713858285823],[30.980205534215948,-29.848582187176984],[30.98100724984954,-29.84849637773587],[30.981624972047008,-29.848387624037237],[30.982820921013186,-29.848542453958519],[30.983359754627308,-29.848622721656856],[30.983701459675711,-29.848641381828163],[30.98382742132965,-29.84856979133129],[30.983917816562471,-29.848321568289695],[30.984054769622258,-29.847999357950922],[30.983986342905673,-29.847848977090795],[30.983728987579806,-29.847731989178946],[30.98310746883303,-29.847660305145791],[30.982767995438223,-29.847421574636698],[30.983138276611623,-29.846815358307921],[30.983388101329293,-29.846093601424631],[30.98351957687515,-29.845772822962893],[30.984478974933431,-29.845681283504057],[30.984084935030612,-29.844249116151492],[30.983809077746741,-29.843470008963383],[30.982772914162183,-29.843011599208118],[30.982181576189248,-29.842748010505801],[30.981905673778787,-29.842324065186205],[30.98184000004856,-29.842129287710893],[30.981695469851861,-29.841968870198261],[30.981800645369582,-29.841739745353614],[30.982037214723153,-29.841636665016626],[30.982851927914133,-29.842060681161964],[30.983508963156666,-29.84238155994996],[30.98408712974787,-29.842839909585155],[30.984533873582716,-29.843355526166373],[30.984967447409051,-29.844088822040874],[30.985151383210734,-29.844444008760352],[30.985190782377121,-29.844627324614894],[30.985098767300425,-29.844764797834316],[30.985151278123979,-29.845154340513712],[30.985308866702177,-29.845956345523277],[30.985547516735323,-29.846659065484964],[30.985643815384623,-29.847209010081023],[30.985985427985288,-29.847858274465317],[30.986195663099512,-29.848186729416003],[30.986563636406611,-29.848324250864483],[30.986905328517885,-29.848438854766268],[30.987168219468412,-29.848133361694067],[30.987422304064967,-29.848171575999167],[30.987711424470106,-29.848301448744287],[30.988219599605458,-29.848339684914432],[30.989227167994343,-29.848614737936671],[30.989805406693346,-29.848973768498489],[30.990234569305862,-29.84917391923732]]]}},
{"type":"Feature","properties":{"sde_LDR_Mi":0.0,"CAT_NAME":"Umgeni River","MAJ_CAT":"Umgeni River","CATCH_NAME":"New Germany 4"},"geometry":{"type":"Polygon","coordinates":[[[30.89246802439439,-29.790695512689243],[30.892229162940442,-29.791980190928275],[30.892659084997309,-29.792281037632396],[30.893160077281845,-29.793816748294589],[30.892942906286134,-29.795327872391386],[30.895073253448093,-29.795493072050615],[30.895257292189751,-29.796238634936746],[30.89577736511529,-29.796602513933824],[30.89601852121568,-29.798306258947072],[30.895277659761177,-29.798777379131153],[30.894762367060984,-29.798966316410301],[30.895346290769133,-29.79960350109155],[30.896693357541828,-29.799940617360551],[30.896823352232868,-29.800853922782782],[30.896635792345641,-29.800984670309457],[30.895897995695062,-29.802041899604252],[30.895043137086567,-29.802202511152213],[30.894441972166256,-29.802584776689539],[30.893379197275401,-29.802745117425459],[30.893078721954826,-29.802845650335669],[30.892993684452005,-29.802952842530981],[30.892279198029538,-29.803185360778645],[30.891830176811794,-29.803751248761976],[30.891309599248427,-29.803634261598862],[30.891207448113821,-29.802844099035191],[30.891416557666524,-29.801756225425123],[30.891118767748011,-29.801109614077674],[30.890884452408862,-29.8007701292745],[30.890703768854877,-29.800383958239802],[30.890362475363819,-29.799889485230068],[30.889898828365752,-29.799576774589113],[30.889457907399365,-29.798932181671557],[30.888925429470348,-29.798308709409337],[30.889042917225943,-29.798229779058293],[30.889272802206335,-29.797512105228883],[30.88901721715494,-29.797141763535539],[30.888607877154101,-29.796266929748075],[30.888422518153252,-29.795167202170461],[30.889314728454892,-29.794951273845008],[30.889553118514922,-29.79468255898886],[30.889553319805472,-29.794501145854948],[30.889672856451774,-29.793509750770767],[30.89153685025882,-29.792059906922628],[30.891831809896221,-29.791500843787016],[30.892164281236056,-29.790968331297602],[30.892052260472376,-29.790695170273132],[30.89246802439439,-29.790695512689243]]]}},
{"type":"Feature","properties":{"sde_LDR_Mi":0.0,"CAT_NAME":"Umgeni River","MAJ_CAT":"Umgeni River","CATCH_NAME":"New Germany 3"},"geometry":{"type":"Polygon","coordinates":[[[30.893065642456246,-29.810821137705332],[30.892146719967311,-29.810178883404546],[30.890916899514291,-29.809781286237399],[30.890276017663741,-29.809452015829173],[30.888289275984683,-29.809369675281715],[30.888381968042047,-29.809087752823331],[30.888818009839685,-29.808783931801202],[30.889008659916176,-29.806549592867874],[30.890072493063439,-29.805482567977585],[30.891090216402119,-29.804375259701864],[30.891552526929637,-29.804053137874693],[30.891830176811794,-29.803751248761976],[30.892279198029538,-29.803185360778645],[30.892993684452005,-29.802952842530981],[30.893078721954826,-29.802845650335669],[30.893379197275401,-29.802745117425459],[30.894441972166256,-29.802584776689539],[30.895043137086567,-29.802202511152213],[30.895897995695062,-29.802041899604252],[30.896635792345641,-29.800984670309457],[30.896823352232868,-29.800853922782782],[30.897931126825856,-29.801458133198953],[30.900128174153245,-29.801877882159896],[30.900980394208577,-29.801654707527238],[30.901493730636926,-29.800941434043445],[30.902171918812272,-29.800763867817327],[30.902908709407669,-29.800019257953075],[30.904481898065224,-29.79951677012383],[30.904877348267217,-29.799489364496186],[30.906782885277067,-29.799708146304287],[30.907151007682284,-29.801126894312784],[30.907361533251489,-29.801874159928801],[30.907384146962769,-29.802901577324839],[30.907689941047369,-29.803436039981477],[30.908477014321956,-29.803957229780053],[30.909057102025386,-29.804407485395835],[30.90908703309135,-29.804709628076903],[30.90863118742725,-29.80487855894501],[30.907751663739703,-29.804782135902673],[30.906937389461593,-29.804778407644676],[30.906159300435768,-29.804462293752056],[30.905214827435504,-29.805086252005047],[30.905176865557088,-29.805962910915039],[30.905114821307087,-29.806379738815338],[30.904526923395633,-29.80707584687725],[30.904249513662105,-29.807161348152629],[30.90259434885958,-29.808217448021917],[30.902545427369727,-29.808192319430056],[30.900443243211555,-29.808029429092425],[30.900258596652982,-29.807827845204937],[30.899768518822796,-29.807485124049769],[30.898245174009514,-29.807252728940401],[30.897555811815515,-29.807483219982117],[30.895529117921352,-29.807848047199577],[30.895213247407856,-29.808500382165565],[30.894329340419354,-29.809553611732721],[30.893065642456246,-29.810821137705332]]]}},
{"type":"Feature","properties":{"sde_LDR_Mi":0.0,"CAT_NAME":"Palmiet River","MAJ_CAT":"Umgeni River","CATCH_NAME":"New Germany 1"},"geometry":{"type":"Polygon","coordinates":[[[30.878718459027425,-29.816398966431738],[30.87770557882677,-29.816110361231953],[30.876316171262197,-29.815430984779482],[30.875180026567886,-29.814508659278317],[30.875170797882316,-29.813435032928783],[30.874948931883843,-29.812337226424191],[30.873822957413832,-29.811850709924201],[30.871601134322148,-29.811390863452772],[30.870863447751677,-29.811168226382655],[30.870389157530926,-29.810605569033861],[30.870096702946359,-29.810066760091086],[30.869251233435282,-29.809401055717295],[30.86936742062581,-29.809150770476961],[30.870041195283854,-29.808782504374253],[30.870923106134512,-29.807824144345179],[30.870790770432293,-29.807178944035609],[30.87087577236861,-29.806606859504559],[30.870960258241066,-29.805593933588312],[30.871798945006731,-29.804299057929484],[30.874072557108384,-29.803508807585288],[30.87407287854386,-29.803499200813494],[30.874113745039768,-29.80365636122508],[30.87417498446009,-29.803843946281912],[30.874462987988515,-29.804336985124053],[30.874498938123331,-29.804402284316787],[30.874744521378361,-29.804590590800821],[30.874930906451333,-29.804805877223618],[30.875340179761899,-29.80547606783049],[30.87546652341695,-29.805812172795378],[30.875708291797523,-29.806271128519114],[30.875767101530492,-29.806450014860498],[30.87597658439827,-29.806878464158007],[30.876165200560315,-29.807348831442106],[30.876382926895491,-29.807590353804748],[30.876840406459468,-29.80782205787823],[30.877284423519708,-29.808047364425992],[30.877399181374134,-29.80821004473674],[30.87765658649219,-29.808316958995032],[30.877955560242881,-29.808394095648541],[30.878244004863095,-29.808442408153834],[30.87836825049397,-29.80845750991967],[30.878809238224079,-29.808623198815543],[30.879066869013609,-29.80882936113543],[30.879814849649037,-29.809496595800688],[30.880184026269376,-29.809962975173121],[30.88022403959215,-29.810280029928112],[30.880439256142779,-29.810436977152996],[30.88063309819729,-29.810728218507478],[30.880714267973786,-29.811141398510735],[30.880814329169809,-29.811421648876376],[30.880835246209212,-29.811832697754998],[30.880910637287645,-29.813337953265567],[30.881027935094231,-29.813836279697494],[30.881138915163671,-29.814101891312358],[30.881243890075464,-29.814208915416341],[30.881254210649509,-29.81439150116535],[30.881347145450718,-29.814517820730458],[30.881701939792375,-29.814603899284055],[30.881911399526519,-29.814652559579947],[30.882224865193457,-29.814890082426487],[30.882372668266811,-29.815100418397563],[30.88294025432036,-29.815235881236866],[30.883275915312804,-29.81543766939588],[30.881482263963516,-29.815366677886193],[30.881052874891328,-29.815024373655611],[30.880156543020625,-29.81580438709878],[30.878718459027425,-29.816398966431738]]]}},
{"type":"Feature","properties":{"sde_LDR_Mi":0.0,"CAT_NAME":"Palmiet River","MAJ_CAT":"Umgeni River","CATCH_NAME":"New Germany 2"},"geometry":{"type":"Polygon","coordinates":[[[30.88686621285672,-29.802735939675578],[30.889085714274277,-29.802966442077441],[30.890270211944447,-29.802746785966875],[30.891207448113828,-29.802844099035198],[30.891309599248444,-29.803634261598837],[30.891830176811794,-29.803751248761973],[30.891552526929654,-29.804053137874678],[30.891090216402119,-29.804375259701864],[30.890072493063453,-29.80548256797757],[30.889008659916176,-29.806549592867874],[30.888818009839685,-29.808783931801202],[30.888381968042047,-29.809087752823331],[30.88828927598469,-29.809369675281715],[30.887653670724411,-29.810423973506662],[30.886709113528344,-29.810893157224815],[30.886335948604422,-29.811760305797531],[30.885791160414829,-29.812087656587007],[30.885694348555681,-29.812547649358535],[30.885277811374195,-29.813197252195856],[30.88554207633403,-29.814051161948161],[30.88402160444863,-29.8144071945737],[30.883275915312812,-29.815437669395894],[30.88294025432036,-29.815235881236866],[30.882372668266811,-29.815100418397563],[30.882224865193457,-29.814890082426487],[30.881911399526519,-29.814652559579947],[30.881701939792375,-29.814603899284055],[30.881347145450718,-29.81451782073044],[30.881254210649509,-29.81439150116535],[30.881243890075464,-29.814208915416341],[30.881138915163671,-29.814101891312358],[30.881027935094231,-29.813836279697483],[30.880910637287645,-29.813337953265563],[30.880835246209212,-29.811832697754998],[30.880814329169809,-29.811421648876376],[30.880714267973786,-29.811141398510738],[30.88063309819729,-29.810728218507478],[30.880439256142779,-29.810436977152996],[30.88022403959215,-29.810280029928112],[30.880184026269376,-29.809962975173121],[30.879814849649037,-29.809496595800663],[30.879066869013609,-29.80882936113543],[30.878809238224079,-29.808623198815543],[30.87836825049397,-29.808457509919666],[30.878244004863095,-29.808442408153834],[30.877955560242881,-29.808394095648541],[30.87765658649219,-29.808316958995032],[30.877399181374134,-29.80821004473674],[30.877284423519708,-29.808047364425999],[30.876840406459468,-29.807822057878219],[30.876382926895491,-29.807590353804734],[30.876165200560315,-29.807348831442106],[30.87597658439827,-29.806878464158007],[30.875767101530492,-29.806450014860484],[30.875708291797523,-29.806271128519114],[30.87546652341695,-29.805812172795378],[30.875340179761899,-29.805476067830483],[30.874930906451333,-29.804805877223618],[30.874744521378361,-29.804590590800821],[30.874498938123331,-29.804402284316787],[30.874462987988515,-29.804336985124053],[30.87417498446009,-29.803843946281908],[30.874113745039768,-29.803656361225073],[30.874072876523432,-29.80349920319404],[30.874824730939281,-29.803277842909448],[30.876669705476527,-29.803072197123164],[30.878276380216626,-29.800571318330157],[30.880715846759013,-29.800744678303907],[30.881119841893675,-29.800936564585417],[30.881891516275456,-29.801246327535384],[30.882574319860662,-29.801663177854579],[30.884249167725248,-29.801835799300772],[30.885166936539168,-29.80212384131983],[30.886119809334755,-29.80238141714921],[30.88686621285672,-29.802735939675578]]]}},
{"type":"Feature","properties":{"sde_LDR_Mi":0.0,"CAT_NAME":"Palmiet River","MAJ_CAT":"Umgeni River","CATCH_NAME":"New Germany 5"},"geometry":{"type":"Polygon","coordinates":[[[30.885625961336416,-29.797862265944545],[30.887111296747126,-29.798742293633175],[30.888925429470348,-29.798308709409337],[30.889457907399365,-29.798932181671557],[30.889898828365752,-29.799576774589106],[30.890362475363819,-29.799889485230064],[30.890703768854877,-29.800383958239795],[30.890884452408852,-29.8007701292745],[30.891118767748011,-29.801109614077674],[30.891416557666524,-29.801756225425109],[30.891207448113828,-29.802844099035198],[30.890270211944447,-29.802746785966875],[30.889085714274277,-29.802966442077441],[30.88686621285672,-29.802735939675578],[30.886119809334755,-29.80238141714921],[30.885166936539168,-29.80212384131983],[30.884249167725248,-29.801835799300772],[30.882574319860662,-29.801663177854579],[30.881891516275456,-29.801246327535384],[30.881119841893675,-29.800936564585417],[30.880715846759013,-29.800744678303907],[30.878276380216626,-29.800571318330157],[30.876669705476527,-29.803072197123164],[30.874824729959258,-29.803277843197982],[30.874072877533656,-29.803499202003767],[30.874072557108384,-29.803508807585288],[30.871798945006738,-29.804299057929484],[30.871323527261996,-29.80363038351847],[30.871456366887529,-29.801919695937013],[30.871364496752822,-29.801456189803865],[30.870626393627987,-29.800649514443887],[30.870940204689141,-29.800738681543024],[30.871813460433859,-29.801256180379887],[30.872519157793203,-29.80106503805602],[30.873587762813354,-29.800952946959917],[30.8741622055622,-29.800899629659547],[30.874668964467926,-29.800570805852068],[30.875931851935501,-29.799296415916086],[30.87671990663365,-29.798141457782343],[30.877478284100754,-29.797801528836956],[30.878740338574815,-29.798249429298199],[30.879259944036175,-29.798030153161079],[30.880067616645761,-29.797668230731038],[30.885625961336416,-29.797862265944545]]]}},
{"type":"Feature","properties":{"sde_LDR_Mi":0.0,"CAT_NAME":"Palmiet River","MAJ_CAT":"Umgeni River","CATCH_NAME":"New Germany 6"},"geometry":{"type":"Polygon","coordinates":[[[30.88695965591582,-29.79349823716727],[30.887382345266619,-29.793693726268227],[30.887789347890024,-29.793680001864843],[30.888514577008184,-29.793774980668271],[30.889553319805486,-29.794501145854934],[30.889553118514929,-29.794682558988853],[30.889314728454917,-29.794951273845008],[30.888422518153252,-29.79516720217044],[30.888607877154101,-29.796266929748075],[30.88901721715494,-29.797141763535532],[30.889272802206342,-29.797512105228861],[30.889042917225957,-29.798229779058293],[30.888925429470348,-29.798308709409337],[30.887111296747126,-29.798742293633175],[30.885625961336416,-29.797862265944545],[30.880067616645761,-29.797668230731038],[30.879259944036175,-29.798030153161079],[30.878740338574815,-29.798249429298199],[30.877478284100754,-29.797801528836956],[30.87671990663365,-29.798141457782343],[30.875931851935501,-29.799296415916086],[30.874668963638051,-29.800570806390549],[30.8741622055622,-29.800899629659547],[30.873587762813354,-29.800952946959907],[30.872519157793203,-29.80106503805602],[30.871813461421695,-29.801256180112325],[30.870940204689141,-29.800738681543024],[30.870626393627987,-29.800649514443887],[30.870418622132075,-29.800467894245841],[30.869799792998705,-29.800371115893594],[30.868984729231773,-29.798727038718852],[30.8686447080409,-29.798207802641549],[30.868635683120093,-29.798145724047036],[30.869138659926666,-29.797694135931401],[30.86992091499803,-29.797215168956519],[30.870876202833752,-29.796659688400279],[30.871263029403117,-29.796593663616434],[30.872112331800235,-29.79649349025896],[30.872575751759555,-29.796308775288917],[30.873348330106946,-29.795829778549773],[30.874999034343524,-29.795334777519422],[30.875809609850254,-29.795327124996199],[30.876205118479948,-29.795428493688849],[30.876919239944602,-29.795387078093434],[30.878926881679543,-29.794951275122553],[30.879959745103264,-29.794649223760015],[30.881012239881201,-29.794061021643781],[30.882450256052952,-29.793851896075775],[30.883395921187624,-29.793835900578546],[30.884225724918501,-29.793878712272289],[30.885789375197977,-29.793492914204549],[30.88695965591582,-29.79349823716727]]]}},
{"type":"Feature","properties":{"sde_LDR_Mi":0.0,"CAT_NAME":"Lovu River","MAJ_CAT":"Lovu River","Shape_STAr":2731022.7499699998,"Shape_STLe":10269.107922499999,"CatchNames":"Lovu 15"},"geometry":{"type":"Polygon","coordinates":[[[30.845807520315237,-30.097837894801529],[30.845178395679273,-30.099040590988459],[30.845545918550236,-30.099532936704037],[30.845622807940341,-30.104898811099254],[30.84552616746657,-30.104996032374515],[30.837794059446178,-30.105154618285063],[30.837438745374147,-30.105512125072398],[30.836925364705369,-30.105710575106734],[30.836974885937295,-30.106256311523744],[30.835679974363845,-30.108048040327475],[30.834728812028867,-30.109005139285699],[30.83372530373644,-30.109490266291612],[30.833310514260624,-30.109598256714353],[30.833211305625113,-30.109486180467783],[30.832517083578153,-30.109849100118083],[30.831729668170727,-30.110037882199499],[30.830092908228597,-30.109620704444279],[30.829061575378645,-30.110159792679049],[30.826253898237052,-30.109352557045227],[30.824052852134766,-30.109879451385073],[30.82217550457769,-30.111182102957962],[30.821308579549445,-30.11160110669449],[30.820094878762209,-30.112822028913346],[30.818805335699519,-30.112730146528577],[30.818566800396912,-30.113857144095824],[30.816959868950512,-30.115483240458811],[30.816614383542166,-30.115741200519363],[30.81452867664904,-30.115738340520988],[30.813999651174573,-30.115653603214945],[30.813291795464977,-30.114936971966493],[30.810664221034788,-30.114742214752006],[30.810208516073725,-30.11452036300259],[30.809276107509259,-30.114584133743964],[30.809108953809822,-30.114098570867576],[30.809221175819268,-30.114014841189046],[30.809887772134537,-30.113344396143074],[30.810252244027296,-30.112063611963301],[30.80962247322487,-30.111288799851859],[30.810758980334413,-30.109900074077768],[30.811508015065812,-30.109340873791581],[30.811927648804616,-30.108384097547066],[30.812570189222154,-30.107673187692466],[30.812764498984691,-30.106967675068784],[30.811537906095133,-30.105601221030849],[30.811420311379809,-30.105035545348475],[30.811491383301664,-30.104552592578507],[30.811769225937155,-30.104068492807251],[30.811840185477688,-30.103585536001376],[30.812339300868924,-30.102620584790557],[30.812101198126445,-30.100555839399501],[30.812358633329914,-30.100042023984663],[30.812795295426145,-30.099878020149813],[30.813648611755752,-30.098987802727379],[30.81456112162574,-30.09833084832454],[30.815063533513779,-30.09822429860521],[30.81631509923681,-30.098054659087435],[30.81951452786398,-30.09891478815328],[30.822849778318915,-30.098811922582509],[30.829392312505895,-30.101183482594717],[30.835244008296254,-30.101577414456063],[30.835334078820793,-30.102443192463252],[30.842915447278791,-30.102538328756314],[30.843021935896097,-30.098662746078762],[30.843436059655399,-30.098089694597558],[30.844434757661805,-30.097893648779809],[30.844474340224142,-30.097931794414119],[30.844913781922806,-30.097765239824163],[30.845188083558714,-30.097884901864475],[30.845517394851989,-30.097933024877037],[30.845792031113454,-30.097837876624144],[30.845807520315237,-30.097837894801529]]]}},
{"type":"Feature","properties":{"sde_LDR_Mi":0.0,"CAT_NAME":"Lovu River","MAJ_CAT":"Lovu River","Shape_STAr":1269908.0602200001,"Shape_STLe":6386.2690541299999,"CatchNames":"Lovu 16"},"geometry":{"type":"Polygon","coordinates":[[[30.851473567123776,-30.097289828375146],[30.851613638429338,-30.097622678363258],[30.851555967169197,-30.098236033826982],[30.852713709834823,-30.098540538318428],[30.853651978021713,-30.099585041103662],[30.853419739806004,-30.101926512260434],[30.852924678558836,-30.103093889674902],[30.851010559157881,-30.105062125023235],[30.849901891855801,-30.105528318522225],[30.849788284865536,-30.108530164088435],[30.844568449830319,-30.108415711889531],[30.843009673379122,-30.108066361324379],[30.842804151066879,-30.108251854562489],[30.841647814338842,-30.10921515294384],[30.840467204557811,-30.109711309155671],[30.839255206044431,-30.110423467913883],[30.83830995961112,-30.110688867998551],[30.838002900964213,-30.110965971349444],[30.837588544760624,-30.111311148749323],[30.83733337796868,-30.111766658250996],[30.836750693107675,-30.111504771565329],[30.83596383075157,-30.111171629946352],[30.835393981642504,-30.11087024202811],[30.833587056842685,-30.110807048633482],[30.833448618253737,-30.10984073501977],[30.833310514260624,-30.109598256714374],[30.83372530373644,-30.109490266291612],[30.83472881202885,-30.109005139285699],[30.835679974363845,-30.108048040327475],[30.836974885937295,-30.106256311523744],[30.836925364705383,-30.105710575106734],[30.837438745374133,-30.105512125072412],[30.837794059446164,-30.105154618285031],[30.84552616746657,-30.104996032374515],[30.845622807940327,-30.104898811099254],[30.845545918550219,-30.099532936704033],[30.845178395679245,-30.099040590988459],[30.845834466607243,-30.097786380908154],[30.847634608881702,-30.097392658343392],[30.84772134721436,-30.096378810609838],[30.848680314134448,-30.097002910256005],[30.849923700559938,-30.096846391065586],[30.850725627552087,-30.096573346643055],[30.851008451260597,-30.097176626848629],[30.851473567123776,-30.097289828375146]]]}},
{"type":"Feature","properties":{"sde_LDR_Mi":0.0,"CAT_NAME":"Lovu River","MAJ_CAT":"Lovu River","Shape_STAr":614543.68826299999,"Shape_STLe":3329.7161684299999,"CatchNames":"Lovu 17"},"geometry":{"type":"Polygon","coordinates":[[[30.852924678558836,-30.103093889674902],[30.853818346740862,-30.103741059150035],[30.854475255478626,-30.10573324318408],[30.855896174400907,-30.105918935651779],[30.856511257815797,-30.106364309296637],[30.856650176032709,-30.106464897189397],[30.856086052237337,-30.108128783179072],[30.855741412068905,-30.108817238155808],[30.855335972640283,-30.10943084157023],[30.855098172931545,-30.110132132595702],[30.854201668107869,-30.111923315143791],[30.853630756002413,-30.112787329695237],[30.853086376172119,-30.113874728862513],[30.85267093299365,-30.113852976197666],[30.849875174258631,-30.113706563517308],[30.849348601746282,-30.113153967955899],[30.84853007924411,-30.113062000159267],[30.848206401766767,-30.112618332998323],[30.847082784631802,-30.111595536807791],[30.846975190461652,-30.110157384538407],[30.848883393321533,-30.108831591309599],[30.849695374879396,-30.108630820561586],[30.849788284865536,-30.108530164088453],[30.849901891855819,-30.105528318522225],[30.851010559157881,-30.105062125023235],[30.852924678558836,-30.103093889674902]]]}},
{"type":"Feature","properties":{"sde_LDR_Mi":0.0,"CAT_NAME":"Lovu River","MAJ_CAT":"Lovu River","Shape_STAr":889579.42097900005,"Shape_STLe":4509.3149449800003,"CatchNames":"Lovu 18"},"geometry":{"type":"Polygon","coordinates":[[[30.849788284865536,-30.108530164088453],[30.849695374879396,-30.108630820561586],[30.848883393321533,-30.108831591309599],[30.846975190461652,-30.110157384538407],[30.847082784631812,-30.111595536807773],[30.848206401766767,-30.112618332998323],[30.84853007924411,-30.113062000159267],[30.84801922113877,-30.113706043972041],[30.845917928850877,-30.114445527453633],[30.844322032190426,-30.116173374672258],[30.843403350371567,-30.116400511274367],[30.843127878951766,-30.117233703064887],[30.842590355682812,-30.117507560908901],[30.842057290531592,-30.117587565326225],[30.841100349020529,-30.117149716700922],[30.840096824999812,-30.116389953139613],[30.83922461778355,-30.116240780925473],[30.838664091686638,-30.115532982799401],[30.836098092297675,-30.114967630874617],[30.835361014601048,-30.114697413998918],[30.834884822595104,-30.114966076156673],[30.834135649929753,-30.115039175198348],[30.833904224150437,-30.11487767521875],[30.833539346043995,-30.114480288018292],[30.833814298852705,-30.11258138691867],[30.835024184388875,-30.111988726307271],[30.835393981642515,-30.11087024202811],[30.835963830751584,-30.111171629946352],[30.836750693107675,-30.111504771565329],[30.83733337796868,-30.111766658250982],[30.837588544760624,-30.111311148749323],[30.83800290096422,-30.110965971349437],[30.83830995961112,-30.110688867998551],[30.839255206044431,-30.110423467913865],[30.840467204557811,-30.109711309155671],[30.841647814338852,-30.109215152943847],[30.842804151066897,-30.108251854562464],[30.843009673379136,-30.108066361324379],[30.844568449830327,-30.108415711889563],[30.849788284865536,-30.108530164088453]]]}},
{"type":"Feature","properties":{"sde_LDR_Mi":0.0,"CAT_NAME":"Msimbazi River","MAJ_CAT":"Msimbazi River","Shape_STAr":615801.70538299996,"Shape_STLe":4288.4349696199997,"CatchNames":"Lovu 22"},"geometry":{"type":"Polygon","coordinates":[[[30.833448618253755,-30.10984073501977],[30.833587056842685,-30.110807048633468],[30.835393981642515,-30.11087024202811],[30.835024184388875,-30.111988726307271],[30.833814298852705,-30.11258138691867],[30.833539346043995,-30.114480288018306],[30.833904224150444,-30.114877675218711],[30.834135649929753,-30.115039175198348],[30.834035493480734,-30.116041439884874],[30.833417382560423,-30.116287182967923],[30.833313933280451,-30.117760413444024],[30.833501404046615,-30.120115523313132],[30.832788313791717,-30.121404485825053],[30.832957939959595,-30.121854117773292],[30.833620785533459,-30.122547040547332],[30.833790201411915,-30.123124404901592],[30.834452956300179,-30.123817412568616],[30.83462268338047,-30.124213459638849],[30.834869306422952,-30.124361893505252],[30.835313754137168,-30.124923277242772],[30.836745425074689,-30.125089529521343],[30.83683044420383,-30.125196893527797],[30.83428001699048,-30.125271880538943],[30.833670739970351,-30.126036639619212],[30.833490498862769,-30.126643416901704],[30.833072715176542,-30.12700551666163],[30.832835899944765,-30.12780273864394],[30.83265400574189,-30.127911656020782],[30.832655544152232,-30.127004980299834],[30.832238374176832,-30.12700444261414],[30.830886717470779,-30.126882805246979],[30.830780662789131,-30.125551922631846],[30.830780974047379,-30.125370605672178],[30.830959520826642,-30.125268522501607],[30.823362878610059,-30.125100589909707],[30.822647067262892,-30.124634596199009],[30.822794544521351,-30.123816610620853],[30.82273217066993,-30.123127878716542],[30.823278333374489,-30.121552867534348],[30.823154405532637,-30.121163632156918],[30.821786237160463,-30.120242616895499],[30.820360246292271,-30.120423891442503],[30.819526051412872,-30.120315474092482],[30.818368363928286,-30.120462618761067],[30.817553918326819,-30.119441047365228],[30.817353663999448,-30.117997164385869],[30.817001499161528,-30.117487717929418],[30.816729987460459,-30.116908292212141],[30.816420981798391,-30.116461508824461],[30.816614383542166,-30.115741200519363],[30.816959868950512,-30.115483240458811],[30.818566800396912,-30.113857144095824],[30.818805335699519,-30.112730146528577],[30.820094878762209,-30.112822028913346],[30.821308579549445,-30.11160110669449],[30.82217550457769,-30.111182102957962],[30.824052852134766,-30.109879451385073],[30.826253898237052,-30.109352557045227],[30.829061575378645,-30.110159792679049],[30.830092908228597,-30.109620704444279],[30.831729668170727,-30.110037882199499],[30.832517083578153,-30.109849100118083],[30.833211305625113,-30.109486180467783],[30.833310514260624,-30.109598256714353],[30.833448618253755,-30.10984073501977]]]}},
{"type":"Feature","properties":{"sde_LDR_Mi":0.0,"CAT_NAME":"Msimbazi River","MAJ_CAT":"Msimbazi River","Shape_STAr":708842.63092799997,"Shape_STLe":3601.9791631799999,"CatchNames":"Lovu 19"},"geometry":{"type":"Polygon","coordinates":[[[30.846324040171872,-30.128981919705833],[30.846002308762085,-30.12919722669265],[30.845908684392189,-30.127286424798129],[30.843826128429505,-30.127099290578744],[30.842669878203026,-30.125929348319037],[30.842579426605468,-30.125645536310095],[30.842344510499792,-30.125305980871651],[30.842000850977072,-30.124573078798083],[30.841511642665566,-30.124398384022456],[30.841330457402549,-30.124012074433949],[30.841095548381812,-30.123672517606941],[30.840706771842953,-30.122742003360052],[30.840172849822668,-30.12211846737166],[30.840382012117971,-30.121755999242893],[30.840703378681003,-30.121309865313005],[30.840954207626066,-30.120589053265967],[30.841869329154594,-30.119167863738788],[30.842057290531592,-30.117587565326225],[30.842590355682812,-30.117507560908901],[30.843127878951751,-30.117233703064887],[30.843403350371567,-30.116400511274367],[30.844322032190426,-30.116173374672258],[30.845917928850877,-30.114445527453633],[30.84801922113877,-30.113706043972041],[30.84853007924411,-30.113062000159267],[30.849348601746282,-30.113153967955899],[30.849875174258631,-30.113706563517322],[30.85267093299365,-30.113852976197666],[30.852667873847807,-30.114040564527794],[30.852684260967518,-30.114164170977158],[30.852694609672174,-30.114341348061316],[30.852698054511585,-30.11446024645139],[30.852681850366597,-30.114611867509829],[30.852687793754406,-30.114730773207924],[30.85266110589869,-30.11488003708407],[30.852635632340792,-30.114985011851161],[30.852609762374541,-30.115075998470726],[30.852583789191492,-30.115162393366493],[30.852549157611559,-30.11521837383615],[30.852509135159981,-30.115269744914453],[30.852427085046671,-30.115388816988634],[30.852316904087274,-30.115519588969246],[30.852231471684096,-30.115613034354986],[30.852080196537493,-30.11576033656576],[30.852072256767816,-30.115776975560404],[30.851962943146329,-30.116005334613032],[30.851829187559169,-30.116304023930329],[30.851589665217343,-30.116803498244344],[30.851466471890873,-30.117022927682019],[30.851391578889881,-30.117211918558553],[30.851305818257597,-30.117382309674429],[30.851201014219654,-30.117522467513403],[30.851029531547198,-30.117772236562455],[30.850963600895216,-30.118000927155538],[30.850885421730588,-30.118166637551742],[30.850836871855311,-30.118367204633316],[30.850774656551767,-30.118544574454194],[30.850684886493713,-30.118756907395159],[30.850627362604016,-30.118917954779345],[30.850538713467515,-30.119076620402325],[30.850419618736431,-30.11926105084148],[30.850333256352595,-30.119410510465617],[30.850269860398065,-30.119548185251677],[30.850226415754015,-30.119660182437112],[30.850185970849129,-30.119783898368187],[30.850140425005261,-30.119912211789078],[30.850105560655138,-30.120047478001943],[30.850058710639615,-30.120220174141643],[30.849995196960524,-30.12035550142426],[30.84992142560305,-30.120490913474725],[30.849825088071814,-30.120654255200378],[30.849690816102608,-30.120850396441561],[30.849624627135537,-30.120981119850235],[30.849567000452662,-30.121137474862927],[30.849507573356647,-30.121321795027971],[30.84943917725948,-30.121466504387016],[30.849312565492774,-30.121748883996759],[30.849239956432545,-30.12193144066195],[30.850007487646597,-30.122045703949983],[30.849369204130284,-30.123451497396925],[30.848986166592155,-30.1250193171348],[30.848392333534012,-30.126196381225004],[30.848169578166925,-30.127108122480454],[30.84730151253671,-30.127199347435749],[30.846513280378513,-30.127282177714129],[30.846324040171872,-30.128981919705833]]]}},
{"type":"Feature","properties":{"sde_LDR_Mi":0.0,"CAT_NAME":"Msimbazi River","MAJ_CAT":"Msimbazi River","Shape_STAr":935357.32288400002,"Shape_STLe":4536.3532071899999,"CatchNames":"Lovu 24"},"geometry":{"type":"Polygon","coordinates":[[[30.809108953809822,-30.114098570867576],[30.809276107509259,-30.114584133743964],[30.810208516073725,-30.11452036300259],[30.810664221034788,-30.114742214752006],[30.813291795464977,-30.114936971966493],[30.813999651174573,-30.115653603214945],[30.81452867664904,-30.115738340520988],[30.814398967395199,-30.117263739899517],[30.813579578365353,-30.118179806984916],[30.813173122092874,-30.118733372672207],[30.812325421781861,-30.119628643518137],[30.811968637234052,-30.120301532320102],[30.8114072768985,-30.1209976689779],[30.811770052641894,-30.122025044431396],[30.811770691100595,-30.122550023913124],[30.811964241202102,-30.123111753235737],[30.811727068097781,-30.123102963106138],[30.811343080268497,-30.123027990402363],[30.811089942196212,-30.123005074504547],[30.810758231674072,-30.122979789720866],[30.810426560094989,-30.122934207339018],[30.809854893581623,-30.122806943650396],[30.809137720943482,-30.12359679337596],[30.808143846302482,-30.1237915378059],[30.807660157546486,-30.124277859067146],[30.806776812532657,-30.124937237045401],[30.805062713099744,-30.124102500403399],[30.804083296389624,-30.124169500924207],[30.803768915306534,-30.124147018079348],[30.802831651364492,-30.124243664986402],[30.802484660008179,-30.124182249537949],[30.802345698089685,-30.123578543259818],[30.802207651144677,-30.123336125013065],[30.802299121588057,-30.123052559326855],[30.802789748076464,-30.122479398737294],[30.803137406052574,-30.12105923791022],[30.803541067070334,-30.120171116767022],[30.804001405387588,-30.119633266701623],[30.804095027818622,-30.118261793821198],[30.803992937281979,-30.117314635666375],[30.802678261550685,-30.116895350824961],[30.803007144999789,-30.115670821466598],[30.804426809321654,-30.115463313621426],[30.804727184577921,-30.11499874103276],[30.805125494265745,-30.114382674003291],[30.80681366275105,-30.114602136435288],[30.807543799842097,-30.114509399864229],[30.80821392368232,-30.114596535144301],[30.809108953809822,-30.114098570867576]]]}},
{"type":"Feature","properties":{"sde_LDR_Mi":0.0,"CAT_NAME":"Msimbazi River","MAJ_CAT":"Msimbazi River","Shape_STAr":684165.88029500004,"Shape_STLe":3302.8129244500001,"CatchNames":"Lovu 20"},"geometry":{"type":"Polygon","coordinates":[[[30.842057290531578,-30.117587565326215],[30.841869329154587,-30.119167863738806],[30.840954207626059,-30.120589053265988],[30.840703378680995,-30.121309865313005],[30.840382012117971,-30.121755999242893],[30.840172849822675,-30.122118467371664],[30.839874709627964,-30.122317910762778],[30.839565658154985,-30.122971714973293],[30.838106013384195,-30.123488962432518],[30.837784665713993,-30.123849844057148],[30.83754895015111,-30.12400750351479],[30.8373669104794,-30.124211956833765],[30.837131193393628,-30.124369615527247],[30.836948252103578,-30.125118109558684],[30.83683044420383,-30.1251968935278],[30.836745425074689,-30.125089529521343],[30.835313754137161,-30.124923277242772],[30.834869306422945,-30.124361893505252],[30.834622683380459,-30.124213459638849],[30.834452956300179,-30.123817412568616],[30.833790201411915,-30.123124404901592],[30.833620785533462,-30.122547040547325],[30.832957939959584,-30.121854117773314],[30.83278831379171,-30.12140448582506],[30.833501404046615,-30.120115523313132],[30.833313933280451,-30.117760413444024],[30.833417382560423,-30.116287182967923],[30.834035493480734,-30.116041439884874],[30.834135649929738,-30.115039175198348],[30.834884822595097,-30.11496607615668],[30.835361014601048,-30.114697413998918],[30.836098092297686,-30.114967630874638],[30.838664091686624,-30.11553298279938],[30.83922461778355,-30.116240780925487],[30.840096824999812,-30.116389953139656],[30.841100349020511,-30.11714971670094],[30.842057290531578,-30.117587565326215]]]}},
{"type":"Feature","properties":{"sde_LDR_Mi":0.0,"CAT_NAME":"Msimbazi River","MAJ_CAT":"Msimbazi River","Shape_STAr":182352.05954399999,"Shape_STLe":2318.69660501,"CatchNames":"Lovu 21"},"geometry":{"type":"Polygon","coordinates":[[[30.843873528239751,-30.130344175615008],[30.842348791012949,-30.131468583245269],[30.841722683866021,-30.131087235118002],[30.840893528029746,-30.131644158911424],[30.839605834954984,-30.132156040119494],[30.839014287795511,-30.132729842918234],[30.83801699058861,-30.133279503149041],[30.837760610796018,-30.133997599474945],[30.837539701430146,-30.134349766226091],[30.837330649124333,-30.135125653234415],[30.835536974021956,-30.136865490466057],[30.834434250055406,-30.137120729885751],[30.831580954098413,-30.13696932033659],[30.831386657813972,-30.137157782344204],[30.830644873965955,-30.137237368862468],[30.830029899811141,-30.137626711714901],[30.829301715602266,-30.137162892998099],[30.829094395485445,-30.135704137770158],[30.829591028600543,-30.134664678349978],[30.830867732143375,-30.133711502105747],[30.831074523729022,-30.13216407886884],[30.83129949198122,-30.13163385933791],[30.831500494616002,-30.129762220712539],[30.831929607634244,-30.129096051147698],[30.832123375893278,-30.128720226173904],[30.83265400574189,-30.127911656020782],[30.832835899944765,-30.12780273864394],[30.833072715176542,-30.12700551666163],[30.833490498862769,-30.126643416901704],[30.833670739970351,-30.126036639619223],[30.83428001699048,-30.125271880538943],[30.83683044420383,-30.125196893527797],[30.836948252103596,-30.125118109558684],[30.837131193393621,-30.124369615527272],[30.8373669104794,-30.124211956833765],[30.83754895015111,-30.124007503514775],[30.837784665714008,-30.123849844057155],[30.838106013384213,-30.123488962432518],[30.839565658154974,-30.122971714973293],[30.839874709627964,-30.122317910762778],[30.840172849822668,-30.12211846737166],[30.840706771842953,-30.122742003360052],[30.841095548381812,-30.123672517606941],[30.841330457402549,-30.124012074433949],[30.841511642665566,-30.124398384022456],[30.842000850977072,-30.124573078798083],[30.842344510499792,-30.125305980871651],[30.842579426605468,-30.125645536310095],[30.842669878203026,-30.125929348319037],[30.843826128429505,-30.127099290578744],[30.845908684392189,-30.127286424798129],[30.846002308762085,-30.12919722669265],[30.845581551155679,-30.129823491922121],[30.844221992581293,-30.130005986314202],[30.843873528239751,-30.130344175615008]]]}},
{"type":"Feature","properties":{"sde_LDR_Mi":0.0,"CAT_NAME":"Little Manzimtoti River","MAJ_CAT":"Manzimtoti River","Shape_STAr":2907715.4154400001,"Shape_STLe":11468.5358829,"CatchNames":"Lovu 7"},"geometry":{"type":"Polygon","coordinates":[[[30.83039167605066,-30.057656209051338],[30.830571732109501,-30.060350911599187],[30.830406287681608,-30.061424698377618],[30.830102260952927,-30.062713168990125],[30.829388561183009,-30.063617666283836],[30.830588510702434,-30.064480331376227],[30.830174284565835,-30.06457747873014],[30.828983600771313,-30.064904956447609],[30.828268642984312,-30.064721350612068],[30.827598442266513,-30.064386339707809],[30.826932176061394,-30.064175637556296],[30.825960415625207,-30.064658047872282],[30.824934533400054,-30.064013677690966],[30.822354643549929,-30.063758436177178],[30.821271880919372,-30.06402019212938],[30.820709967489101,-30.064606771890897],[30.819878879952281,-30.064191216294493],[30.818490447144697,-30.064526861426408],[30.817125603445302,-30.064607235306269],[30.81680717099114,-30.064521183786393],[30.815584574848291,-30.064456144435081],[30.814945105029139,-30.063239145231993],[30.814725596881349,-30.062886301502278],[30.814212734043529,-30.061910153345387],[30.813308589099602,-30.061547675306748],[30.813075388608823,-30.059791270080076],[30.812778844371561,-30.059438313425108],[30.81108894207722,-30.05996306858458],[30.810255566733257,-30.059701615889423],[30.810557953608598,-30.059057333937133],[30.811926113601977,-30.058886184165143],[30.813110218774881,-30.057604120261381],[30.812948538562289,-30.056457973745129],[30.813505855119647,-30.055636355082065],[30.81359943295373,-30.055173177885283],[30.814534632868043,-30.054536368728993],[30.815168235698422,-30.054362799208086],[30.815735201681921,-30.053832177925116],[30.820396082902576,-30.053644778323882],[30.821925313081241,-30.053340485530434],[30.823133684095673,-30.052685749929839],[30.823510941971819,-30.052173375244326],[30.823072980058189,-30.051450577374556],[30.821827819564771,-30.051105741029737],[30.821855736593307,-30.050515726573757],[30.8226760912139,-30.049856602868445],[30.822882152838758,-30.049030121201902],[30.822366361228223,-30.048294767893861],[30.822783196603808,-30.048295331096845],[30.822991290845238,-30.048476930766402],[30.82409242788497,-30.049883098060906],[30.826079574237394,-30.050989630019622],[30.828477895552062,-30.052335347476163],[30.830500813168641,-30.053143046560184],[30.831210039627482,-30.053479447205287],[30.832540406712422,-30.053697202300054],[30.832778413111249,-30.053929702416095],[30.831943570943441,-30.054834867717414],[30.832106702788526,-30.05598947325025],[30.831631823300818,-30.056319297333303],[30.831523209174517,-30.056648056777604],[30.830062400499937,-30.057127071562967],[30.83039167605066,-30.057656209051338]]]}},
{"type":"Feature","properties":{"sde_LDR_Mi":0.0,"CAT_NAME":"Little Manzimtoti River","MAJ_CAT":"Manzimtoti River","Shape_STAr":787732.78003699996,"Shape_STLe":4880.91349051,"CatchNames":"Lovu 5"},"geometry":{"type":"Polygon","coordinates":[[[30.841581222801935,-30.064392181754375],[30.840917816248524,-30.065252847843137],[30.840916447483075,-30.066108752801231],[30.840641838870763,-30.066185001363291],[30.839331868900494,-30.065989701936211],[30.838348105587677,-30.065839838645793],[30.838016681160259,-30.065821411663443],[30.837545468996943,-30.065775782573557],[30.836473860879426,-30.065508672645635],[30.835842698335732,-30.065102456715753],[30.835626674745946,-30.064926089006907],[30.835244899848288,-30.064288749772132],[30.834638509581549,-30.0635963539481],[30.834260611324325,-30.063501277926047],[30.833343790228412,-30.06359922405754],[30.832738016587466,-30.063508359409266],[30.832362265594178,-30.063246694187157],[30.831506795633704,-30.063447414524738],[30.830857422936742,-30.063902373601074],[30.830398793904283,-30.06401683468733],[30.830157014379022,-30.063912732657236],[30.829981780944813,-30.063658797443317],[30.829754682394199,-30.063562398349259],[30.829388561183009,-30.063617666283836],[30.830102260952927,-30.062713168990125],[30.830406287681608,-30.061424698377618],[30.830571732109501,-30.060350911599187],[30.83039167605066,-30.057656209051338],[30.830062400499937,-30.057127071562967],[30.831523209174517,-30.056648056777604],[30.832729158360593,-30.057554570575903],[30.833177845145343,-30.058857834563799],[30.834485197275107,-30.059542088784358],[30.835631935639938,-30.060994718794227],[30.835558531191683,-30.061774659570357],[30.835987605466705,-30.062372285955526],[30.837185402296157,-30.063635521019663],[30.837251304767832,-30.064361779239565],[30.837220589998804,-30.064687843837703],[30.837608642845822,-30.065080820970994],[30.839542870816679,-30.064915324058269],[30.840570917527444,-30.064177766047596],[30.841308702907376,-30.063913447839372],[30.84140096604704,-30.064195550559361],[30.841581222801935,-30.064392181754375]]]}},
{"type":"Feature","properties":{"sde_LDR_Mi":0.0,"CAT_NAME":"Lovu River","MAJ_CAT":"Lovu River","Shape_STAr":718399.98013299995,"Shape_STLe":4185.6980224099998,"CatchNames":"Lovu 9"},"geometry":{"type":"Polygon","coordinates":[[[30.822738046776326,-30.073681401286461],[30.822834679013784,-30.073584106967346],[30.823061704929692,-30.072324028998814],[30.822970780616327,-30.071320699840967],[30.823551225387252,-30.070611007222737],[30.822002169541147,-30.069446580950963],[30.820966787772527,-30.068880468631285],[30.820727029963315,-30.068637661445841],[30.819260446842957,-30.067835861811844],[30.818675931566535,-30.067608001286288],[30.818483282932881,-30.067412975433861],[30.817550743866359,-30.067227386154009],[30.817669430013407,-30.065967972505604],[30.817607226714784,-30.065280769697427],[30.817125603445295,-30.064607235306269],[30.818490447144697,-30.064526861426408],[30.819878879952242,-30.064191216294493],[30.820709967489087,-30.064606771890915],[30.82127188091934,-30.064020192129401],[30.822354643549929,-30.063758436177178],[30.824934533400061,-30.064013677690994],[30.8259604156252,-30.064658047872292],[30.826932176061401,-30.064175637556328],[30.827598442266513,-30.064386339707809],[30.828268642984312,-30.064721350612089],[30.828983600771299,-30.06490495644762],[30.829517747772261,-30.06571887896412],[30.829298543529838,-30.066658654295654],[30.827450000931446,-30.067258194355375],[30.827112825858702,-30.068034983871836],[30.827745065339439,-30.068801412786094],[30.826890699572303,-30.070094144438556],[30.826786907926405,-30.070966861209072],[30.826874640151981,-30.071727429946559],[30.825910814408807,-30.072783395383702],[30.825750570556401,-30.074130460426925],[30.825655804870618,-30.074229292912399],[30.82470405069024,-30.074307046498241],[30.823987589347997,-30.074408383206155],[30.823891305455962,-30.07431091898388],[30.822738046776326,-30.073681401286461]]]}},
{"type":"Feature","properties":{"sde_LDR_Mi":0.0,"CAT_NAME":"Lovu River","MAJ_CAT":"Lovu River","Shape_STAr":524701.24990099994,"Shape_STLe":3778.74160678,"CatchNames":"Lovu 11"},"geometry":{"type":"Polygon","coordinates":[[[30.826805872361344,-30.085098130156592],[30.82632559296481,-30.084806632415852],[30.826195592316971,-30.083813562092431],[30.826197461861039,-30.082744289117514],[30.825848445786811,-30.081445421013974],[30.825147821432584,-30.080337026618821],[30.823656904377774,-30.079189382051865],[30.822508196246321,-30.078214331818685],[30.824189388088612,-30.078216618074354],[30.824189710778569,-30.078035299870336],[30.823987589347997,-30.074408383206134],[30.824704050690247,-30.074307046498223],[30.825655804870632,-30.074229292912399],[30.825993181638811,-30.074298930959142],[30.826543749745632,-30.074636227539997],[30.827445633869431,-30.074904885309749],[30.827738746610965,-30.075320047877867],[30.82794700993075,-30.075501640255979],[30.829002439572545,-30.076652815618203],[30.82856992077695,-30.076953095756146],[30.828746910586602,-30.077168473424809],[30.829900367711797,-30.076343124830789],[30.831115607036885,-30.076132886060496],[30.831786373182098,-30.075763713338564],[30.832446495727154,-30.075613098568073],[30.832621202782605,-30.075220735221656],[30.832742786709684,-30.075145205706097],[30.833193609286305,-30.07603198509354],[30.833284742147772,-30.077036749444694],[30.832640630627058,-30.07850641477075],[30.83225032927842,-30.07911274780675],[30.832189907423668,-30.079755314039858],[30.833038265792226,-30.080799202630612],[30.832569691852012,-30.081928014111142],[30.831589948410002,-30.083400894948415],[30.831365608905287,-30.083568484734506],[30.83065446366593,-30.084284184376926],[30.830329545670949,-30.084306497007383],[30.82996570782014,-30.084280586165434],[30.829177552543726,-30.085371265573499],[30.828497830814253,-30.085417916700443],[30.828042217768942,-30.085196127998266],[30.826887747302386,-30.085110621900601],[30.826805872361344,-30.085098130156592]]]}},
{"type":"Feature","properties":{"sde_LDR_Mi":0.0,"CAT_NAME":"Lovu River","MAJ_CAT":"Lovu River","Shape_STAr":728647.99173699995,"Shape_STLe":4603.7106821099997,"CatchNames":"Lovu 12"},"geometry":{"type":"Polygon","coordinates":[[[30.835453664914045,-30.074785946986996],[30.835894288165488,-30.074896103277769],[30.83561460585787,-30.075308583976998],[30.836368941638867,-30.0777986172893],[30.837439793199724,-30.078495625303695],[30.837624918851539,-30.078697290257171],[30.837905582743289,-30.078893388741712],[30.838248883254561,-30.079604742229339],[30.838896022465104,-30.08049201189203],[30.839195597217962,-30.081499730492933],[30.838879755397461,-30.082132243497089],[30.838674531205207,-30.082679580225825],[30.838461303585717,-30.083038347130955],[30.838117405682496,-30.084257692435138],[30.837211490852148,-30.084853668287312],[30.83597002148316,-30.085559362411537],[30.835745958894698,-30.085936245835597],[30.835540697100377,-30.086483556497083],[30.834285146187529,-30.086659688572581],[30.83308011893611,-30.087197609399052],[30.832419637259886,-30.087208493284198],[30.831189897656113,-30.086840667064784],[30.830739916204937,-30.087017797487945],[30.829820229706215,-30.08755821871889],[30.828969468531724,-30.087107961132389],[30.828140379318324,-30.08721966862122],[30.826575842500855,-30.087289216627557],[30.82638405515635,-30.087098021477313],[30.826837887859131,-30.08653772826062],[30.826939970128553,-30.085794021057481],[30.826887747302386,-30.085110621900601],[30.828042217768942,-30.085196127998266],[30.828497830814253,-30.085417916700443],[30.829177552543726,-30.085371265573499],[30.82996570782014,-30.084280586165434],[30.830329545670949,-30.084306497007383],[30.83065446366593,-30.084284184376926],[30.831365608905287,-30.083568484734506],[30.831589948410002,-30.083400894948415],[30.832569691852012,-30.081928014111142],[30.833038265792226,-30.080799202630612],[30.832189907423668,-30.079755314039858],[30.832250329278406,-30.079112747806711],[30.832640630627065,-30.078506414770782],[30.833284742147772,-30.077036749444694],[30.833193609286305,-30.076031985093564],[30.832742786709684,-30.075145205706097],[30.833216910779633,-30.074701443208756],[30.835245491999945,-30.074604366563957],[30.835453664914045,-30.074785946986996]]]}},
{"type":"Feature","properties":{"sde_LDR_Mi":0.0,"CAT_NAME":"Lovu River","MAJ_CAT":"Lovu River","Shape_STAr":919786.90405699995,"Shape_STLe":5475.3033219600002,"CatchNames":"Lovu 13"},"geometry":{"type":"Polygon","coordinates":[[[30.841811089065995,-30.081158702095038],[30.842153667480346,-30.081457461098736],[30.84257833528978,-30.081911458053],[30.84285657124131,-30.082308441273753],[30.84303642583194,-30.08341999132384],[30.843442418026026,-30.084007170333415],[30.843569577904443,-30.084406213725277],[30.843238632953348,-30.085025470946324],[30.842854591448191,-30.085961592982681],[30.842402336716439,-30.086475165014534],[30.842109034192504,-30.087738391602098],[30.841031753794738,-30.089165292089],[30.842109200183746,-30.089710289108918],[30.842517848677137,-30.090207566348113],[30.842301941333329,-30.090812702744572],[30.840646732276095,-30.091196070828087],[30.839415914774534,-30.090612535946867],[30.837440006702256,-30.090712487037049],[30.836491660929322,-30.090456556061021],[30.835039786342328,-30.089768155936156],[30.834245247042485,-30.089725927262588],[30.833443826877328,-30.090503683789795],[30.832342637824741,-30.090279371818955],[30.831620596566143,-30.089574546604613],[30.829454903935989,-30.090247134742064],[30.828129463189562,-30.090552200083383],[30.826648155600978,-30.090470410817325],[30.825959935931685,-30.090079434839136],[30.825628217582477,-30.090004931173947],[30.825500719323987,-30.089984847642789],[30.825380501748,-30.088111070836185],[30.825711885299754,-30.087966725972944],[30.825735099231256,-30.087401202177201],[30.828231788367237,-30.087190979680859],[30.828969468531724,-30.087107961132389],[30.829820229706215,-30.08755821871889],[30.830739916204937,-30.087017797487945],[30.831189897656113,-30.086840667064784],[30.832419637259886,-30.087208493284198],[30.83308011893611,-30.087197609399052],[30.834285146187529,-30.086659688572581],[30.835540697100377,-30.086483556497083],[30.835745958894698,-30.085936245835597],[30.83597002148316,-30.085559362411537],[30.837211490852148,-30.084853668287312],[30.838117405682496,-30.084257692435138],[30.838461303585717,-30.083038347130955],[30.838674531205207,-30.082679580225825],[30.838879755397461,-30.082132243497089],[30.839195597217962,-30.081499730492933],[30.839763416087713,-30.081359338415513],[30.840745390860498,-30.080678278379118],[30.841057099453341,-30.080704304811317],[30.841811089065995,-30.081158702095038]]]}},
{"type":"Feature","properties":{"sde_LDR_Mi":0.0,"CAT_NAME":"Lovu River","MAJ_CAT":"Lovu River","Shape_STAr":835856.32543199998,"Shape_STLe":4239.8461992599996,"CatchNames":"Lovu 14"},"geometry":{"type":"Polygon","coordinates":[[[30.846113664432536,-30.094525025652256],[30.846126443791409,-30.094592258691389],[30.845686462136552,-30.095116832693176],[30.844971994098259,-30.095641081616535],[30.844449208329841,-30.096451966276867],[30.844228423669644,-30.09721547167435],[30.84425486203542,-30.097859931307489],[30.844294374604939,-30.097921206676574],[30.843436059655399,-30.098089694597544],[30.843021935896097,-30.098662746078762],[30.842915447278791,-30.102538328756314],[30.835334078820793,-30.102443192463252],[30.835244008296254,-30.101577414456063],[30.829392312505895,-30.101183482594717],[30.822849778318915,-30.098811922582509],[30.81951452786398,-30.09891478815328],[30.81631509923681,-30.098054659087435],[30.815063533513779,-30.098224298605167],[30.814561121625687,-30.09833084832454],[30.814541390758226,-30.098310877101692],[30.814632951140041,-30.098280695603481],[30.816085220141112,-30.096678827123796],[30.816812287589627,-30.095362345550623],[30.817637516599913,-30.094389690927969],[30.818858443651024,-30.093159805672446],[30.819485858486221,-30.092272789974377],[30.81958633242072,-30.09135640749582],[30.819061541170463,-30.090152752697421],[30.818404287704418,-30.089349890497456],[30.817944342505395,-30.088719146080571],[30.817863524201861,-30.088471670620518],[30.818304453361126,-30.0878615075022],[30.819073118114023,-30.087010917730638],[30.819273337910822,-30.086435665984371],[30.819644093596175,-30.087161180872236],[30.820244831010882,-30.087203954507341],[30.821463700662051,-30.086735458680586],[30.822272400763495,-30.086845621492678],[30.82354880347248,-30.086738287307508],[30.823757273857996,-30.08673849576947],[30.825302775523497,-30.08685531449343],[30.825518202425968,-30.089919176321597],[30.825628217582477,-30.090004931173947],[30.825959935931678,-30.090079434839158],[30.826648155600978,-30.090470410817325],[30.828129463189562,-30.090552200083383],[30.829454903935989,-30.090247134742064],[30.831620596566143,-30.089574546604613],[30.832342637824741,-30.090279371818955],[30.833443826877328,-30.090503683789795],[30.834245247042485,-30.089725927262588],[30.835039786342335,-30.089768155936156],[30.836491660929322,-30.090456556061039],[30.837440006702256,-30.090712487037049],[30.839415914774534,-30.090612535946885],[30.840646732276095,-30.091196070828087],[30.842301941333329,-30.090812702744572],[30.842517848677137,-30.090207566348113],[30.842656237767216,-30.090268624723382],[30.843142034503018,-30.091114922784058],[30.843350256187144,-30.091296584238517],[30.843857700727245,-30.091580810266112],[30.844844812351955,-30.092920012385836],[30.845765356368364,-30.094009464549575],[30.846113664432536,-30.094525025652256]]]}},
{"type":"Feature","properties":{"sde_LDR_Mi":0.0,"CAT_NAME":"Little Manzimtoti River","MAJ_CAT":"Manzimtoti River","Shape_STAr":718307.65252700006,"Shape_STLe":3625.1771138700001,"CatchNames":"Lovu 1"},"geometry":{"type":"Polygon","coordinates":[[[30.854675770539615,-30.07310603856585],[30.854560944323421,-30.073379598849723],[30.854559827290448,-30.074143367424572],[30.855272457355312,-30.074740849031155],[30.856479303587538,-30.075171792630677],[30.857274589004394,-30.075554543337979],[30.857712988215152,-30.076032374611714],[30.857712407595702,-30.076438126570547],[30.857601884063367,-30.076963098435431],[30.857902768223767,-30.077655590101109],[30.857929597571015,-30.078085239382709],[30.857709094422948,-30.078753299032339],[30.857296413811401,-30.079468885314114],[30.857158509363572,-30.079946091251699],[30.856906259191092,-30.080617048446452],[30.856598841535913,-30.080697233561128],[30.85588124462144,-30.081138556413723],[30.854888768729861,-30.083419708273428],[30.854473987251538,-30.083861548516321],[30.854184670576362,-30.084641703881225],[30.853486898951015,-30.08509202866005],[30.852837728769213,-30.084224903475228],[30.851612090366444,-30.083450209734334],[30.84968655006351,-30.08254316547875],[30.849099572270799,-30.082538508696054],[30.848447775973717,-30.083394438264357],[30.8479017314644,-30.08394415907178],[30.845543055244708,-30.084129887701362],[30.845321762437067,-30.084352705425097],[30.844589927595969,-30.084300667624245],[30.843569577904439,-30.084406213725256],[30.843442418026026,-30.084007170333415],[30.84303642583194,-30.08341999132384],[30.84285657124131,-30.082308441273728],[30.842586213117524,-30.08192798398505],[30.84214786097149,-30.081450102851779],[30.841824482124448,-30.081158527270858],[30.841084206842471,-30.080708920200305],[30.840729545146644,-30.080689268491575],[30.839763416087713,-30.081359338415513],[30.839195597217962,-30.081499730492922],[30.838896022465118,-30.08049201189203],[30.838248883254572,-30.079604742229321],[30.837905582743289,-30.078893388741712],[30.837624918851553,-30.078697290257146],[30.837439793199724,-30.078495625303681],[30.836371770178566,-30.077798240361993],[30.836050995022184,-30.076726557639361],[30.835611073887208,-30.075313792967336],[30.835894288165502,-30.07489610327772],[30.837733249998724,-30.073389474704303],[30.839578709085679,-30.072551593080295],[30.840991155433997,-30.071807544058618],[30.841809889453586,-30.07161377538068],[30.844466042931913,-30.071423839067272],[30.845183427477721,-30.071343946724802],[30.845809004081186,-30.071401964673868],[30.846649287561942,-30.071030609667318],[30.846929528600608,-30.070810618330842],[30.847760478757198,-30.070811586798477],[30.847924678522151,-30.070530146517566],[30.848212012016528,-30.070572595808336],[30.848522559034102,-30.070708097060759],[30.848677764321163,-30.070820895022784],[30.848946913087456,-30.070933823769163],[30.849142107051172,-30.071081653095948],[30.84921957386327,-30.070994592703748],[30.850085737496443,-30.070909956091185],[30.851076437393505,-30.070350440149006],[30.852764818989741,-30.070273324280542],[30.852893736568799,-30.070342568610474],[30.853052293724062,-30.070567095453519],[30.854484369170745,-30.070720963675292],[30.854992289352925,-30.071267829033204],[30.854767840011796,-30.071838330169083],[30.854350139519223,-30.072354400468953],[30.854654780754963,-30.073105208649242],[30.854675770539615,-30.07310603856585]],[[30.849128562974929,-30.071096874465795],[30.849137336025635,-30.071087014964213],[30.849002779653407,-30.071181081838848],[30.849128562974929,-30.071096874465795]]]}},
{"type":"Feature","properties":{"sde_LDR_Mi":0.0,"CAT_NAME":"Little Manzimtoti River","MAJ_CAT":"Manzimtoti River","Shape_STAr":2907715.4154400001,"Shape_STLe":11468.5358829,"CatchNames":"Lovu 10"},"geometry":{"type":"Polygon","coordinates":[[[30.831328149969909,-30.067390162498882],[30.832018055504808,-30.067927877061333],[30.832232407214875,-30.06873434209529],[30.833270786243538,-30.06938229444771],[30.833968258329428,-30.070743642196469],[30.834076550151366,-30.071626887674832],[30.834348401179202,-30.073166703605537],[30.834209679344305,-30.074073504962016],[30.833216910779633,-30.074701443208738],[30.832742786709684,-30.075145205706097],[30.832621202782605,-30.075220735221656],[30.832446495727154,-30.075613098568073],[30.831786373182098,-30.075763713338564],[30.831115607036885,-30.076132886060496],[30.829900367711797,-30.076343124830789],[30.828746910586602,-30.077168473424809],[30.82856992077695,-30.076953095756146],[30.829002439572545,-30.076652815618203],[30.82794700993075,-30.075501640255979],[30.827738746610965,-30.075320047877867],[30.827445633869431,-30.074904885309749],[30.826543749745632,-30.074636227539997],[30.825993181638811,-30.074298930959142],[30.825655804870632,-30.074229292912399],[30.825750570556401,-30.074130460426904],[30.825910814408825,-30.072783395383702],[30.826874640152006,-30.07172742994657],[30.826786907926405,-30.070966861209072],[30.826890699572317,-30.070094144438563],[30.827745065339457,-30.068801412786094],[30.827112825858702,-30.068034983871829],[30.827450000931446,-30.067258194355375],[30.829298543529855,-30.066658654295654],[30.829517747772261,-30.06571887896412],[30.828983600771313,-30.064904956447609],[30.830174284565835,-30.06457747873014],[30.830588510702409,-30.064480331376274],[30.831096565164362,-30.065351845030939],[30.83125887186694,-30.06672683993871],[30.831328149969909,-30.067390162498882]]]}},
{"type":"Feature","properties":{"sde_LDR_Mi":0.0,"CAT_NAME":"Little Manzimtoti River","MAJ_CAT":"Manzimtoti River","Shape_STAr":1676632.50333,"Shape_STLe":7104.5779791699997,"CatchNames":"Lovu 3"},"geometry":{"type":"Polygon","coordinates":[[[30.848503719587043,-30.068033467311114],[30.84846345359653,-30.069557177086171],[30.848235959794149,-30.070475886313915],[30.847924678522151,-30.070530146517566],[30.847760478757198,-30.070811586798477],[30.846929528600615,-30.070810618330913],[30.846649287561934,-30.071030609667318],[30.845809004081183,-30.071401964673893],[30.845183427477714,-30.071343946724802],[30.844466042931906,-30.071423839067272],[30.841809889453572,-30.071613775380687],[30.84099115543399,-30.071807544058668],[30.839578709085693,-30.072551593080295],[30.837733249998724,-30.073389474704303],[30.835894288165488,-30.074896103277712],[30.835453664914045,-30.074785946986996],[30.835245491999945,-30.074604366563957],[30.833216910779633,-30.074701443208738],[30.834209679344315,-30.074073504962008],[30.834348401179202,-30.073166703605537],[30.834076550151359,-30.071626887674821],[30.833968258329428,-30.070743642196469],[30.833270786243538,-30.06938229444771],[30.832232407214875,-30.06873434209529],[30.833443665031051,-30.068673100393688],[30.834310444654125,-30.069259108158835],[30.834628804052297,-30.069345027003475],[30.835169167964249,-30.069271646815377],[30.835671524201153,-30.069165019134331],[30.835764411111235,-30.069064463901292],[30.836204626838786,-30.068903721415651],[30.836598859494948,-30.068702869366252],[30.837782945596107,-30.068323750694635],[30.838268140946994,-30.067798255583135],[30.838499887493871,-30.067637338956267],[30.838685651669142,-30.067436133235237],[30.839638493117146,-30.067088195803489],[30.841771390942824,-30.066767992630361],[30.842300953264246,-30.066498095917503],[30.842080057410342,-30.064936324914132],[30.841581222801935,-30.064392181754368],[30.84225123140234,-30.063722831719556],[30.843364991264956,-30.063530457835302],[30.844239601880282,-30.063923412243437],[30.845186430497041,-30.064505645713187],[30.84645226379283,-30.065375872485379],[30.846517934306895,-30.065711709186235],[30.847628933607478,-30.066306873104669],[30.848204264709416,-30.06690423432698],[30.848862576723683,-30.067072067523689],[30.849064060141334,-30.067118434006936],[30.848503719587043,-30.068033467311114]]]}},
{"type":"Feature","properties":{"sde_LDR_Mi":0.0,"CAT_NAME":"Little Manzimtoti River","MAJ_CAT":"Manzimtoti River","Shape_STAr":787732.78003699996,"Shape_STLe":4880.91349051,"CatchNames":"Lovu 4"},"geometry":{"type":"Polygon","coordinates":[[[30.830588510702434,-30.064480331376252],[30.829388561183009,-30.063617666283836],[30.829754682394199,-30.063562398349259],[30.829981780944813,-30.063658797443317],[30.830157014379022,-30.063912732657236],[30.830398793904283,-30.06401683468733],[30.830857422936742,-30.063902373601074],[30.831506795633704,-30.063447414524738],[30.832362265594178,-30.063246694187157],[30.832738016587466,-30.063508359409266],[30.833343790228412,-30.063599224057484],[30.834260611324325,-30.063501277926047],[30.834638509581549,-30.0635963539481],[30.835244899848288,-30.064288749772132],[30.835626674745946,-30.064926089006907],[30.835842698335732,-30.065102456715753],[30.836473860879426,-30.065508672645635],[30.837545468996943,-30.065775782573557],[30.838016681160259,-30.065821411663443],[30.838348105587688,-30.065839838645786],[30.839331868900519,-30.065989701936221],[30.840641838870763,-30.066185001363291],[30.840916447483075,-30.066108752801231],[30.840917816248535,-30.065252847843137],[30.841581222801935,-30.064392181754368],[30.842080057410342,-30.064936324914132],[30.842300953264246,-30.066498095917503],[30.841771390942824,-30.066767992630361],[30.839638493117146,-30.067088195803489],[30.838685651669142,-30.067436133235237],[30.838499887493871,-30.067637338956267],[30.838268140946994,-30.067798255583135],[30.837782945596107,-30.068323750694635],[30.836598859494948,-30.068702869366252],[30.836204626838786,-30.068903721415651],[30.835764411111235,-30.069064463901292],[30.835671524201153,-30.069165019134331],[30.835169167964249,-30.069271646815377],[30.834628804052297,-30.069345027003475],[30.834310444654125,-30.069259108158835],[30.833443665031051,-30.068673100393688],[30.832232407214875,-30.06873434209529],[30.8320180555048,-30.067927877061319],[30.831328149969909,-30.067390162498882],[30.83125887186694,-30.06672683993871],[30.831096565164387,-30.065351845030939],[30.830588510702434,-30.064480331376252]]]}},
{"type":"Feature","properties":{"sde_LDR_Mi":0.0,"CAT_NAME":"Little Manzimtoti River","MAJ_CAT":"Manzimtoti River","Shape_STAr":1351731.03825,"Shape_STLe":6580.7681976499998,"CatchNames":"Lovu 2"},"geometry":{"type":"Polygon","coordinates":[[[30.850287081239429,-30.054313451334107],[30.85436308925188,-30.054398685224108],[30.855971856941384,-30.054821261122029],[30.857073587194112,-30.055681706623144],[30.857763775532742,-30.05654169833976],[30.85853586116216,-30.057702509605051],[30.859434539942797,-30.058270841275647],[30.858999912100749,-30.058744442518424],[30.860095788010565,-30.05991513824274],[30.860368865016493,-30.060846274968068],[30.860284672320095,-30.06218278536381],[30.859853082210282,-30.062813146098616],[30.858585934551055,-30.063440446942213],[30.857853042764262,-30.064361432020231],[30.857235963173103,-30.064731066818002],[30.857065102626358,-30.065126714576209],[30.856440910314152,-30.065363013129314],[30.855740502434418,-30.06583960325321],[30.855423607353927,-30.066758166789292],[30.855141606563095,-30.067265047808259],[30.854818494407397,-30.06773608104324],[30.854507465824891,-30.0679108713028],[30.854406249603521,-30.068171213028453],[30.85415189032949,-30.068534915452346],[30.853719278066183,-30.068820848721778],[30.853306522556174,-30.069293184939831],[30.852764818989723,-30.070273324280542],[30.851076437393505,-30.070350440149053],[30.850085737496443,-30.070909956091224],[30.84921957386327,-30.070994592703748],[30.849142107051172,-30.071081653095948],[30.848946913087442,-30.070933823769163],[30.848677764321156,-30.070820895022798],[30.848522559034091,-30.070708097060759],[30.848212012016493,-30.070572595808358],[30.847924678522151,-30.070530146517566],[30.848235959794149,-30.070475886313915],[30.84846345359653,-30.069557177086171],[30.848503719587043,-30.068033467311114],[30.849323950845761,-30.066694027198864],[30.849530686955337,-30.065096458467924],[30.849544159427612,-30.064557750458306],[30.849539892125911,-30.064362805795739],[30.850380986412059,-30.062565916753403],[30.850587483442411,-30.061111904774378],[30.850861959637573,-30.060649810338322],[30.850733069762768,-30.060251317216515],[30.850618924934277,-30.059520831236366],[30.849912142372819,-30.058775349283479],[30.848672641152973,-30.058220246608649],[30.847987241602262,-30.057956857403795],[30.847594506401002,-30.056409765299062],[30.846943909081208,-30.055783884302958],[30.847546676823828,-30.055392938698159],[30.848304031005334,-30.055157688423527],[30.848912429238201,-30.054748574286897],[30.849784646520568,-30.05460145372265],[30.850287081239429,-30.054313451334107]]]}},
{"type":"Feature","properties":{"sde_LDR_Mi":0.0,"CAT_NAME":"Lovu River","MAJ_CAT":"Lovu River","Shape_STAr":184324.01306500001,"Shape_STLe":2550.6104622900002,"CatchNames":"Lovu 8"},"geometry":{"type":"Polygon","coordinates":[[[30.810255566733257,-30.059701615889423],[30.81108894207722,-30.05996306858458],[30.812778844371561,-30.059438313425108],[30.813075388608823,-30.059791270080076],[30.813308589099602,-30.061547675306748],[30.814212734043529,-30.061910153345387],[30.814725596881349,-30.062886301502278],[30.814945105029139,-30.063239145231993],[30.815584574848291,-30.064456144435081],[30.81680717099114,-30.064521183786393],[30.817125603445302,-30.064607235306269],[30.817607226714799,-30.065280769697427],[30.817669430013407,-30.065967972505604],[30.817550743866359,-30.067227386154009],[30.818483282932892,-30.067412975433871],[30.818675931566553,-30.067608001286288],[30.819260446842964,-30.067835861811844],[30.820727029963315,-30.068637661445841],[30.820966787772527,-30.068880468631285],[30.822002169541147,-30.069446580950963],[30.823551225387266,-30.070611007222727],[30.822970780616334,-30.071320699840967],[30.823061704929692,-30.072324028998793],[30.822834679013795,-30.073584106967346],[30.822738046776344,-30.073681401286457],[30.823891305455984,-30.07431091898388],[30.823987589347997,-30.074408383206134],[30.824189710778569,-30.078035299870336],[30.824189388088612,-30.078216618074354],[30.822104461902111,-30.078213779577808],[30.821573759312969,-30.078130788120017],[30.820887898723104,-30.07770010010298],[30.820552548232182,-30.077024612628048],[30.818477773866999,-30.076819417615553],[30.816462561892283,-30.076995132478519],[30.815795282443826,-30.076294270504853],[30.815551445761368,-30.075567029317892],[30.815438054796484,-30.075303281128392],[30.816389427938201,-30.075383550569001],[30.815371938606937,-30.073589798235474],[30.814516711958792,-30.07233553560209],[30.813681635759064,-30.071032862444248],[30.810472530789699,-30.070509848537398],[30.807978687854121,-30.070486182053333],[30.807139942454086,-30.070077555176379],[30.805432665332159,-30.069249427327641],[30.804130577333069,-30.068561294838986],[30.803358311336567,-30.06848536747194],[30.802638790452701,-30.067752754388771],[30.80213169831093,-30.067454935285774],[30.801172707932054,-30.06592529254301],[30.801334690297619,-30.064757185765437],[30.801463249934425,-30.063830080758226],[30.8024725554722,-30.062047838646219],[30.802985815063142,-30.060561108548615],[30.803221629641225,-30.059878021944467],[30.804252617964142,-30.058835343285878],[30.805574095156214,-30.058348976324961],[30.807100719383754,-30.059021022458658],[30.808262760507631,-30.059257084810142],[30.809539960097567,-30.059416897672818],[30.809929677824918,-30.059622121302255],[30.810255566733257,-30.059701615889423]]]}},
{"type":"Feature","properties":{"sde_LDR_Mi":0.0,"CAT_NAME":"Msimbazi River","MAJ_CAT":"Msimbazi River","Shape_STAr":1346161.11036,"Shape_STLe":5997.8750180400002,"CatchNames":"Lovu 23"},"geometry":{"type":"Polygon","coordinates":[[[30.817553918326819,-30.119441047365228],[30.818368363928286,-30.120462618761067],[30.819526051412872,-30.120315474092482],[30.820360246292271,-30.120423891442503],[30.821786237160463,-30.120242616895499],[30.823154405532637,-30.121163632156918],[30.823278333374489,-30.121552867534348],[30.82273217066993,-30.123127878716542],[30.822794544521351,-30.123816610620853],[30.822647067262892,-30.124634596199009],[30.823362878610059,-30.125100589909707],[30.830959520826642,-30.125268522501607],[30.830780974047379,-30.125370605672178],[30.830780662789131,-30.125551922631846],[30.830886717470779,-30.126882805246979],[30.832238374176832,-30.12700444261414],[30.832655544152232,-30.127004980299834],[30.83265400574189,-30.127911656020782],[30.832597866581072,-30.127997201224805],[30.832049308605963,-30.127814075360689],[30.831609995800761,-30.127813512760948],[30.830687113145547,-30.128003266867108],[30.829808158435629,-30.128193071412479],[30.82910558420139,-30.128001218212869],[30.827744176241147,-30.127732122381641],[30.826558166441085,-30.127654184981061],[30.825372427381151,-30.127423484629052],[30.824713528461483,-30.127384418622537],[30.823483118778729,-30.127573711234835],[30.822560701129483,-30.127496091795216],[30.821858146040451,-30.127304199875493],[30.821508415061622,-30.126349021207645],[30.821375363026597,-30.12631026686342],[30.82136183462935,-30.126320123002213],[30.821157589616252,-30.126004850510395],[30.820411877656742,-30.125392822339595],[30.818787437273642,-30.124855956629421],[30.817645258866349,-30.124854375600865],[30.816679928964149,-30.124242021079173],[30.816593481113575,-30.123478137118404],[30.815979107850232,-30.123133584193749],[30.814749019828938,-30.12317004298632],[30.813386856153919,-30.123359055299428],[30.812374380896241,-30.123490433377356],[30.812267286758598,-30.123057325463442],[30.811964241202102,-30.123111753235737],[30.811770691100595,-30.122550023913124],[30.811770052641894,-30.122025044431396],[30.8114072768985,-30.1209976689779],[30.811968637234052,-30.120301532320102],[30.812325421781861,-30.119628643518137],[30.813173122092874,-30.118733372672207],[30.813579578365353,-30.118179806984916],[30.814398967395199,-30.117263739899517],[30.81452867664904,-30.115738340520988],[30.816614383542166,-30.115741200519363],[30.816420981798391,-30.116461508824461],[30.816729987460459,-30.116908292212141],[30.817001499161528,-30.117487717929418],[30.817353663999448,-30.117997164385869],[30.817553918326819,-30.119441047365228]]]}},
{"type":"Feature","properties":{"sde_LDR_Mi":0.0,"CAT_NAME":"Little Manzimtoti River","MAJ_CAT":"Manzimtoti River","Shape_STAr":721149.44765500003,"Shape_STLe":4204.3782505299996,"CatchNames":"Lovu 6"},"geometry":{"type":"Polygon","coordinates":[[[30.841299096141302,-30.063807206944798],[30.841308702907376,-30.063913447839372],[30.840570917527444,-30.064177766047596],[30.839542870816679,-30.064915324058269],[30.837608642845822,-30.065080820970994],[30.837220589998804,-30.064687843837685],[30.837251304767832,-30.064361779239565],[30.837185402296164,-30.063635521019673],[30.835987605466705,-30.062372285955494],[30.835558531191683,-30.061774659570357],[30.835631935639938,-30.060994718794227],[30.834533674958163,-30.059603498918577],[30.835319247553098,-30.059704508724664],[30.836279232566035,-30.059920518092976],[30.836882444807895,-30.060183814060387],[30.837265762288428,-30.060685513752496],[30.837731204953279,-30.061306652884252],[30.838142163994707,-30.061689044860923],[30.838471042003189,-30.061928127689953],[30.839046756082574,-30.062239115589179],[30.83962235834284,-30.062621704341868],[30.840335122519818,-30.063028325028093],[30.840828416500756,-30.063410808504919],[30.841299096141302,-30.063807206944798]]]}},
{"type":"Feature","properties":{"sde_LDR_Mi":0.0,"CAT_NAME":"Mlazi Upper River","MAJ_CAT":"Umlaas River","Shape_STAr":3427420.93683,"Shape_STLe":9748.0739307299991,"CatchNames":"Mpumalanga 4","CatchNo":"4"},"geometry":{"type":"Polygon","coordinates":[[[30.63563799062344,-29.812722308436214],[30.636165967294453,-29.812836863248005],[30.636590556232989,-29.812597463227274],[30.636330108589487,-29.813553925327426],[30.636449605379514,-29.814568667147999],[30.636665808769543,-29.815333055015902],[30.63665098204185,-29.815421566521525],[30.635953907865225,-29.815402701309264],[30.635447114300277,-29.815520646833921],[30.634908324751887,-29.815356463172236],[30.633352830175852,-29.815441388494605],[30.63278846950362,-29.815768678780291],[30.632031982902873,-29.816052996759637],[30.631522391995073,-29.816185240501675],[30.630793182164002,-29.816493495916802],[30.629679838559372,-29.81705367763039],[30.628896032819885,-29.817318806113597],[30.628025164626433,-29.817440473748963],[30.627319204217354,-29.817549415746008],[30.626195385399029,-29.818679428748428],[30.626363921882565,-29.82058579843331],[30.626060103657068,-29.822961081157317],[30.626241080977628,-29.823395059278482],[30.625826591664268,-29.823959143780151],[30.625981535767867,-29.825074591319268],[30.625138855617276,-29.824890030161491],[30.624304145625945,-29.824839922211595],[30.623632737688126,-29.825040893387495],[30.623193822653427,-29.825290261385035],[30.622659770450362,-29.825360342599549],[30.622003659367397,-29.82513171646735],[30.621435275293237,-29.824933655906797],[30.620923909291243,-29.824977289737973],[30.619339109051296,-29.826478803723784],[30.618225502931743,-29.827821699902042],[30.617174769115913,-29.828921832058406],[30.616481552909143,-29.828871279597553],[30.61479765599104,-29.82909396096181],[30.613642526081897,-29.829803054941092],[30.613322496564599,-29.829886009676109],[30.613226653664615,-29.829788391117066],[30.611884555958071,-29.828773270219262],[30.611525307547517,-29.828064960383937],[30.611165863897384,-29.824886250374611],[30.610943759284581,-29.82453638927544],[30.610752797594976,-29.824159737467298],[30.609533190929177,-29.823961991210041],[30.608585667431232,-29.823372087517296],[30.607848363135417,-29.822337795716095],[30.60741904674558,-29.821805988635152],[30.607228816785135,-29.821247920589535],[30.607006019395637,-29.821079374724498],[30.606910190989879,-29.820981751584817],[30.610313713785104,-29.8211151885052],[30.610746487291848,-29.820710702314326],[30.611605453556649,-29.820021325639008],[30.613053315505677,-29.819824600630565],[30.614449569706622,-29.81872093136958],[30.614928745886221,-29.81796331048503],[30.615310639251209,-29.816876019230033],[30.615690716783686,-29.816261317778785],[30.616612404633937,-29.815734114271496],[30.61708063080393,-29.81537058345414],[30.616926785399073,-29.813919928861576],[30.616714159951609,-29.813394165089854],[30.616306992851488,-29.812745204038841],[30.615820713110082,-29.811970137161378],[30.615310634717417,-29.811157123606677],[30.615066707738755,-29.810529864589068],[30.615061965609037,-29.810125609479389],[30.616032867118562,-29.80878177876906],[30.617600351219497,-29.807205677059141],[30.618097194746074,-29.806179545878113],[30.618399176453284,-29.805481363065404],[30.620028786959899,-29.804375815789744],[30.620810784849208,-29.804074261993406],[30.62110973871393,-29.80349497875595],[30.622159574149201,-29.802711358689649],[30.622893910119412,-29.80352111763391],[30.623079779225218,-29.804263720222128],[30.623759339974956,-29.804579981396703],[30.6251827631216,-29.805973175698803],[30.625566027294447,-29.806628095078374],[30.625999218977338,-29.807156604341259],[30.626226072488898,-29.808288303701168],[30.628280956045714,-29.808613633445372],[30.62959025273425,-29.80910480702584],[30.632021056027249,-29.809349389207657],[30.63273810904586,-29.809631732802298],[30.63335929932844,-29.81035873506335],[30.633455142287058,-29.810456425913543],[30.633885878959944,-29.810625494773614],[30.634229449729315,-29.811632084204458],[30.635542039930186,-29.812624622489444],[30.63563799062344,-29.812722308436214]]]}},
{"type":"Feature","properties":{"sde_LDR_Mi":0.0,"CAT_NAME":"Mlazi Upper River","MAJ_CAT":"Umlaas River","Shape_STAr":2688322.4577199998,"Shape_STLe":7263.5685325200002,"CatchNames":"Mpumalanga 17","CatchNo":"17"},"geometry":{"type":"Polygon","coordinates":[[[30.606560856319373,-29.820811001538633],[30.606608424685678,-29.820883497620311],[30.606927761540184,-29.820968437510881],[30.607023589950607,-29.82106606063811],[30.607246387340702,-29.821234606473851],[30.607436617374688,-29.821792674495903],[30.607865933802181,-29.822324481521107],[30.608603238184021,-29.823358773227142],[30.609550761661957,-29.823948676794839],[30.610770368202953,-29.824146422889143],[30.610961329934039,-29.824523074673031],[30.611183434579484,-29.824872935743656],[30.61154287874356,-29.828051645716148],[30.611902127232117,-29.828759955505767],[30.613244224942033,-29.829775076227154],[30.613340067846668,-29.829872694773663],[30.613339364219211,-29.830054105820285],[30.612809512733953,-29.830134818489157],[30.611610008026361,-29.830788916805751],[30.609062541651458,-29.831030444201684],[30.608873052026365,-29.831227982695445],[30.608332483778657,-29.831616806313974],[30.607815452869922,-29.831569349403157],[30.607415095595233,-29.831767610025292],[30.60643828086933,-29.831953502899474],[30.606149718575487,-29.83192692996511],[30.605541091864609,-29.832306065115493],[30.604785297036756,-29.832589223516418],[30.603616352486469,-29.833317403324454],[30.601546384647776,-29.83371105385676],[30.599994840452961,-29.83332777448086],[30.598469964865302,-29.832268030115845],[30.597108809282833,-29.832181599557934],[30.597011008126074,-29.832085496967988],[30.592423466603872,-29.831782237742466],[30.59160812607541,-29.830980898023498],[30.591290637425903,-29.830894393240371],[30.591159068263231,-29.829950113926529],[30.590720951349187,-29.829294896122594],[30.591335895699633,-29.828399117600426],[30.59189677426307,-29.827799367060774],[30.592491656882,-29.826913297749449],[30.593348735730483,-29.826171243501278],[30.594336384726493,-29.825630079410072],[30.595553382682894,-29.825232820784287],[30.596703640278388,-29.825093126368564],[30.598377859385213,-29.825356005660456],[30.59899991557441,-29.82587345364864],[30.599849863539003,-29.826907147554181],[30.600175955585673,-29.827509619606591],[30.600865325872544,-29.827626272666489],[30.601426484628568,-29.826940555652765],[30.6012977049695,-29.826281397935553],[30.601334191161818,-29.82536495956839],[30.601534347701733,-29.824592225514131],[30.60173381975493,-29.823991341876717],[30.602032626148027,-29.823190262050232],[30.602627165530333,-29.822361429031801],[30.603681325583903,-29.821591256945386],[30.604373253864978,-29.821049129471543],[30.605360681268412,-29.820536523369022],[30.606560856319373,-29.820811001538633]]]}},
{"type":"Feature","properties":{"sde_LDR_Mi":0.0,"CAT_NAME":"Mlazi Upper River","MAJ_CAT":"Umlaas River","Shape_STAr":923654.01428200002,"Shape_STLe":4358.5001361300001,"CatchNames":"Mpumalanga 12","CatchNo":"12"},"geometry":{"type":"Polygon","coordinates":[[[30.651413770155106,-29.837474288303007],[30.651394416408809,-29.837318122288011],[30.651313661990809,-29.836784966168452],[30.651346455690536,-29.836682034929023],[30.651324910334846,-29.836511017168167],[30.651243101099141,-29.836389474103708],[30.651129664954979,-29.836267847458107],[30.651125005078931,-29.836261397754431],[30.651054205886716,-29.836163404938407],[30.651047827401701,-29.8361545764973],[30.650978794209575,-29.835997220376893],[30.650973694854518,-29.835978065164063],[30.650941330684308,-29.835856492251423],[30.650936133279153,-29.835743090610194],[30.650901428843451,-29.835610137845681],[30.650873306773054,-29.835566562661356],[30.650835358958886,-29.835507762405239],[30.650804348835649,-29.835436139863265],[30.650804680573241,-29.835340753317059],[30.650844097712923,-29.83524206339634],[30.650851221286242,-29.835230457633934],[30.650910901768853,-29.835133225761432],[30.650922908069909,-29.835051496838499],[30.650954593185613,-29.83492893958806],[30.650994069217795,-29.834813216300343],[30.651002369366843,-29.834673563774125],[30.651010574767749,-29.834561164547264],[30.651010918138056,-29.834462371323422],[30.65101252480623,-29.834421512074503],[30.651015204348539,-29.834353368432254],[30.651004773093721,-29.834316515513571],[30.650995904558478,-29.83428518355603],[30.650986616318821,-29.834224422535925],[30.650984443107962,-29.83421020599841],[30.6509858608988,-29.834207926908086],[30.651011948238693,-29.834165991642969],[30.651066804529805,-29.834121849534018],[30.651284644713854,-29.834015005287188],[30.651357220234853,-29.83396032260006],[30.651521045863731,-29.833836886319013],[30.651665887819092,-29.833758914371327],[30.651755968343664,-29.833697831378885],[30.651916486326119,-29.833606273699615],[30.652026043985249,-29.833562275317068],[30.652120090415249,-29.833484169045075],[30.652171357174545,-29.833348036250939],[30.652195072260259,-29.833269744709195],[30.652269688074647,-29.833160926907528],[30.65235197673859,-29.833093009596389],[30.652489084966351,-29.8329911695078],[30.652602831826602,-29.83286542097138],[30.652665866517797,-29.832715692133277],[30.652666188159326,-29.832622702654596],[30.652676670739801,-29.83260832786392],[30.652663809594067,-29.832480713217194],[30.652662701756846,-29.832501061310381],[30.652523245469165,-29.832322334137565],[30.652448839142224,-29.832101121720562],[30.652395439976168,-29.831940856913427],[30.652349660162912,-29.831751293920927],[30.652313427705639,-29.831570777261085],[30.652281005996695,-29.831421844318243],[30.652206619751784,-29.831299863242283],[30.652145581121879,-29.831198214828632],[30.652048291643297,-29.831037833544961],[30.651949122253498,-29.830906765538312],[30.651838494420055,-29.830804985379384],[30.651661115155154,-29.830687241054065],[30.651519972013308,-29.830562826948814],[30.651443699165199,-29.830472413945596],[30.651109880709896,-29.830178342694047],[30.651082295781023,-29.830168907872991],[30.650069607600724,-29.830271482360434],[30.647813870789683,-29.830635372013877],[30.647872412843888,-29.830445325980044],[30.647651083013503,-29.829860434983964],[30.647667398176974,-29.82895538492977],[30.647904838281072,-29.828692509692839],[30.648090882372493,-29.828097247510939],[30.651613510518267,-29.827762877438285],[30.652181847921547,-29.826801996452851],[30.652304069504691,-29.825656629273038],[30.653263377763643,-29.824232330480882],[30.654524255598226,-29.82329086379421],[30.654638805684865,-29.823553143151837],[30.655027270001568,-29.824843581060343],[30.656218387929641,-29.825680378791485],[30.656477409010137,-29.826479399642057],[30.656707884896939,-29.826641199566183],[30.656800034259085,-29.826742200781936],[30.657006751644829,-29.827105376357075],[30.656914522117336,-29.827570159380191],[30.65626145209497,-29.828270372511824],[30.656078344832878,-29.828837309340216],[30.65579384740122,-29.829462619205437],[30.655988877513042,-29.830637300382978],[30.65547308027093,-29.831216360703017],[30.654767164647332,-29.831688471753328],[30.65440331466333,-29.832096889216629],[30.653877427211903,-29.832448688442962],[30.653301249789685,-29.833665640167343],[30.652705860551112,-29.834063788618501],[30.652523349087392,-29.834449316158636],[30.652287402199047,-29.834787973246819],[30.652190207165948,-29.836703426194294],[30.652397550488026,-29.836885297824608],[30.652257119825244,-29.837516129194572],[30.651413770155106,-29.837474288303007]]]}},
{"type":"Feature","properties":{"sde_LDR_Mi":0.0,"CAT_NAME":"Mlazi Upper River","MAJ_CAT":"Umlaas River","Shape_STAr":1605846.9388600001,"Shape_STLe":6110.7857782299998,"CatchNames":"Mpumalanga 16","CatchNo":"16"},"geometry":{"type":"Polygon","coordinates":[[[30.625981535767867,-29.825074591319268],[30.625723497276059,-29.82585174643151],[30.625369583757251,-29.826646849988705],[30.625689090846489,-29.828934332855301],[30.62600983929314,-29.829925938902718],[30.626121371257561,-29.83072877031757],[30.626213387778261,-29.830829796791004],[30.626383708995313,-29.832098101593107],[30.625916331226851,-29.832822879012788],[30.625171435077139,-29.834351269923257],[30.625341170335393,-29.836271163419447],[30.624699195227951,-29.83705506569088],[30.625033690991085,-29.838358569610342],[30.625447312863589,-29.839009804476195],[30.625253109848298,-29.839447222821072],[30.624814936314575,-29.840126610797171],[30.624862881955384,-29.840668099960492],[30.624443851549238,-29.841317952535103],[30.624196849818397,-29.843796226998833],[30.624084779293536,-29.843879891934606],[30.62400159286063,-29.843409658572345],[30.623728697077549,-29.842427028370857],[30.621933613112599,-29.841872767602744],[30.621419849721129,-29.84108194900023],[30.620711516850456,-29.840848608035369],[30.620456057230481,-29.840897757344017],[30.620248126223071,-29.840856561910684],[30.620039989488252,-29.840896555621466],[30.619239905780152,-29.840737816273769],[30.618812658509178,-29.840493462041767],[30.618065864202514,-29.840417232195254],[30.617898720561985,-29.837961219948554],[30.617344847397046,-29.837065534975366],[30.617063774730298,-29.835996264980594],[30.615795275743029,-29.835877276105009],[30.615460589838328,-29.835293744546036],[30.615143938540147,-29.834340471678512],[30.614517176400053,-29.833130256257473],[30.614281140244923,-29.832318684909641],[30.614135239160944,-29.831817021441434],[30.613433987013543,-29.830554601962788],[30.613412494372625,-29.83053100865417],[30.613321792905012,-29.830067420722035],[30.613322496564599,-29.829886009676109],[30.613642526081872,-29.829803054941092],[30.61479765599103,-29.82909396096181],[30.616481552909143,-29.828871279597578],[30.617174769115913,-29.828921832058406],[30.618225502931711,-29.827821699902035],[30.619339109051296,-29.826478803723788],[30.620923909291243,-29.824977289737973],[30.621435275293237,-29.824933655906797],[30.622003659367397,-29.82513171646735],[30.622659770450362,-29.825360342599549],[30.623193822653427,-29.825290261385035],[30.623632737688126,-29.825040893387495],[30.624304145625945,-29.824839922211595],[30.625138855617276,-29.824890030161491],[30.625981535767867,-29.825074591319268]]]}},
{"type":"Feature","properties":{"sde_LDR_Mi":0.0,"CAT_NAME":"Mlazi Upper River","MAJ_CAT":"Umlaas River","Shape_STAr":669761.87467199995,"Shape_STLe":3596.17104466,"CatchNames":"Mpumalanga 11","CatchNo":"11"},"geometry":{"type":"Polygon","coordinates":[[[30.660681736278399,-29.834318389595488],[30.660287382805038,-29.834646517624297],[30.659792347527258,-29.835313561480802],[30.65869518446527,-29.83593131192465],[30.657463078917367,-29.835975859511965],[30.656094335041246,-29.835948434453151],[30.655080256537076,-29.836279949120257],[30.653708628114767,-29.837087888691471],[30.653454661768116,-29.837417861116972],[30.652818033056967,-29.837309408568668],[30.652514610986952,-29.836964632823516],[30.652397550488026,-29.836885297824608],[30.652190207165948,-29.836703426194294],[30.652287402199047,-29.834787973246819],[30.652523349087392,-29.834449316158636],[30.652705860551112,-29.834063788618543],[30.653301249789685,-29.833665640167343],[30.653877427211903,-29.832448688442962],[30.65440331466333,-29.832096889216629],[30.654767164647339,-29.831688471753377],[30.65547308027093,-29.831216360703017],[30.655988877513042,-29.830637300382978],[30.65579384740122,-29.829462619205437],[30.656078344832878,-29.828837309340216],[30.65626145209497,-29.828270372511824],[30.656914522117336,-29.827570159380191],[30.657006751644829,-29.827105376357075],[30.658254490725575,-29.827108604463042],[30.659194774210814,-29.828101624895428],[30.659384186064532,-29.829022258530689],[30.659738016741557,-29.830456977101306],[30.659533213326842,-29.832599943382707],[30.660450250006356,-29.833572443532514],[30.660681736278399,-29.834318389595488]]]}},
{"type":"Feature","properties":{"sde_LDR_Mi":0.0,"CAT_NAME":"Mlazi Upper River","MAJ_CAT":"Umlaas River","Shape_STAr":2085108.42952,"Shape_STLe":7381.5861716099998,"CatchNames":"Mpumalanga 19","CatchNo":"19"},"geometry":{"type":"Polygon","coordinates":[[[30.613433987013543,-29.830554601962788],[30.614135239160944,-29.831817021441434],[30.614281140244923,-29.832318684909641],[30.614517176400053,-29.833130256257473],[30.61514393854015,-29.834340471678537],[30.615460589838317,-29.835293744546036],[30.615795275743029,-29.835877276105009],[30.615031644778355,-29.835990873110525],[30.615101013968559,-29.836490661379543],[30.614635444657846,-29.837042558406033],[30.614415545324139,-29.838122634145467],[30.613424649658228,-29.839581042355949],[30.613169005650718,-29.83975827598179],[30.612982515334455,-29.8401404892725],[30.612750238290808,-29.84048233385802],[30.612561636902974,-29.841408599160623],[30.61244584725808,-29.841488906387898],[30.610258227117992,-29.841395207728269],[30.609952981351935,-29.840544612536895],[30.60986353171619,-29.840525756391433],[30.60970104635626,-29.840211286483473],[30.609472412237402,-29.839866905538745],[30.609111587809654,-29.839722627693391],[30.608783840479674,-29.83952116265673],[30.60865388077837,-29.839148430427311],[30.608492633215413,-29.838374615954951],[30.608462461645139,-29.837687116129814],[30.608267695314268,-29.837085054494562],[30.608006668551134,-29.836626006432933],[30.60745076276017,-29.835965587076089],[30.606828488499982,-29.835476820474785],[30.60597524958991,-29.835245141150285],[30.605319122536066,-29.835014045438758],[30.604235029384903,-29.835010801766707],[30.603642688351634,-29.835266804620272],[30.60311536796133,-29.835694852774544],[30.602784586488884,-29.836266700436404],[30.602356039598487,-29.836637758249488],[30.601861899222147,-29.836979974840208],[30.601139156587127,-29.836977794335109],[30.600285006302645,-29.83697521227618],[30.599595572674595,-29.836858555764934],[30.598709144072213,-29.836712655230023],[30.597986518324525,-29.836681815753913],[30.597591607634193,-29.836852465739014],[30.596770080600173,-29.836907244509],[30.596113618820219,-29.836762028418388],[30.595490703145316,-29.836445059313078],[30.594671375395578,-29.835955632205486],[30.594213652719645,-29.835410027226935],[30.593854372792034,-29.834893365458949],[30.593395383543413,-29.834662816690592],[30.59270597420857,-29.834546124401133],[30.592015868256254,-29.834601278883092],[30.591292444115684,-29.834770895001132],[30.590732923476068,-29.835026941317881],[30.590041409935498,-29.835425786035806],[30.589515904919502,-29.835395511931061],[30.589123094948537,-29.835050585714413],[30.588731108879408,-29.834505166339813],[30.588629384133487,-29.834227652065316],[30.588763243749401,-29.834345199405011],[30.588881002635937,-29.834266633962066],[30.589203620972796,-29.833586192009669],[30.590132531147791,-29.833363833010022],[30.5911824596221,-29.832593454888471],[30.593287209859898,-29.832328982936922],[30.594140716131218,-29.832884787309457],[30.59536825250218,-29.832468376649601],[30.596792224039849,-29.832296385096004],[30.597091235467058,-29.832194912273238],[30.59845239121249,-29.832281343013594],[30.599977266812669,-29.833341087579495],[30.601528811142995,-29.83372436716235],[30.603598779322354,-29.833330716909366],[30.604767724154325,-29.832602537260893],[30.605523519131197,-29.832319378962453],[30.606132145988749,-29.831940243895119],[30.606420708315714,-29.831966816868128],[30.607397523202383,-29.831780924125745],[30.607797880564529,-29.831582663558066],[30.60831491153262,-29.831630120538101],[30.608855479919772,-29.831241296993522],[30.609044969604589,-29.831043758525929],[30.611592436355878,-29.830802231472742],[30.612791941336088,-29.830148133319479],[30.613321792905012,-29.830067420722035],[30.613412494372657,-29.830531008654159],[30.613433987013543,-29.830554601962788]]]}},
{"type":"Feature","properties":{"sde_LDR_Mi":0.0,"CAT_NAME":"Mlazi Upper River","MAJ_CAT":"Umlaas River","Shape_STAr":979668.39217400004,"Shape_STLe":6391.8609684200001,"CatchNames":"Mpumalanga 20","CatchNo":"20"},"geometry":{"type":"Polygon","coordinates":[[[30.612387636632683,-29.850120518005838],[30.612033077789867,-29.849761451099774],[30.611845848322734,-29.848615218597889],[30.611480544019042,-29.846282009547409],[30.611277904016625,-29.8443108386038],[30.611234823249148,-29.843240241908227],[30.611466436297047,-29.84298422793465],[30.611707002712222,-29.842296003099339],[30.61244584725808,-29.841488906387916],[30.612561636902967,-29.841408599160602],[30.612750238290808,-29.840482333857995],[30.612982515334451,-29.8401404892725],[30.613169005650718,-29.83975827598179],[30.613424649658224,-29.839581042355949],[30.614415545324128,-29.838122634145467],[30.614635444657846,-29.837042558406033],[30.615101013968548,-29.836490661379575],[30.615031644778355,-29.835990873110525],[30.615795275743015,-29.835877276105009],[30.617063774730312,-29.835996264980576],[30.617344847397046,-29.837065534975366],[30.617898720561996,-29.837961219948578],[30.618065864202514,-29.840417232195257],[30.6179549556126,-29.840683842681166],[30.617755264550695,-29.841600069237494],[30.616934176337381,-29.841818514569802],[30.616667189072309,-29.843280767047318],[30.615880492459063,-29.843889374769585],[30.616150904648414,-29.848079352925659],[30.61573970240017,-29.850383832234538],[30.617770803461745,-29.850435941275524],[30.61921804686299,-29.851709398135558],[30.619338785473072,-29.852233327439958],[30.619607671629186,-29.852008489956752],[30.619685145339236,-29.852208619849069],[30.619680312236799,-29.853477952500132],[30.618355819790814,-29.8533296868567],[30.618119654086339,-29.852600554687715],[30.617812296218151,-29.852384510362516],[30.616040543946763,-29.852292203944593],[30.613929073735545,-29.850292376865049],[30.612387636632683,-29.850120518005838]]]}},
{"type":"Feature","properties":{"sde_LDR_Mi":0.0,"CAT_NAME":"Mlazi Upper River","MAJ_CAT":"Umlaas River","Shape_STAr":948307.34250599996,"Shape_STLe":4458.7871806399999,"CatchNames":"Mpumalanga 21","CatchNo":"21"},"geometry":{"type":"Polygon","coordinates":[[[30.623660081103601,-29.844566707008532],[30.623155819978813,-29.844941021504891],[30.622524494090371,-29.845076700559492],[30.620948854676993,-29.844705568769179],[30.620055384652822,-29.844657173971054],[30.618739114882334,-29.845203308640073],[30.618525709547221,-29.846027584396527],[30.618574445839567,-29.847035926389623],[30.619042343309619,-29.848412096631048],[30.619669700065263,-29.849330451269015],[30.620348598107583,-29.850523914899661],[30.620239988747617,-29.851440148634275],[30.619735675166385,-29.852225340879542],[30.619685145339236,-29.852208619849069],[30.619607671629186,-29.852008489956752],[30.619338785473072,-29.852233327439958],[30.61921804686299,-29.851709398135558],[30.617770803461745,-29.850435941275524],[30.61573970240017,-29.850383832234538],[30.616150904648414,-29.848079352925659],[30.615880492459063,-29.843889374769585],[30.616667189072309,-29.843280767047318],[30.616934176337381,-29.841818514569802],[30.617755264550695,-29.841600069237494],[30.6179549556126,-29.840683842681166],[30.618065864202514,-29.840417232195257],[30.618812658509167,-29.840493462041753],[30.619239905780145,-29.840737816273759],[30.620039989488269,-29.840896555621466],[30.620248126223032,-29.840856561910684],[30.620456057230481,-29.840897757344017],[30.620711516850445,-29.840848608035355],[30.621419849721129,-29.841081949000205],[30.621933613112599,-29.841872767602705],[30.623728697077546,-29.842427028370857],[30.624001592860644,-29.843409658572345],[30.624084779293518,-29.843879891934591],[30.623988179218657,-29.843976952974113],[30.623571024909083,-29.844288247039511],[30.623660081103601,-29.844566707008532]]]}},
{"type":"Feature","properties":{"sde_LDR_Mi":0.0,"CAT_NAME":"Mopela Stream","MAJ_CAT":"Umlaas River","Shape_STAr":2478327.6792199998,"Shape_STLe":6893.4033938800003,"CatchNames":"Mpumalanga 2","CatchNo":"2"},"geometry":{"type":"Polygon","coordinates":[[[30.618399176453291,-29.805481363065478],[30.618097194746074,-29.806179545878113],[30.617600351219497,-29.807205677059141],[30.616032867118562,-29.808781778769085],[30.615061965609037,-29.810125609479389],[30.614491835288653,-29.810409244090664],[30.613429551388613,-29.810937709684811],[30.61277258327949,-29.811264531441516],[30.611858748938076,-29.811857516609773],[30.611376104975218,-29.812170697829043],[30.610439285529509,-29.812646967955114],[30.610099263043342,-29.812609134427856],[30.610056869382589,-29.812448924885711],[30.609963740308782,-29.812096979740065],[30.609916095335908,-29.811696651301823],[30.609658122109177,-29.811170782274228],[30.608968827121434,-29.810709275619217],[30.608147579880409,-29.810748613009668],[30.607716161087492,-29.8108368400393],[30.607183015341874,-29.810692045325872],[30.606841597215595,-29.81051201621743],[30.60623435756564,-29.810068640827964],[30.605687954830305,-29.809816392293037],[30.604853545328563,-29.809724393163069],[30.604635225472403,-29.809562627756886],[30.604204772223085,-29.809406193985073],[30.603295149716718,-29.809302025511641],[30.602496912022485,-29.809262411825273],[30.601850741009152,-29.809099163129414],[30.601124858334853,-29.808302932566704],[30.599314649446139,-29.807955662715642],[30.599355200951841,-29.807926033384415],[30.599498318491719,-29.807844878051657],[30.599641145047144,-29.807836722461694],[30.599759318017824,-29.807837080386435],[30.59988733873848,-29.807837468019116],[30.599986038367948,-29.807781942657734],[30.600020795945081,-29.807709047068428],[30.60004568865719,-29.807640415780035],[30.60007559061825,-29.80755032882443],[30.600076856096482,-29.807546408563979],[30.600100517419168,-29.807473109298833],[30.600155072700609,-29.807374508587113],[30.600219407254812,-29.80729311408852],[30.600298581533725,-29.807194587780153],[30.600412188382688,-29.807104753857924],[30.600476590822737,-29.807006182776327],[30.600531077219891,-29.80692475834811],[30.600600317943606,-29.80684767264804],[30.600728695594778,-29.806757883080746],[30.600822469880942,-29.806702342196747],[30.600970354905627,-29.80665984711818],[30.601132909019661,-29.806643161132484],[30.601275835950673,-29.806609239076892],[30.601453246503063,-29.806571126690127],[30.601596173227477,-29.806537204285799],[30.601783329090335,-29.806524885819986],[30.601921161783352,-29.806533889365177],[30.602019638009853,-29.806534185932644],[30.60217215720429,-29.806564704264854],[30.602334524122444,-29.806595252051782],[30.602452687734658,-29.806546976158085],[30.602618078327744,-29.806440224219472],[30.602621036052483,-29.806441677402045],[30.602954890862264,-29.806605705493524],[30.603073011566181,-29.806618942785299],[30.603245243442842,-29.806645224916373],[30.603358423472606,-29.80666274128728],[30.603496222639958,-29.806680331421791],[30.603599572048196,-29.806693523928651],[30.603702938413491,-29.80670242224026],[30.60382111010918,-29.806702776521075],[30.603988536931737,-29.806698984123351],[30.604126606840204,-29.806647867764038],[30.604235218245769,-29.80657519222294],[30.604373490663065,-29.806472546220661],[30.604536364929398,-29.806374267850622],[30.604699154448031,-29.806297459852725],[30.604896241527111,-29.806263695845942],[30.605024310940532,-29.806251196137676],[30.605113057407159,-29.80622140215868],[30.605315186019538,-29.806157593424558],[30.60544828016879,-29.80611934331149],[30.605571492938132,-29.806089651907616],[30.60565909791886,-29.80604199189402],[30.605811240922876,-29.806018939649515],[30.60626602432432,-29.805709686936602],[30.606288393755431,-29.80569764192612],[30.606345701418039,-29.805662223408369],[30.606511903382945,-29.805531977194413],[30.606859278683732,-29.805477962025492],[30.607165736828424,-29.805406459691433],[30.6073252185342,-29.805369249347287],[30.607462245673879,-29.80531518408127],[30.607688721919317,-29.805225825440296],[30.607761755344818,-29.805165808167004],[30.607997423819405,-29.804972140191097],[30.608155031478354,-29.804836784880393],[30.608191681808066,-29.804805309066204],[30.608490668997739,-29.804548533569537],[30.608923654014458,-29.804176674798317],[30.609145400426346,-29.803964016165242],[30.60920954642285,-29.803936280884148],[30.609265227318694,-29.803885855623829],[30.609290317366046,-29.803863133763635],[30.609386541124703,-29.803817727472051],[30.609415313931351,-29.80379602067654],[30.609501353756944,-29.803731110373089],[30.60963341932899,-29.803610688477576],[30.609716980222036,-29.803603649964341],[30.609808225144718,-29.803595080567248],[30.609809998174779,-29.803594399569722],[30.609871994144843,-29.803570587712077],[30.609913083397405,-29.80353874206908],[30.609991512869843,-29.803477956325441],[30.61001648095672,-29.80338823753171],[30.610071551403475,-29.803190350162943],[30.610085841360384,-29.803165633946023],[30.61010027467896,-29.803157463983872],[30.610379581830706,-29.803100639450502],[30.610648528331527,-29.802922522934089],[30.610822743183302,-29.802757889203445],[30.610863548261605,-29.802447158020474],[30.610888289115916,-29.802362069944856],[30.611051080908389,-29.802125366681917],[30.611069881967108,-29.802098029394806],[30.611080293926367,-29.802089761533974],[30.61135479019093,-29.801871790531642],[30.611734293818532,-29.801666472291018],[30.611756498629418,-29.801669518480889],[30.611778915876044,-29.801672593809954],[30.611939319835706,-29.801694598847384],[30.612112866784248,-29.801701989358733],[30.612228120779811,-29.801635463857316],[30.612326366393511,-29.801578755575875],[30.61253970637982,-29.801496807687013],[30.612682939220093,-29.801451260170456],[30.612695482217578,-29.80143677599408],[30.612765119091858,-29.801357615326214],[30.612797900241983,-29.801305254364699],[30.612816799435631,-29.801249899355714],[30.612860231209822,-29.801224829771076],[30.612982853319924,-29.801154049984714],[30.613032382393143,-29.801022045823121],[30.613033950770792,-29.801017865799768],[30.613070539938622,-29.800920348635913],[30.61307351536388,-29.800906343103481],[30.613082545009618,-29.80086383991134],[30.613144392317004,-29.800801687174332],[30.613391368646131,-29.800737258566812],[30.613740356937338,-29.80069430616172],[30.613799580754883,-29.800682751115485],[30.61395263371416,-29.800652889108591],[30.613996921079455,-29.800641668956729],[30.614042102062626,-29.800627300899247],[30.614251353725262,-29.800534697274998],[30.614381936414443,-29.800476908086104],[30.614941248381008,-29.800519968824926],[30.615217998231905,-29.80054127456663],[30.61531160705071,-29.800569539014944],[30.615340317194949,-29.800578207801355],[30.615546704604228,-29.800640524515021],[30.615793282945639,-29.800714975975179],[30.615866896792042,-29.800750413521623],[30.615981562570688,-29.800805613248201],[30.61612404322122,-29.800874202739362],[30.616633412894497,-29.800915562210974],[30.616739251857538,-29.800924155804832],[30.616906309191723,-29.801087759036541],[30.617019021506074,-29.801146380322979],[30.617094038709222,-29.801185932644902],[30.617150840368524,-29.801209206633509],[30.617243112105811,-29.801230569374123],[30.617363346102842,-29.801219301989732],[30.617754956089538,-29.801267799646261],[30.617902981975416,-29.801285204145845],[30.617981674484771,-29.801304166636907],[30.618089008378039,-29.801323211837907],[30.618203550080352,-29.801329787745907],[30.618332436183792,-29.801330159961648],[30.618482732218183,-29.801349328887625],[30.618618778691612,-29.801349721491249],[30.618726112760093,-29.801368766176214],[30.618833517894306,-29.801369075940492],[30.618947941367104,-29.801406875927544],[30.619119576739479,-29.801463575723464],[30.619255623377608,-29.801463967672962],[30.619341713073808,-29.801420500533528],[30.619463509870833,-29.801402116191699],[30.619592396085853,-29.801402487179757],[30.619692529167583,-29.801415881710547],[30.619735532138229,-29.801421634076963],[30.619849956018815,-29.801459433286343],[30.619942851717397,-29.801509660525522],[30.620027004447138,-29.801564114730088],[30.620919693140731,-29.801906242160122],[30.622148053357119,-29.80271995817284],[30.62110973871393,-29.80349497875595],[30.620810784849208,-29.804074261993406],[30.620028786959899,-29.804375815789744],[30.618399176453291,-29.805481363065478]]]}},
{"type":"Feature","properties":{"sde_LDR_Mi":0.0,"CAT_NAME":"Mpelengwane Stream","MAJ_CAT":"Umlaas River","Shape_STAr":3328658.7499199999,"Shape_STLe":7980.3581174600004,"CatchNames":"Mpumalanga 13","CatchNo":"13"},"geometry":{"type":"Polygon","coordinates":[[[30.635012887834218,-29.819250717700136],[30.635756747399615,-29.818253103326722],[30.635891166056481,-29.817610367667946],[30.636058290870974,-29.81681123233005],[30.636553908271647,-29.816001066303439],[30.636665808769543,-29.815333055015902],[30.636449605379514,-29.814568667147999],[30.636330108589476,-29.813553925327469],[30.636590556233003,-29.812597463227267],[30.636997105994432,-29.811659014430614],[30.638019001279659,-29.811328906601215],[30.638347692764686,-29.810916486353126],[30.640797837232139,-29.811043868253929],[30.642711116741271,-29.81183509453826],[30.643175523158721,-29.812403878254543],[30.643963345972296,-29.812671334639038],[30.644612468288123,-29.813079679496859],[30.644976363119046,-29.813525317314198],[30.645304190243404,-29.813582768474053],[30.646247157796456,-29.813422937614835],[30.64802409016492,-29.813738497755804],[30.648612250918408,-29.814132674222193],[30.64906191852117,-29.814285252490262],[30.649252613906839,-29.815542135985357],[30.649767679309583,-29.815662139492563],[30.650503573334955,-29.816651368009946],[30.650687203208744,-29.817034624358982],[30.650917642630031,-29.817196536289941],[30.651101274029021,-29.817579792050061],[30.651388303882992,-29.818008518214906],[30.651726779059707,-29.819052985404088],[30.652340784914209,-29.819940402128815],[30.652986379412688,-29.82028473561661],[30.653169394139603,-29.82084931394343],[30.653606529658699,-29.821374329474128],[30.653790168507488,-29.821757572350862],[30.654019890638764,-29.822100804101961],[30.65420291437745,-29.82266538452371],[30.654524255598243,-29.82329086379421],[30.653263377763654,-29.824232330480882],[30.652304069504691,-29.825656629273038],[30.652181847921533,-29.826801996452851],[30.651613510518281,-29.827762877438285],[30.648090882372493,-29.828097247510939],[30.647904838281079,-29.828692509692839],[30.647667398176974,-29.82895538492977],[30.647651083013503,-29.829860434983964],[30.647872412843913,-29.830445325980023],[30.647699623604957,-29.831006252328685],[30.647120398800912,-29.831528677535061],[30.646518729972037,-29.83276366562804],[30.646058694641226,-29.833325701288739],[30.645961484216905,-29.83360418954371],[30.64583820012912,-29.833677919924245],[30.645666263469444,-29.83425462328578],[30.644968600435352,-29.834480090832571],[30.64511961839149,-29.835076069550183],[30.644351731418457,-29.835873799424309],[30.641878160385506,-29.836024585523411],[30.641446820833234,-29.836565574765402],[30.640958880566295,-29.836673396947027],[30.640786711459441,-29.836181910275986],[30.640021977988674,-29.835315869722557],[30.639827041562395,-29.834942494773848],[30.639035636263536,-29.834046424642015],[30.63879363779532,-29.833126332380708],[30.63857525329983,-29.832773278263534],[30.638314889406153,-29.831783671061178],[30.637736813460229,-29.831330483363214],[30.637303921920999,-29.830501334341719],[30.637358617406605,-29.829741278303729],[30.637053424912001,-29.827425170876293],[30.638053725788705,-29.82618500147186],[30.637324238927182,-29.824727431479534],[30.636831936801329,-29.824341501256942],[30.636538646027169,-29.824053367524115],[30.634735986881619,-29.822640021480574],[30.634466911784582,-29.821871663093106],[30.634159090911616,-29.82137392069053],[30.634270585155612,-29.819825383074527],[30.635012887834218,-29.819250717700136]]]}},
{"type":"Feature","properties":{"sde_LDR_Mi":0.0,"CAT_NAME":"Mpelengwane Stream","MAJ_CAT":"Umlaas River","Shape_STAr":1984133.7152499999,"Shape_STLe":7004.6621636700002,"CatchNames":"Mpumalanga 14","CatchNo":"14"},"geometry":{"type":"Polygon","coordinates":[[[30.63665098204185,-29.815421566521525],[30.636553908271647,-29.816001066303439],[30.636058290870974,-29.81681123233005],[30.635891166056481,-29.81761036766785],[30.635756747399615,-29.818253103326722],[30.635012887834218,-29.819250717700136],[30.634270585155587,-29.819825383074527],[30.634159090911638,-29.821373920690544],[30.634466911784582,-29.821871663093106],[30.634735986881619,-29.822640021480566],[30.636538646027152,-29.82405336752414],[30.636831936801329,-29.824341501256949],[30.637324238927182,-29.824727431479548],[30.638053725788705,-29.82618500147186],[30.637053424912001,-29.827425170876278],[30.637358617406605,-29.829741278303729],[30.637303921920999,-29.830501334341744],[30.637736813460229,-29.831330483363221],[30.638314889406153,-29.831783671061178],[30.638575253299837,-29.832773278263563],[30.63879363779532,-29.833126332380708],[30.639035636263536,-29.834046424641997],[30.639827041562349,-29.834942494773848],[30.640021977988674,-29.835315869722532],[30.640786711459441,-29.836181910276018],[30.640958880566295,-29.836673396947027],[30.64024395114614,-29.836773739604947],[30.637006511478173,-29.836843860499954],[30.636895069588331,-29.83675965675986],[30.636681400248097,-29.836133816305502],[30.635844252683061,-29.835500926585016],[30.634712299949584,-29.833914227585545],[30.633786543005542,-29.833668354354746],[30.633242576586142,-29.833114387240375],[30.631085433291886,-29.832935508432058],[30.630478327695805,-29.832557748397047],[30.630047499160792,-29.832388654691844],[30.629345339370225,-29.831673471822242],[30.626868729204855,-29.831468003936347],[30.626324814083908,-29.830914009485415],[30.626213387778261,-29.830829796791004],[30.626121371257561,-29.83072877031757],[30.62600983929314,-29.829925938902718],[30.625689090846489,-29.828934332855301],[30.625369583757251,-29.826646849988705],[30.625723497276059,-29.82585174643151],[30.625981535767867,-29.825074591319268],[30.625826591664268,-29.823959143780151],[30.626241080977628,-29.823395059278482],[30.626060103657014,-29.822961081157317],[30.626363921882565,-29.82058579843331],[30.626195385399029,-29.818679428748428],[30.627319204217354,-29.817549415746008],[30.628025164626433,-29.817440473748963],[30.628896032819885,-29.817318806113597],[30.629679838559372,-29.81705367763039],[30.630793182164002,-29.816493495916802],[30.631522391995073,-29.816185240501675],[30.632031982902873,-29.816052996759637],[30.63278846950362,-29.815768678780291],[30.633352830175852,-29.815441388494623],[30.634908324751887,-29.815356463172236],[30.635447114300277,-29.815520646833921],[30.635953907865225,-29.815402701309264],[30.63665098204185,-29.815421566521525]]]}},
{"type":"Feature","properties":{"sde_LDR_Mi":0.0,"CAT_NAME":"Sterkspruit","MAJ_CAT":"Umlaas River","Shape_STAr":3417801.7298400002,"Shape_STLe":8378.0741145600005,"CatchNames":"Mpumalanga 1","CatchNo":"1"},"geometry":{"type":"Polygon","coordinates":[[[30.637626282378662,-29.801701299270089],[30.636562531733901,-29.801709754685678],[30.63603927378194,-29.802160081151651],[30.633649718153755,-29.802245736694395],[30.633024341159832,-29.802783903112633],[30.632913881635403,-29.803964805692885],[30.632394314974686,-29.804418316652054],[30.632276828663748,-29.807589666989205],[30.631966481472261,-29.807681086097521],[30.631858672342958,-29.80822113943227],[30.63268774734556,-29.808952408073836],[30.632738109045853,-29.809631732802323],[30.632021056027249,-29.809349389207657],[30.629590252734221,-29.80910480702584],[30.628280956045707,-29.808613633445386],[30.626226072488898,-29.808288303701161],[30.625999218977306,-29.807156604341259],[30.625566027294447,-29.806628095078374],[30.6251827631216,-29.805973175698803],[30.623759339974935,-29.804579981396742],[30.623079779225247,-29.804263720222128],[30.622893910119405,-29.80352111763391],[30.622159574149201,-29.802711358689628],[30.62091969314071,-29.801906242160122],[30.620135547580475,-29.801605714877223],[30.619581674813528,-29.799670591648361],[30.618654107779118,-29.798327459974985],[30.618671501158861,-29.797204732345079],[30.617315138947802,-29.796203091021713],[30.61719654567024,-29.795625037754188],[30.617516454756057,-29.795541981072407],[30.618841889053314,-29.794209082414945],[30.619601635087985,-29.793916020077919],[30.620186777766627,-29.793327551164278],[30.622705314158825,-29.791455793338923],[30.622826907323706,-29.79110783766837],[30.622936960576308,-29.791022543227346],[30.622994260181596,-29.79036127276806],[30.623116299529293,-29.790342846163579],[30.623554659228066,-29.790200883377945],[30.623578896995276,-29.791036353682525],[30.623658310414619,-29.791752637933932],[30.624174130973596,-29.792852061012468],[30.624911908950132,-29.793140579506456],[30.625951503246888,-29.793215130768061],[30.626224086570382,-29.793502324946136],[30.626550515048439,-29.794028356681189],[30.626959307938311,-29.794483014232604],[30.627559661247592,-29.794938210328308],[30.628215456637406,-29.795202610847589],[30.628871343585665,-29.795443139781714],[30.629581173391006,-29.795898634014478],[30.630208649420616,-29.796425499887736],[30.630836832985693,-29.796761415986428],[30.631382923226582,-29.797097100216895],[30.63220389868847,-29.79709938694171],[30.632888044978905,-29.797101288651149],[30.633488962879174,-29.797413247867539],[30.634007699578657,-29.797748845449689],[30.634498379583803,-29.798275312195997],[30.634907832350116,-29.798562866841209],[30.635399646103643,-29.798779041626485],[30.635972783443954,-29.799210255920276],[30.636408575088399,-29.799784301576253],[30.636789638185807,-29.800358195404318],[30.636815280665768,-29.80083563767441],[30.637115110351463,-29.801170621399198],[30.63749721533685,-29.801458092924832],[30.637626282378662,-29.801701299270089]]]}},
{"type":"Feature","properties":{"sde_LDR_Mi":0.0,"CAT_NAME":"Sterkspruit","MAJ_CAT":"Umlaas River","Shape_STAr":731897.70062300004,"Shape_STLe":3634.27401749,"CatchNames":"Mpumalanga 5","CatchNo":"5"},"geometry":{"type":"Polygon","coordinates":[[[30.640875976290822,-29.801675415448496],[30.640995325856103,-29.801765681746097],[30.641278039286522,-29.804958633560847],[30.640335873732045,-29.805203231715353],[30.640141370291545,-29.805760196570091],[30.639035602346866,-29.806879280107598],[30.638679342066929,-29.807569483687931],[30.638350831030344,-29.808079253002013],[30.638558132041567,-29.810421464313716],[30.638347692764654,-29.810916486353126],[30.638019001279638,-29.811328906601215],[30.636997105994414,-29.811659014430614],[30.636590556232971,-29.812597463227267],[30.636165967294414,-29.812836863248005],[30.635637990623433,-29.812722308436214],[30.635542039930179,-29.812624622489484],[30.63422944972929,-29.811632084204458],[30.633885878959944,-29.810625494773614],[30.63345514228703,-29.810456425913561],[30.63335929932844,-29.810358735063367],[30.632738109045853,-29.809631732802355],[30.632687747345553,-29.808952408073875],[30.631858672342947,-29.80822113943227],[30.631966481472261,-29.807681086097507],[30.632276828663727,-29.807589666989216],[30.63239431497469,-29.804418316652086],[30.632913881635403,-29.803964805692885],[30.633024341159821,-29.802783903112633],[30.633649718153755,-29.802245736694395],[30.636039273781918,-29.802160081151651],[30.636562531733887,-29.801709754685696],[30.640875976290822,-29.801675415448496]]]}},
{"type":"Feature","properties":{"sde_LDR_Mi":0.0,"CAT_NAME":"Sterkspruit","MAJ_CAT":"Umlaas River","Shape_STAr":900136.92780299997,"Shape_STLe":4515.1490711400002,"CatchNames":"Mpumalanga 7","CatchNo":"7"},"geometry":{"type":"Polygon","coordinates":[[[30.658941979095598,-29.808432810894775],[30.658854109974115,-29.808719545190929],[30.657190220373927,-29.810296894298695],[30.657796841356941,-29.811135635392549],[30.657889894633868,-29.812056754453508],[30.657158530532872,-29.811967706433002],[30.656442693024871,-29.811635032769214],[30.65242547261585,-29.811411199114609],[30.652022247658874,-29.812867675454033],[30.65052272353028,-29.814072012237933],[30.649998607273915,-29.81503289970216],[30.649767679309583,-29.815662139492563],[30.649252613906825,-29.815542135985357],[30.649061918521156,-29.814285252490286],[30.648612250918408,-29.814132674222193],[30.64802409016492,-29.813738497755804],[30.646247157796456,-29.813422937614835],[30.645304190243404,-29.813582768474053],[30.644976363119046,-29.813525317314198],[30.644612468288109,-29.813079679496859],[30.643963345972296,-29.812671334639038],[30.643175523158721,-29.812403878254543],[30.642711116741257,-29.81183509453825],[30.643285177736814,-29.811213846298372],[30.644494258035589,-29.81103373550318],[30.646045180523561,-29.809957478623296],[30.646370717195513,-29.809225664766092],[30.646571077225662,-29.807676293266663],[30.647093699274055,-29.80731360862243],[30.64718716925319,-29.807031770451474],[30.647419355647298,-29.806689864036944],[30.647608104776392,-29.8055822219806],[30.648377122207709,-29.805302012686965],[30.648566403739007,-29.80503209802599],[30.654071262930028,-29.805637346472984],[30.65639134928735,-29.80625316555891],[30.657871570540181,-29.807372033724661],[30.658830548849281,-29.808348625398303],[30.658941979095598,-29.808432810894775]]]}},
{"type":"Feature","properties":{"sde_LDR_Mi":0.0,"CAT_NAME":"Sterkspruit","MAJ_CAT":"Umlaas River","Shape_STAr":3361038.1097900001,"Shape_STLe":9431.1391150100008,"CatchNames":"Mpumalanga 8","CatchNo":"8"},"geometry":{"type":"Polygon","coordinates":[[[30.657895683665824,-29.812058176882449],[30.65778252272262,-29.812247584576753],[30.657714428363224,-29.812953918036797],[30.657865751527133,-29.813527155638941],[30.658235781076389,-29.814177338258585],[30.658869222833925,-29.814637251511794],[30.659678296389213,-29.814963950178061],[30.660574704093715,-29.815367247676882],[30.661558706304497,-29.815770763482305],[30.662411270888573,-29.816193031106867],[30.663613875135166,-29.816711659060154],[30.664706687586765,-29.817325471815916],[30.665711860722904,-29.817958148712769],[30.666564588234468,-29.818342200296236],[30.66741738551173,-29.81870715171187],[30.668314047164657,-29.819053112900225],[30.668773077319834,-29.819302497445328],[30.669144078974579,-29.819685323963792],[30.669318317758361,-29.819972182896219],[30.669556178440335,-29.820889330722391],[30.669619737313873,-29.82153871445496],[30.669551907569542,-29.822187769558116],[30.669484767961922,-29.822626783019096],[30.669502154663533,-29.822716247009044],[30.668855496564973,-29.823597255029988],[30.666890570817518,-29.823770755155746],[30.666201377553023,-29.824439361288263],[30.665430580827238,-29.82503641142058],[30.664518193810046,-29.826450230599754],[30.658919721374829,-29.826144979501745],[30.658389383852061,-29.826659436324576],[30.656800034259085,-29.826742200781954],[30.656707884896939,-29.826641199566183],[30.656477409010137,-29.826479399642075],[30.656218387929641,-29.825680378791485],[30.655027270001568,-29.82484358106035],[30.654638805684865,-29.823553143151837],[30.654524255598226,-29.82329086379421],[30.654202914377439,-29.82266538452371],[30.654019890638757,-29.822100804101975],[30.653790168507474,-29.821757572350862],[30.653606529658699,-29.821374329474139],[30.653169394139603,-29.82084931394343],[30.652986379412678,-29.82028473561661],[30.652340784914191,-29.819940402128815],[30.651726779059707,-29.819052985404088],[30.651388303882982,-29.818008518214906],[30.651101274029021,-29.817579792050061],[30.650917642630031,-29.817196536289963],[30.650687203208758,-29.817034624358971],[30.650503573334962,-29.816651368009946],[30.649767679309583,-29.815662139492563],[30.649998607273915,-29.81503289970216],[30.65052272353028,-29.814072012237933],[30.652022247658874,-29.812867675454033],[30.65242547261585,-29.811411199114609],[30.656442693024871,-29.811635032769214],[30.657158530532872,-29.811967706433002],[30.657889894633868,-29.812056754453508],[30.657895683665824,-29.812058176882449]]]}},
{"type":"Feature","properties":{"sde_LDR_Mi":0.0,"CAT_NAME":"Sterkspruit","MAJ_CAT":"Umlaas River","Shape_STAr":1930003.3612899999,"Shape_STLe":7154.4325928600001,"CatchNames":"Mpumalanga 6","CatchNo":"6"},"geometry":{"type":"Polygon","coordinates":[[[30.648566403739007,-29.80503209802599],[30.648377122207709,-29.805302012686965],[30.647608104776392,-29.8055822219806],[30.647419355647298,-29.806689864036944],[30.64718716925319,-29.807031770451474],[30.647093699274055,-29.80731360862243],[30.646571077225662,-29.807676293266663],[30.646370717195513,-29.809225664766092],[30.646045180523561,-29.809957478623296],[30.644494258035589,-29.81103373550318],[30.643285177736814,-29.811213846298372],[30.642711116741257,-29.81183509453825],[30.640797837232121,-29.81104386825394],[30.638347692764668,-29.810916486353126],[30.638558132041574,-29.810421464313691],[30.638350831030344,-29.808079253002003],[30.63867934206694,-29.807569483687931],[30.639035602346876,-29.806879280107566],[30.640141370291548,-29.805760196570091],[30.640335873732056,-29.805203231715353],[30.641278039286529,-29.804958633560833],[30.640995325856114,-29.801765681746097],[30.640906791354304,-29.801698721480339],[30.642095901202616,-29.801184201546377],[30.642534791380911,-29.800898966024267],[30.642727038283258,-29.800708537000531],[30.643302504524868,-29.800495273760241],[30.643768247654339,-29.800353318142808],[30.644397598998523,-29.800378881326388],[30.64486283426842,-29.800380132086232],[30.645491176266987,-29.800692110581892],[30.646172576206258,-29.8014816001496],[30.64660717773214,-29.802413638145911],[30.647013665421063,-29.803560416894687],[30.647175274613318,-29.804300774751844],[30.647638938677478,-29.804755514871928],[30.648103525975248,-29.804947701331013],[30.648566403739007,-29.80503209802599]]]}},
{"type":"Feature","properties":{"sde_LDR_Mi":0.0,"CAT_NAME":"Sterkspruit","MAJ_CAT":"Umlaas River","Shape_STAr":849959.03802500002,"Shape_STLe":4670.5873787800001,"CatchNames":"Mpumalanga 10","CatchNo":"10"},"geometry":{"type":"Polygon","coordinates":[[[30.666144793772947,-29.831494634963384],[30.665608056931326,-29.831748135831674],[30.664100255244652,-29.832388760284775],[30.662946716580201,-29.833507641903235],[30.661876888152577,-29.834149357397958],[30.660693636654894,-29.834356737302922],[30.660450250006356,-29.833572443532514],[30.659533213326842,-29.832599943382707],[30.659738016741557,-29.830456977101306],[30.659384186064532,-29.829022258530689],[30.659194774210814,-29.828101624895428],[30.658254490725575,-29.827108604463042],[30.659185579187529,-29.827219620818024],[30.660858528354861,-29.827563480538331],[30.661129525791463,-29.82782948725043],[30.662091465600039,-29.82848354209133],[30.662924060692927,-29.828819260615951],[30.663289928926048,-29.829519782446859],[30.665653406781512,-29.831360974214196],[30.666144793772947,-29.831494634963384]]]}},
{"type":"Feature","properties":{"sde_LDR_Mi":0.0,"CAT_NAME":"Mlazi Upper River","MAJ_CAT":"Umlaas River","Shape_STAr":397856.339691,"Shape_STLe":4802.3571250100003,"CatchNames":"Mpumalanga 18","CatchNo":"18"},"geometry":{"type":"Polygon","coordinates":[[[30.587646083824879,-29.833190507884485],[30.587984348408735,-29.832354682965683],[30.588415277181223,-29.831410837359165],[30.588943457443666,-29.830782355873041],[30.589405229150536,-29.830325518378888],[30.58992455090657,-29.830254571497033],[30.590970662543665,-29.83044669318588],[30.591161666891679,-29.830823373880474],[30.591273063075768,-29.830907705179079],[30.591590551751551,-29.830994210004516],[30.592405892245189,-29.831795549830034],[30.596993434314474,-29.832098809670519],[30.597091235467058,-29.832194912273238],[30.596792224039859,-29.832296385096004],[30.59536825250218,-29.832468376649615],[30.594140716131207,-29.832884787309457],[30.593287209859888,-29.832328982936936],[30.59118245962209,-29.832593454888517],[30.590132531147791,-29.833363833010022],[30.589203620972796,-29.833586192009669],[30.588881002635937,-29.834266633962066],[30.588763243749383,-29.834345199405011],[30.588556022066555,-29.834163229804599],[30.588002023626981,-29.833468501377475],[30.587646083824879,-29.833190507884485]]]}},
{"type":"Feature","properties":{"sde_LDR_Mi":0.0,"CAT_NAME":"Mlazi Upper River","MAJ_CAT":"Umlaas River","Shape_STAr":2507057.1709400001,"Shape_STLe":7623.5087362000004,"CatchNames":"Mpumalanga 3","CatchNo":"3"},"geometry":{"type":"Polygon","coordinates":[[[30.61708063080393,-29.81537058345414],[30.616612404633937,-29.815734114271546],[30.615690716783686,-29.816261317778785],[30.615310639251209,-29.816876019230033],[30.614928745886221,-29.81796331048503],[30.614449569706622,-29.81872093136958],[30.613053315505677,-29.819824600630565],[30.611605453556649,-29.820021325639008],[30.610746487291877,-29.820710702314326],[30.610313713785104,-29.8211151885052],[30.608949691698989,-29.821061721859778],[30.609278763803935,-29.82084518147424],[30.609391773654604,-29.820574201329926],[30.609456202143928,-29.820193248859933],[30.609461786528819,-29.820160229391711],[30.609395801705809,-29.819552266507486],[30.609328804952813,-29.819390275773518],[30.60923880911303,-29.819180287747599],[30.609110815310011,-29.818871305427212],[30.608668824888746,-29.818247338842827],[30.608603827216601,-29.818121345899122],[30.608359835696209,-29.817658371773494],[30.608325836168603,-29.817620373722903],[30.60794661560405,-29.817177714911029],[30.607778390930033,-29.81710204247139],[30.607473978053211,-29.816959053714893],[30.607164561592729,-29.816741617572116],[30.606975775739542,-29.816605738543924],[30.606847398328558,-29.816481315922257],[30.606648119852288,-29.816331873533851],[30.60638606926619,-29.816094288018796],[30.606247368588235,-29.815913452406679],[30.606029985654491,-29.815682765517728],[30.605760115912386,-29.81542034748443],[30.605600488859928,-29.81520787486334],[30.605370033603943,-29.814952339839834],[30.605215825610905,-29.814688011930258],[30.605043098918465,-29.814457457238365],[30.605002471062743,-29.814410840689092],[30.604851942630305,-29.814238123333972],[30.604760670925909,-29.814012318765066],[30.604556445615358,-29.813777158342607],[30.604407164686933,-29.813616586338267],[30.604335316673289,-29.813514883685116],[30.604260649038114,-29.813410916934387],[30.604095035117808,-29.813207141691809],[30.60406955862463,-29.81317579472703],[30.603972787544617,-29.813031167504654],[30.603731545119153,-29.812859041429132],[30.603453419756111,-29.812725144119923],[30.603214715875033,-29.812595875721136],[30.60299950892799,-29.812502760420479],[30.602792189008788,-29.812407414841722],[30.602469964055395,-29.812445058912392],[30.602220198695068,-29.812470434754612],[30.602010309741136,-29.812513347577426],[30.601770013010192,-29.812669384266343],[30.601369895948594,-29.812833647461378],[30.601231152750714,-29.812919880494924],[30.600979452970396,-29.813076318655057],[30.600688943453612,-29.813301872777323],[30.600459678075989,-29.813391983565769],[30.600376030681872,-29.813455478200208],[30.600304819623215,-29.813509532618809],[30.600138648449438,-29.813589217629488],[30.59993654637605,-29.813772233736088],[30.599741999691052,-29.813807727545896],[30.599553121427331,-29.813698900496274],[30.599448458088343,-29.813558755563907],[30.599381290098439,-29.813458663546673],[30.599339805201097,-29.813420525801465],[30.599217806327513,-29.813288532412134],[30.599135289187878,-29.813163349331614],[30.598982566337078,-29.812979990466768],[30.598862096470977,-29.812842052383825],[30.598776078128633,-29.812627540714526],[30.598716250163452,-29.812433402788429],[30.598643514490412,-29.812171570343249],[30.598520627998045,-29.811981753014734],[30.59855351038507,-29.810718647932852],[30.598548045407131,-29.810616165545461],[30.598549068583928,-29.81036000307941],[30.598579588113928,-29.81007319090191],[30.598650779921986,-29.809899214276538],[30.598686765340574,-29.80971488445353],[30.598728480997746,-29.809566435265573],[30.598694235048519,-29.809315289064273],[30.598621610459894,-29.809028034987282],[30.598619050522217,-29.809017909563721],[30.598556353214484,-29.8085361277065],[30.598482353773015,-29.808254034839834],[30.598198862331898,-29.807921287613262],[30.598132073419304,-29.807831145098358],[30.598344039802143,-29.807819251120783],[30.598602448541858,-29.806550682503428],[30.598972212541131,-29.806713015689773],[30.599064283272636,-29.806814061303168],[30.598791960771809,-29.807425583517901],[30.598730601237818,-29.80784361331478],[30.601124858334853,-29.808302932566704],[30.601850741009152,-29.809099163129414],[30.602496912022485,-29.809262411825273],[30.603295149716718,-29.809302025511641],[30.604204772223085,-29.809406193985073],[30.604635225472414,-29.809562627756875],[30.604853545328563,-29.809724393163069],[30.605687954830305,-29.809816392293037],[30.60623435756564,-29.810068640827964],[30.606841597215595,-29.81051201621743],[30.607183015341874,-29.810692045325872],[30.607716161087492,-29.8108368400393],[30.608147579880409,-29.810748613009668],[30.608968827121434,-29.810709275619217],[30.609658122109177,-29.811170782274228],[30.609916095335908,-29.811696651301823],[30.609963740308782,-29.812096979740065],[30.610056869382589,-29.812448924885711],[30.610099263043356,-29.812609134427856],[30.610439285529509,-29.812646967955114],[30.611376104975218,-29.812170697829043],[30.611858748938076,-29.811857516609773],[30.61277258327949,-29.811264531441516],[30.613429551388613,-29.810937709684811],[30.614491835288653,-29.810409244090664],[30.615061965609037,-29.810125609479389],[30.615066707738755,-29.810529864589068],[30.615310634717417,-29.811157123606677],[30.615820713110082,-29.811970137161378],[30.616306992851474,-29.812745204038841],[30.616714159951609,-29.813394165089854],[30.616926785399073,-29.813919928861576],[30.61708063080393,-29.81537058345414]]]}},
{"type":"Feature","properties":{"sde_LDR_Mi":0.0,"CAT_NAME":"Mlazi Upper River","MAJ_CAT":"Umlaas River","Shape_STAr":3659520.1243699999,"Shape_STLe":9562.1404515300001,"CatchNames":"Mpumalanga 15","CatchNo":"15"},"geometry":{"type":"Polygon","coordinates":[[[30.638618434746014,-29.838851015225227],[30.637685942620802,-29.839024120489903],[30.636844415061123,-29.839159291666697],[30.636056280493936,-29.83906546747399],[30.635480068815109,-29.83851394935904],[30.634956760539676,-29.83787092007967],[30.634014287916216,-29.836860108453152],[30.632964698522343,-29.836398921714334],[30.632018396793171,-29.836442116235588],[30.630965283857631,-29.836943279889194],[30.630437627005321,-29.837491733703807],[30.630436108793511,-29.837904176244574],[30.631116238464212,-29.838776798420568],[30.632059035382657,-29.83969597645223],[30.632634899403854,-29.840339163176353],[30.633000006593488,-29.841119244115109],[30.632891858961859,-29.841943836772874],[30.632256703092356,-29.843133581964445],[30.630939675899121,-29.843908973659474],[30.628888380580651,-29.844224017006571],[30.627363595616529,-29.844311378225424],[30.625050814768517,-29.844259004880961],[30.623939334491226,-29.84401340266243],[30.623988179218657,-29.843976952974113],[30.624084779293518,-29.843879891934591],[30.624196849818414,-29.843796226998858],[30.624443851549231,-29.841317952535103],[30.624862881955394,-29.840668099960492],[30.624814936314607,-29.84012661079716],[30.625253109848284,-29.839447222821072],[30.625447312863578,-29.839009804476241],[30.625033690991085,-29.838358569610342],[30.624699195227944,-29.837055065690869],[30.625341170335378,-29.836271163419458],[30.625171435077146,-29.834351269923243],[30.625916331226851,-29.832822879012788],[30.626383708995295,-29.832098101593161],[30.626213387778268,-29.830829796791004],[30.626324814083894,-29.830914009485415],[30.626868729204855,-29.831468003936347],[30.629345339370225,-29.831673471822242],[30.630047499160817,-29.832388654691844],[30.630478327695805,-29.832557748397058],[30.631085433291879,-29.832935508432044],[30.633242576586159,-29.8331143872404],[30.633786543005552,-29.833668354354746],[30.634712299949605,-29.833914227585591],[30.635844252683093,-29.835500926585073],[30.63668140024809,-29.836133816305502],[30.636895069588324,-29.836759656759853],[30.637006511478173,-29.836843860499922],[30.6380386996968,-29.837997252781893],[30.638348272243043,-29.838573739147773],[30.638563483015879,-29.838748707598395],[30.638618434746014,-29.838851015225227]]]}},
{"type":"Feature","properties":{"sde_LDR_Mi":0.0,"CAT_NAME":"Sterkspruit","MAJ_CAT":"Umlaas River","Shape_STAr":1558509.7188899999,"Shape_STLe":6257.4262518899995,"CatchNames":"Mpumalanga 9","CatchNo":"9"},"geometry":{"type":"Polygon","coordinates":[[[30.666141420823532,-29.831493717504667],[30.665653406781512,-29.831360974214196],[30.663289928926048,-29.829519782446859],[30.662924060692927,-29.828819260615951],[30.662091465600039,-29.82848354209133],[30.661129525791463,-29.82782948725043],[30.660858528354861,-29.827563480538331],[30.659185579187529,-29.827219620818024],[30.658254490725575,-29.827108604463042],[30.657006751644829,-29.827105376357075],[30.656800034259085,-29.826742200781954],[30.658389383852061,-29.826659436324576],[30.658919721374829,-29.826144979501745],[30.664518193810046,-29.826450230599754],[30.665430580827238,-29.82503641142058],[30.666201377553023,-29.824439361288263],[30.666890570817518,-29.823770755155746],[30.667031704075963,-29.823758294286517],[30.667421963451773,-29.823939150590874],[30.667859178035151,-29.824169388477802],[30.668405636063262,-29.824476278490334],[30.668995769195647,-29.824821465346258],[30.669498625003104,-29.825070957090283],[30.670220033660822,-29.825454656485629],[30.67085416458179,-29.825742660363566],[30.671225385267253,-29.826068196871095],[30.671617571104527,-29.826680206945898],[30.67166030840022,-29.827004925321326],[30.671417479760439,-29.827596261358671],[30.671109824986793,-29.827920107911719],[30.670670770891963,-29.828243626228502],[30.670231212403465,-29.82871990040481],[30.669747850215629,-29.82919606356587],[30.669418411019663,-29.829481661942534],[30.669001433346569,-29.829747945349588],[30.668628505359766,-29.829937958637572],[30.668102150033562,-29.830165775118644],[30.667794539856459,-29.830470519023248],[30.667245710362266,-29.830870128882697],[30.666587819243766,-29.831135797492475],[30.666170636817021,-29.831459355748269],[30.666141420823532,-29.831493717504667]]]}},
{"type":"Feature","properties":{"sde_LDR_Mi":0.0,"CAT_NAME":"Kloof1","MAJ_CAT":"Umgeni River","Shape_STAr":936203.73881500005,"Shape_STLe":4863.9844701700003},"geometry":{"type":"Polygon","coordinates":[[[30.841992263805196,-29.763444176288182],[30.84170202954558,-29.764085854045081],[30.842522808486535,-29.764974430948008],[30.842720935700029,-29.766404430626732],[30.843632939649659,-29.767020347049922],[30.843973760851604,-29.767514958103039],[30.844063873920419,-29.76779879603885],[30.843743424301962,-29.768426257136113],[30.843548302080176,-29.77025284775247],[30.843324131167357,-29.770783104178054],[30.842984878604504,-29.771761278019323],[30.841067373527157,-29.773706410051457],[30.840728728557849,-29.773960211874574],[30.840637022964703,-29.773496685711049],[30.839502644097895,-29.772158816524367],[30.83844633210764,-29.771418682818986],[30.837657179711872,-29.770962316136035],[30.836245799450989,-29.770797900653637],[30.836076664377572,-29.770401750969324],[30.835831019376123,-29.770253314811711],[30.835661886694464,-29.769857254786839],[30.834151933450254,-29.768419630585811],[30.833254953741516,-29.768329473481327],[30.833141557900447,-29.768247056240472],[30.83289267727972,-29.767503306716765],[30.832998919606567,-29.766606470155764],[30.832845661194202,-29.765275081571545],[30.831377050191051,-29.764207532908845],[30.827892684308662,-29.763862059138877],[30.827651073431614,-29.763607615355458],[30.830474197525959,-29.763535556592121],[30.830922024659863,-29.762992137832523],[30.833592462761573,-29.763146929499687],[30.834934797879779,-29.763673297616251],[30.836085160010665,-29.763873117372718],[30.836997631832357,-29.76242771177089],[30.840746962670433,-29.762354619455557],[30.841992263805196,-29.763444176288182]]]}},
{"type":"Feature","properties":{"sde_LDR_Mi":0.0,"CAT_NAME":"Kloof2","MAJ_CAT":"Umgeni River","Shape_STAr":401680.04056200001,"Shape_STLe":3115.0491989500001},"geometry":{"type":"Polygon","coordinates":[[[30.83844633210764,-29.771418682818986],[30.838318608072615,-29.772261367386555],[30.836683919861468,-29.77350866643852],[30.836252444908258,-29.773675918142807],[30.835653453158997,-29.774280753717768],[30.83330194616731,-29.775483625169397],[30.83089069815944,-29.775721659652703],[30.830057265493721,-29.776125897018403],[30.829193126852086,-29.776401447693985],[30.827837304353849,-29.77630133686926],[30.828168861829646,-29.775865061114029],[30.828339652184937,-29.775288023351937],[30.828794385284571,-29.774777843692963],[30.829010622480975,-29.774047235726634],[30.828959368096392,-29.773846538672071],[30.829297337015941,-29.773401878382124],[30.829536996559025,-29.773240893122953],[30.830429169356567,-29.772212924404325],[30.831170192632666,-29.772134859393059],[30.831708947984833,-29.772061492018096],[30.83240040987355,-29.770955488834954],[30.833635112878962,-29.770787290308864],[30.833447529423538,-29.770052370733335],[30.833730401568044,-29.768958918719353],[30.833254953741516,-29.768329473481327],[30.834151933450254,-29.768419630585811],[30.835661886694464,-29.769857254786839],[30.835831019376123,-29.770253314811711],[30.836076664377572,-29.770401750969324],[30.836245799450989,-29.770797900653637],[30.837657179711872,-29.770962316136035],[30.83844633210764,-29.771418682818986]]]}},
{"type":"Feature","properties":{"sde_LDR_Mi":0.0,"CAT_NAME":"Kloof3","MAJ_CAT":"Umgeni River","Shape_STAr":1765969.31348,"Shape_STLe":6512.0643474300005},"geometry":{"type":"Polygon","coordinates":[[[30.829297337015941,-29.773401878382124],[30.828959368096392,-29.773846538672071],[30.829010622480975,-29.774047235726634],[30.828794385284571,-29.774777843692963],[30.828339652184937,-29.775288023351937],[30.828168861829646,-29.775865061114029],[30.827837304353849,-29.77630133686926],[30.827161518664724,-29.777320463292806],[30.826275795682069,-29.777984055014493],[30.825977119376923,-29.779123116200029],[30.825239847522713,-29.780271783529162],[30.825429767607702,-29.781654434489049],[30.825804710571795,-29.782856548697374],[30.824910362424141,-29.784097921964761],[30.823568311770611,-29.785097370505873],[30.821889446438455,-29.78526297492963],[30.820683827137749,-29.787080548821699],[30.819656288314729,-29.787348865603892],[30.818988111739003,-29.788023350573877],[30.818113124930264,-29.788562678886183],[30.815884604096929,-29.788403317193971],[30.81523857691791,-29.788716610484823],[30.814113971005884,-29.788167260163739],[30.812146786472344,-29.788348662538272],[30.810967514256621,-29.789151552335024],[30.809217129512433,-29.788872158430905],[30.808274096565391,-29.788786886627811],[30.808800886729738,-29.788158077044585],[30.808997787451069,-29.787785524452133],[30.811476685864527,-29.787604454759055],[30.812665031358847,-29.785704251126219],[30.812503009654655,-29.783266799630521],[30.813387874801979,-29.782579305079757],[30.813361424099316,-29.782179994261934],[30.813593719241961,-29.781999452580035],[30.813817279775364,-29.779956109217483],[30.814834279326899,-29.779270841936462],[30.815885667280796,-29.779101104972096],[30.816499236124422,-29.778185123262055],[30.816927715321892,-29.777651853919828],[30.817606907605352,-29.776637836753636],[30.81816548614901,-29.776374025224875],[30.81859318434979,-29.776203488752291],[30.819373243707368,-29.774350185174857],[30.820602446178164,-29.773769560278922],[30.822120466900099,-29.773296678595671],[30.82275598884755,-29.773126411480401],[30.824062000732141,-29.772246180684775],[30.825973737205253,-29.772128218842845],[30.828605983898708,-29.772192501998386],[30.828744955580905,-29.77261487306302],[30.829214676123961,-29.77282297465571],[30.829297337015941,-29.773401878382124]]]}},
{"type":"Feature","properties":{"sde_LDR_Mi":0.0,"CAT_NAME":"Kloof5","MAJ_CAT":"Umgeni River","Shape_STAr":3931689.89756,"Shape_STLe":11112.1602157},"geometry":{"type":"Polygon","coordinates":[[[30.853632813337345,-29.762369530466188],[30.853936756234781,-29.762467298372226],[30.855061060388486,-29.762647497039321],[30.85529166572395,-29.765091380450233],[30.855398723185871,-29.765631867521257],[30.855994049713356,-29.766518043002648],[30.856212486062407,-29.767187752613818],[30.856650459554018,-29.767712182658077],[30.856834527749026,-29.768276479646399],[30.857102495309345,-29.768887055170772],[30.856646872977056,-29.770271041515027],[30.855906686731927,-29.771076213714444],[30.855588480192338,-29.771524126010519],[30.854973869486596,-29.773346988862681],[30.854753660984525,-29.773880528277161],[30.854440521127117,-29.775047617142338],[30.853825912851761,-29.775646123660948],[30.853087484219579,-29.776054681774394],[30.852156175575427,-29.776961620696671],[30.850175696004783,-29.777139438757299],[30.849978964322965,-29.777512059332675],[30.849302768679198,-29.778354357951251],[30.84989353493744,-29.779305735547236],[30.849547443201274,-29.779859822111518],[30.849570378242134,-29.780204423446154],[30.849148681180438,-29.781225530545001],[30.849820360167985,-29.78230718741068],[30.849673650105913,-29.784408245007128],[30.849956201536692,-29.78494695320876],[30.850273670982403,-29.785032928625601],[30.849756811055091,-29.785767109280638],[30.849956147641603,-29.786214698107212],[30.850990887577051,-29.786799288713038],[30.850577839434344,-29.787477929855246],[30.850364500459182,-29.787871050500062],[30.849808448687636,-29.788319242911534],[30.849328096501939,-29.78910866862919],[30.848934687148983,-29.790187680880379],[30.847878570555235,-29.79056462091463],[30.845848139609572,-29.790844331797235],[30.845194701079674,-29.791917960036169],[30.84515842090271,-29.792689411921526],[30.845271362128535,-29.793550131564658],[30.843563923427109,-29.793738635997126],[30.843157301339268,-29.794164483000511],[30.841173061459305,-29.79435612265544],[30.840347726181484,-29.79551954093639],[30.840070525329622,-29.795719829743085],[30.839817953626415,-29.796743945979312],[30.839838124392141,-29.796763689993799],[30.839711022422826,-29.796921588436092],[30.839206642644658,-29.796618241325181],[30.838576038954098,-29.79612473239893],[30.837845795129496,-29.79560210933797],[30.837314756392427,-29.795195665175513],[30.837011369035725,-29.794702317339642],[30.83573900856744,-29.794374187240493],[30.834380689803488,-29.793423563838903],[30.83340304843302,-29.792520869342546],[30.832588800941071,-29.791523471716236],[30.831774248043899,-29.790715851694664],[30.831677635649239,-29.790670044128358],[30.832063914497958,-29.789694556791673],[30.832180034166768,-29.789726001722688],[30.832326636228554,-29.789572469807037],[30.833340928223539,-29.788937687744959],[30.833740607559005,-29.788902654349108],[30.834337880226709,-29.788956546559582],[30.834959130472008,-29.787028887665958],[30.835191944432776,-29.785459958029971],[30.836458669928515,-29.785296914192042],[30.836648225532446,-29.784736398584094],[30.837084656245807,-29.783847010537585],[30.837405786838239,-29.781682611688471],[30.839752929626499,-29.781456016034344],[30.839829880732463,-29.780806589547829],[30.838934291795368,-29.779483894517934],[30.839507541523542,-29.779267822626664],[30.839706834360118,-29.77758571895469],[30.83949929585804,-29.77578466919179],[30.839855780779448,-29.774730267994574],[30.840199263097674,-29.774041836562475],[30.840728728557849,-29.773960211874574],[30.841067373527157,-29.773706410051457],[30.842984878604504,-29.771761278019323],[30.843324131167357,-29.770783104178054],[30.843548302080176,-29.77025284775247],[30.843743424301962,-29.768426257136113],[30.844063873920419,-29.76779879603885],[30.845208416101332,-29.767701877651582],[30.847099843091538,-29.767927737283163],[30.848123641440036,-29.767857099989445],[30.848524328267008,-29.768263871690419],[30.849026093878429,-29.768432328173596],[30.850052704213486,-29.76793417317884],[30.851547083855589,-29.76744131996162],[30.852060411390053,-29.766441137404851],[30.852343869395586,-29.765999236938374],[30.852224543140409,-29.764682998770855],[30.852799106176331,-29.764000648762995],[30.852377298177924,-29.763894897337384],[30.851652998351206,-29.762851567420491],[30.851554190582501,-29.76254852368827],[30.853632546690786,-29.762550856718168],[30.853632813337345,-29.762369530466188]]]}},
{"type":"Feature","properties":{"sde_LDR_Mi":0.0,"CAT_NAME":"Kloof4","MAJ_CAT":"Umgeni River","Shape_STAr":2792942.3538099998,"Shape_STLe":9795.5189267599999},"geometry":{"type":"Polygon","coordinates":[[[30.814505415893311,-29.79305553318687],[30.814112461293153,-29.792831953149658],[30.812727682539222,-29.792094032671837],[30.811463557806395,-29.791303702887113],[30.8103790530851,-29.791144434077911],[30.808751947552022,-29.791089500965718],[30.807305393943881,-29.791087278762006],[30.80725363278869,-29.791122271658274],[30.807410067510645,-29.789806057563613],[30.80799331828123,-29.788997206884467],[30.808274096565391,-29.788786886627811],[30.809217129512433,-29.788872158430905],[30.810967514256621,-29.789151552335024],[30.812146786472344,-29.788348662538272],[30.814113971005884,-29.788167260163739],[30.81523857691791,-29.788716610484823],[30.815884604096929,-29.788403317193971],[30.818113124930264,-29.788562678886183],[30.818988111739003,-29.788023350573884],[30.819656288314729,-29.787348865603892],[30.820683827137749,-29.787080548821699],[30.821889446438455,-29.78526297492963],[30.823568311770611,-29.785097370505873],[30.824910362424141,-29.784097921964761],[30.825804710571795,-29.782856548697374],[30.825429767607702,-29.781654434489049],[30.825239847522713,-29.780271783529162],[30.825977119376923,-29.779123116200029],[30.826275795682069,-29.777984055014493],[30.827161518664731,-29.777320463292824],[30.827837304353849,-29.77630133686926],[30.829193126852086,-29.776401447693985],[30.830057265493721,-29.776125897018403],[30.83089069815944,-29.775721659652703],[30.83330194616731,-29.775483625169397],[30.835653453158997,-29.774280753717768],[30.836252444908258,-29.773675918142807],[30.836683919861468,-29.77350866643852],[30.838318608072615,-29.772261367386555],[30.83844633210764,-29.771418682818986],[30.839502644097895,-29.772158816524367],[30.840637022964703,-29.773496685711049],[30.840728728557849,-29.773960211874574],[30.840199263097674,-29.774041836562475],[30.839855780779448,-29.774730267994574],[30.83949929585804,-29.77578466919179],[30.839706834360118,-29.77758571895469],[30.839507541523542,-29.779267822626664],[30.838934291795368,-29.779483894517934],[30.839829880732463,-29.780806589547829],[30.839752929626499,-29.781456016034344],[30.837405786838239,-29.781682611688471],[30.837084656245807,-29.783847010537585],[30.836648225532446,-29.784736398584094],[30.836458669928515,-29.785296914192042],[30.835191944432776,-29.785459958029971],[30.834959130472008,-29.787028887665958],[30.834337880226709,-29.788956546559582],[30.833740607559005,-29.788902654349108],[30.833340928223539,-29.788937687744959],[30.832326636228554,-29.789572469807037],[30.832180034166768,-29.789726001722688],[30.832063914497958,-29.789694556791673],[30.831677635649239,-29.790670044128358],[30.830469840901777,-29.79009737258934],[30.828784123284088,-29.789810499941574],[30.827913742998135,-29.789856801964014],[30.826879849772201,-29.790092662850824],[30.825682499048817,-29.790470717150832],[30.825648000734152,-29.790483201298407],[30.824376213149623,-29.790943422185389],[30.823232929013322,-29.79151122335648],[30.821981012079224,-29.791983976362022],[30.82116432810788,-29.79240986859093],[30.820238931291236,-29.792788159725788],[30.819095602971153,-29.793355923874241],[30.818016777746578,-29.793667920313165],[30.817952695303052,-29.793686452868819],[30.816798365041052,-29.793722127819223],[30.816483931867946,-29.793731844243062],[30.815320035106026,-29.793517678988394],[30.815316552829099,-29.793517038125028],[30.814505415893311,-29.79305553318687]]]}},
{"type":"Feature","properties":{"sde_LDR_Mi":0.0,"CAT_NAME":"Kloof7","MAJ_CAT":"Umgeni River","Shape_STAr":856016.07281899999,"Shape_STLe":4731.6955004600004},"geometry":{"type":"Polygon","coordinates":[[[30.852805370218505,-29.796292082067431],[30.852787268240398,-29.796367890341624],[30.852760587449545,-29.796445992163722],[30.852726466199329,-29.796521858778515],[30.852685146510471,-29.7965949520305],[30.85263692146723,-29.796664753435671],[30.85258213313881,-29.796730767859707],[30.852521170153139,-29.796792527030064],[30.85245446494044,-29.796849592858031],[30.852382490665914,-29.796901560546431],[30.852305757873207,-29.796948061461251],[30.851702179724565,-29.797283342093998],[30.851621165694997,-29.797317387970903],[30.851537539512915,-29.797346231780796],[30.851451739597969,-29.797369722306101],[30.851364215766857,-29.797387736394654],[30.85127542687513,-29.797400179605059],[30.851185838411126,-29.79740698670199],[30.851095920055478,-29.797408121998391],[30.851011700888733,-29.797404995976773],[30.850927529632852,-29.797408984624049],[30.850844194517713,-29.797420050588027],[30.850762475943654,-29.79743809024032],[30.85068313917359,-29.797462934646685],[30.85060692716733,-29.797494351148796],[30.850534553624225,-29.797532045543097],[30.85046669630011,-29.797575664835474],[30.850403990660343,-29.797624800547055],[30.850347023929221,-29.79767899253892],[30.850296329590631,-29.797737733321085],[30.850252382392238,-29.797800472804937],[30.850215593899033,-29.79786662345397],[30.850186308639227,-29.797935565786336],[30.85018505036992,-29.797939725408892],[30.850164800877053,-29.798006654175268],[30.850151272044037,-29.798079222895609],[30.85014584885197,-29.79815259235777],[30.850148582105692,-29.798226075471845],[30.850159446226524,-29.798298984082237],[30.850178339491343,-29.798370635412024],[30.850205084984431,-29.798440358456933],[30.850239432253691,-29.798507500269565],[30.850281059655469,-29.798571432074159],[30.850329577366377,-29.79863155515508],[30.850384531033487,-29.798687306464167],[30.850445406029056,-29.79873816389355],[30.850511632269747,-29.798783651165596],[30.850582589555543,-29.798823342293236],[30.850657613377685,-29.798856865569775],[30.850736001142224,-29.798883907049962],[30.850817018749936,-29.798904213490211],[30.850899907471437,-29.798917594720614],[30.85098389105319,-29.798923925425647],[30.851168603168535,-29.798957223956481],[30.8512487911356,-29.79896841575108],[30.851327970939678,-29.798984147168134],[30.851405805110527,-29.799004351159212],[30.851481961912551,-29.799028941613514],[30.851556116758555,-29.799057813724765],[30.851649348227312,-29.799106067182379],[30.851738467308905,-29.799159908089841],[30.851823034561871,-29.799219070964689],[30.851902632986935,-29.799283264081907],[30.851976870083426,-29.799352170912361],[30.852045379784414,-29.799425451683458],[30.852107824262106,-29.799502745054522],[30.852163895593456,-29.79958366989808],[30.852213317278981,-29.799667827179352],[30.852255845606205,-29.799754801923548],[30.852291270851701,-29.799844165262058],[30.85231941831557,-29.799935476547173],[30.852340149183288,-29.800028285524487],[30.852353361210309,-29.800122134553547],[30.852358989226925,-29.800216560863955],[30.852357005459901,-29.800311098837497],[30.85235580522577,-29.800322891568648],[30.850143246819812,-29.800178015904212],[30.849835470428864,-29.800083573092071],[30.849843904065281,-29.800108108768978],[30.849238419012767,-29.799710951490919],[30.848696290048089,-29.799500054638074],[30.848093570698147,-29.799499355265585],[30.847309951302414,-29.799551010285949],[30.846405786934053,-29.799602518843162],[30.845501540897157,-29.799706589795324],[30.844917583356416,-29.799755532829053],[30.84438576808056,-29.799812869415248],[30.843887459814695,-29.799696334330193],[30.84327187892297,-29.799441109891021],[30.842669494258175,-29.799230109673541],[30.842326818111228,-29.798882883598367],[30.841994879019776,-29.798650603005626],[30.841663111619727,-29.798302374239007],[30.841430857008692,-29.798070206168028],[30.840600937277642,-29.797518461020267],[30.84010310879356,-29.797112062751012],[30.839737837204851,-29.796937714876513],[30.839711022422826,-29.796921588436092],[30.839838124392152,-29.796763689993803],[30.839817953626408,-29.796743945979312],[30.840070525329608,-29.795719829743085],[30.840347726181498,-29.79551954093639],[30.841173061459305,-29.79435612265544],[30.843157301339268,-29.794164483000529],[30.843563923427109,-29.793738635997126],[30.845271362128535,-29.793550131564658],[30.846246440134443,-29.793699322603889],[30.847049398470958,-29.79399552819299],[30.847233909657668,-29.794197186413598],[30.848641252408402,-29.79446439938086],[30.84892757878789,-29.794777221743782],[30.850143435193939,-29.795553991476744],[30.851375372725482,-29.795968561581311],[30.851920562410957,-29.796028358304145],[30.852506273700179,-29.795965510596709],[30.852805370218505,-29.796292082067431]]]}},
{"type":"Feature","properties":{"sde_LDR_Mi":0.0,"CAT_NAME":"Kloof10","MAJ_CAT":"Umbilo River","Shape_STAr":1074466.15072,"Shape_STLe":5367.67062876},"geometry":{"type":"Polygon","coordinates":[[[30.814885978159111,-29.798194941612291],[30.813862843663536,-29.797404977884575],[30.812899204759585,-29.797035632431349],[30.811693995771229,-29.796928769411728],[30.810790239882344,-29.796769764884715],[30.809826618465578,-29.796400397074077],[30.809044620444482,-29.795610746285707],[30.808624046182885,-29.794926753644273],[30.807600834116837,-29.794136650076858],[30.806697202689616,-29.793925048205971],[30.805793882713797,-29.793555736417645],[30.805614099869281,-29.793029789088973],[30.805675801141149,-29.792293927344257],[30.806219151891412,-29.791821630184664],[30.807305393943881,-29.791087278762006],[30.808751947552022,-29.791089500965718],[30.8103790530851,-29.791144434077911],[30.811463557806395,-29.791303702887113],[30.812727682539222,-29.792094032671837],[30.814112461293153,-29.792831953149658],[30.814505415893311,-29.79305553318687],[30.815316552829099,-29.793517038125028],[30.815320035106026,-29.793517678988394],[30.816483931867946,-29.793731844243062],[30.816798365041052,-29.793722127819223],[30.817952695303052,-29.793686452868819],[30.819039398126304,-29.794352192823244],[30.819908615145359,-29.794970180412545],[30.820723191230922,-29.795730422876037],[30.821701819060692,-29.796016434749099],[30.822244804449138,-29.796586486722575],[30.823059493734366,-29.797299275662617],[30.823625700782877,-29.797996755659661],[30.824528096978327,-29.798944201465915],[30.825370790896649,-29.799576154774755],[30.825550498047768,-29.800207213141388],[30.825549022232533,-29.801048298660088],[30.82560818757354,-29.801679192261624],[30.825667078121047,-29.802467788597912],[30.825966692096401,-29.803466991811515],[30.825783846395861,-29.804623227120224],[30.825677840691167,-29.804598745322124],[30.824639084315393,-29.804358844054537],[30.82361552746276,-29.803726644307623],[30.822231661832117,-29.802357978278589],[30.820666818460047,-29.801094202069745],[30.818860448221976,-29.800092914234636],[30.81729423533292,-29.799617619329233],[30.815788586518039,-29.79898472676312],[30.814885978159111,-29.798194941612291]]]}},
{"type":"Feature","properties":{"sde_LDR_Mi":0.0,"CAT_NAME":"Kloof11","MAJ_CAT":"Umbilo River","Shape_STAr":660647.19319500006,"Shape_STLe":3773.9046106400001},"geometry":{"type":"Polygon","coordinates":[[[30.819709945201954,-29.807841196521235],[30.819644912054532,-29.807813961072451],[30.818907225136595,-29.807505014985924],[30.816858953825523,-29.806871326350478],[30.815654780444891,-29.806133669576369],[30.814932454798036,-29.805606993216468],[30.814271290198775,-29.804607287823018],[30.814876970932652,-29.803031122764086],[30.81505927563159,-29.802242846984004],[30.815060156210315,-29.80176974148949],[30.815061036769887,-29.801296635058975],[30.814881099125351,-29.800823272782793],[30.81464117413536,-29.80019215542092],[30.814100294533162,-29.799350311261328],[30.813620186591947,-29.798245712700623],[30.812899204759585,-29.797035632431349],[30.813862843663536,-29.797404977884575],[30.814885978159111,-29.798194941612291],[30.815788586518039,-29.79898472676312],[30.81729423533292,-29.799617619329233],[30.818860448221976,-29.800092914234636],[30.820666818460047,-29.801094202069745],[30.822231661832117,-29.802357978278589],[30.82361552746276,-29.803726644307623],[30.824639084315393,-29.804358844054537],[30.825677840691167,-29.804598745322124],[30.824953602603571,-29.805412007971764],[30.824732685117393,-29.805549178244334],[30.824448667008483,-29.805713755690505],[30.824038547849433,-29.805878161992549],[30.823722856412044,-29.806125176934351],[30.823470117230503,-29.806427264199012],[30.823028222685441,-29.806729093310334],[30.82252327367593,-29.807030835365389],[30.821924038979024,-29.807167482413796],[30.820914670912533,-29.807468524157777],[30.820347005640603,-29.807577714572037],[30.819709945201954,-29.807841196521235]]]}},
{"type":"Feature","properties":{"sde_LDR_Mi":0.0,"CAT_NAME":"Kloof9","MAJ_CAT":"Umbilo River","Shape_STAr":1517292.30103,"Shape_STLe":5430.0001198999998},"geometry":{"type":"Polygon","coordinates":[[[30.817952695303052,-29.793686452868819],[30.819095602971153,-29.793355923874248],[30.820238931291236,-29.792788159725788],[30.82116432810788,-29.792409868590941],[30.821981012079224,-29.791983976362022],[30.823232929013322,-29.79151122335648],[30.824376213149627,-29.790943422185389],[30.825648000734152,-29.790483201298407],[30.825682499048817,-29.790470717150832],[30.826879849772201,-29.790092662850824],[30.827913742998135,-29.789856801964014],[30.828784123284088,-29.789810499941574],[30.830469840901777,-29.79009737258934],[30.831677635649239,-29.790670044128358],[30.831774248043899,-29.790715851694664],[30.832588800941071,-29.791523471716236],[30.83340304843302,-29.792520869342546],[30.834380689803488,-29.793423563838903],[30.83573900856744,-29.794374187240493],[30.837011369035725,-29.794702317339642],[30.835923821610944,-29.796330579134903],[30.834836931613655,-29.797538317161798],[30.834533910241916,-29.798536734948051],[30.834230706374161,-29.799640290775837],[30.834228950312557,-29.800691658144537],[30.834287469574925,-29.801743098218768],[30.834286329786352,-29.802426482844215],[30.834525566501966,-29.803530721228888],[30.834885041143991,-29.804845383762384],[30.833620044928786,-29.804370659083695],[30.832355060687924,-29.8038959358421],[30.831391370922159,-29.803474169138443],[30.830609053325958,-29.80273724413404],[30.828923106803892,-29.80173623174095],[30.828140837507451,-29.800999218106593],[30.827177575454677,-29.800367105088153],[30.826274042343421,-29.800050483554031],[30.825370790896649,-29.799576154774755],[30.824528096978327,-29.798944201465915],[30.823625700782877,-29.797996755659661],[30.823059493734366,-29.797299275662617],[30.822244804449138,-29.796586486722575],[30.821701819060692,-29.796016434749099],[30.820723191230922,-29.795730422876037],[30.819908615145359,-29.794970180412545],[30.819039398126304,-29.794352192823244],[30.817952695303052,-29.793686452868819]]]}},
{"type":"Feature","properties":{"sde_LDR_Mi":0.0,"CAT_NAME":"Kloof12","MAJ_CAT":"Umhlatuzana River","Shape_STAr":597058.30804799998,"Shape_STLe":4245.72231336},"geometry":{"type":"Polygon","coordinates":[[[30.806172217877378,-29.793710415315431],[30.806697202689616,-29.793925048205971],[30.807600834116837,-29.794136650076858],[30.807682356119091,-29.794199602650036],[30.808624046182885,-29.794926753644273],[30.809044620444482,-29.795610746285707],[30.809826618465578,-29.796400397074077],[30.810790239882344,-29.796769764884715],[30.811693995771229,-29.796928769411728],[30.812899204759585,-29.797035632431349],[30.813620186591947,-29.798245712700623],[30.814100294533162,-29.799350311261328],[30.81464117413536,-29.80019215542092],[30.814881099125351,-29.800823272782793],[30.815061036769887,-29.801296635058975],[30.815060156210315,-29.80176974148949],[30.81505927563159,-29.802242846984004],[30.814876970932652,-29.803031122764086],[30.814664695488666,-29.803583534492486],[30.813047860072572,-29.80306648357746],[30.81236808518468,-29.802295754537734],[30.810718719635037,-29.802130290686723],[30.809833882934001,-29.802594047848991],[30.808948083137491,-29.802908770277618],[30.808166048291802,-29.803318630179767],[30.807738798977578,-29.80393937554912],[30.807285780776134,-29.804243352375117],[30.80737995961702,-29.804806042619173],[30.806874633054235,-29.80514503436995],[30.805955142640464,-29.80546644420134],[30.805956097452647,-29.804922473772333],[30.805857447697601,-29.804284190598043],[30.805552312829786,-29.80247871929296],[30.806902588780765,-29.80139123987292],[30.807115983053261,-29.800045647126268],[30.807575987121538,-29.798524554497362],[30.80731806554941,-29.797219725652671],[30.807331110137536,-29.796945593304464],[30.807318132411304,-29.796649321848463],[30.806904234993574,-29.796313759683329],[30.806705374067299,-29.795762548296395],[30.804729987078264,-29.793859054379599],[30.805093001059529,-29.793813496862008],[30.805407221251723,-29.793543510581358],[30.805779613723864,-29.793513993945609],[30.805793882713797,-29.793555736417645],[30.806172217877378,-29.793710415315431]]]}},
{"type":"Feature","properties":{"sde_LDR_Mi":0.0,"CAT_NAME":"Kloof6","MAJ_CAT":"Umgeni River","Shape_STAr":3291023.9865899999,"Shape_STLe":8881.4562637899999},"geometry":{"type":"Polygon","coordinates":[[[30.851328862247478,-29.79595291020312],[30.850143435193939,-29.795553991476744],[30.84892757878789,-29.794777221743782],[30.848641252408402,-29.79446439938086],[30.847233909657668,-29.79419718641358],[30.847049398470958,-29.79399552819299],[30.846246440134443,-29.793699322603889],[30.845271362128535,-29.793550131564658],[30.84515842090271,-29.792689411921486],[30.845194701079674,-29.791917960036159],[30.845848139609572,-29.790844331797203],[30.847878570555235,-29.79056462091463],[30.848934687149004,-29.790187680880372],[30.849328096501957,-29.789108668629165],[30.849808448687654,-29.78831924291153],[30.8503645004592,-29.787871050500062],[30.850577839434344,-29.787477929855232],[30.850990887577051,-29.786799288713038],[30.849956147641603,-29.786214698107212],[30.849756811055091,-29.785767109280638],[30.850273670982411,-29.785032928625562],[30.849956201536692,-29.78494695320876],[30.849673650105931,-29.784408245007128],[30.849820360167985,-29.782307187410648],[30.849148681180445,-29.781225530544994],[30.849570378242134,-29.780204423446154],[30.849547443201281,-29.779859822111518],[30.849893534937458,-29.779305735547251],[30.849302768679198,-29.778354357951251],[30.849978964322975,-29.777512059332665],[30.850175696004815,-29.777139438757299],[30.852156175575438,-29.776961620696671],[30.853087484219579,-29.77605468177439],[30.853825912851761,-29.775646123660948],[30.854440521127117,-29.775047617142306],[30.854753660984539,-29.773880528277139],[30.854973869486596,-29.773346988862681],[30.855588480192338,-29.771524126010519],[30.855906686731934,-29.771076213714412],[30.856849952340962,-29.770993319136331],[30.857666092446522,-29.770799349762402],[30.858930136384668,-29.770632739999058],[30.85892826649982,-29.770612123070769],[30.859015814561257,-29.770665039201102],[30.859296519356022,-29.770834750923829],[30.859471227395382,-29.770940305454506],[30.86028247051901,-29.771430663363898],[30.86260548452433,-29.77283473801721],[30.86224700070867,-29.773526178521077],[30.861973943647463,-29.774052841530029],[30.861335377565453,-29.774739320289754],[30.860994962565009,-29.775079292957837],[30.860069687888394,-29.776003349176325],[30.859157925335332,-29.776916050670771],[30.858886779000699,-29.777185685004383],[30.858245008803944,-29.777828675918045],[30.857997989164563,-29.778075332656048],[30.857812672895534,-29.778263120992499],[30.857162685759484,-29.778909878822841],[30.857023425518662,-29.779048445673229],[30.857331591919866,-29.779425067043785],[30.857698672955923,-29.779873685503816],[30.857957362120242,-29.780190953634868],[30.858013222535455,-29.780259773878829],[30.858022511108164,-29.780266450583259],[30.858307259035485,-29.780471098980442],[30.858045489311202,-29.781813789456518],[30.858535491685362,-29.783604479262685],[30.859122639467436,-29.785750095957209],[30.859739833462331,-29.788005409258684],[30.851328862247478,-29.79595291020312]]]}},
{"type":"Feature","properties":{"sde_LDR_Mi":0.0,"CAT_NAME":"Kloof8","MAJ_CAT":"Umbilo River","Shape_STAr":865143.56699399999,"Shape_STLe":3824.8089303699999},"geometry":{"type":"Polygon","coordinates":[[[30.851340966078588,-29.804299946857356],[30.851187961991968,-29.804360048611265],[30.850845676691758,-29.804494465580014],[30.850370429220817,-29.804681798721969],[30.850147371466356,-29.804456757146216],[30.849923878857666,-29.804231272653531],[30.849700830355424,-29.804006221302771],[30.849630519521263,-29.803935914482228],[30.849475899990132,-29.803779282887316],[30.849240512726553,-29.803541364183332],[30.84907059707179,-29.803369620230825],[30.84802732043276,-29.801884763064262],[30.847930666385132,-29.801747124657908],[30.847884450838468,-29.801734892784985],[30.847824896526554,-29.801719667623619],[30.84755824247296,-29.801651424895692],[30.847182039069704,-29.801554785112877],[30.847181322534293,-29.801554602055088],[30.846561788704335,-29.801395298781177],[30.845831182507574,-29.801443514382136],[30.845775184174421,-29.801446915926377],[30.845456570659827,-29.801469141142558],[30.845264225258404,-29.801480942355202],[30.84446736288012,-29.801511697898039],[30.84411455888274,-29.801525359067345],[30.843682439264466,-29.801542055896231],[30.842725068714085,-29.80157937515715],[30.842210401553675,-29.801417934455632],[30.841755512172831,-29.801275259879503],[30.841497876490305,-29.801121297563711],[30.841240573308387,-29.800967536317469],[30.840733356908437,-29.800664429007529],[30.839064568722225,-29.801122644270873],[30.839013345401636,-29.801136744364122],[30.838343149464521,-29.80102983737434],[30.837948663953615,-29.800796979438388],[30.837476122707191,-29.800580204897543],[30.836833351221113,-29.800285598860697],[30.836514842487261,-29.800139490403595],[30.835540275340964,-29.799692423032571],[30.834895387069714,-29.800306498894198],[30.834857889025596,-29.800342108374132],[30.834852600646656,-29.800347130404475],[30.834348726321444,-29.800377800069967],[30.834229215872384,-29.800532669030861],[30.834229410859805,-29.800415930408924],[30.834230706374186,-29.799640290775837],[30.834533910241916,-29.798536734948051],[30.834836931613655,-29.797538317161798],[30.835923821610955,-29.796330579134896],[30.837011369035725,-29.794702317339649],[30.837314756392413,-29.795195665175513],[30.837845795129496,-29.79560210933797],[30.838576038954105,-29.79612473239893],[30.83920664264468,-29.796618241325167],[30.839711022422826,-29.796921588436092],[30.839737837204851,-29.796937714876513],[30.84010310879356,-29.797112062751012],[30.840600937277642,-29.797518461020267],[30.841430857008707,-29.798070206168052],[30.841663111619727,-29.798302374238993],[30.841994879019776,-29.798650603005626],[30.842326818111228,-29.798882883598367],[30.842669494258175,-29.799230109673541],[30.84327187892297,-29.799441109891021],[30.843887459814695,-29.799696334330193],[30.84438576808056,-29.799812869415248],[30.844917583356423,-29.799755532829053],[30.845501540897157,-29.799706589795324],[30.846405786934053,-29.799602518843162],[30.847309951302414,-29.799551010285949],[30.848093570698147,-29.799499355265585],[30.848696290048089,-29.799500054638074],[30.849238419012767,-29.799710951490919],[30.849843904065281,-29.800108108768978],[30.849960967707108,-29.80018489352679],[30.850065511340791,-29.800513756734258],[30.85094563770657,-29.803282363587549],[30.850980714483814,-29.803392704215035],[30.851340986604839,-29.804286767057366],[30.851340966078588,-29.804299946857356]]]}},
{"type":"Feature","properties":{"sde_LDR_Mi":0.0,"CAT_NAME":"Manzimtoti River","MAJ_CAT":"Manzimtoti River","Shape_STAr":1154811.08008,"Shape_STLe":5912.4917228699996,"CatchNames":"KwaMakhuta 2"},"geometry":{"type":"Polygon","coordinates":[[[30.86589703423688,-30.023017033219823],[30.866860126005761,-30.023992161706033],[30.86772756290943,-30.024643985048119],[30.868051724078754,-30.025584826197203],[30.86857183733888,-30.025417560576926],[30.869247970789242,-30.025090059049965],[30.873021772086911,-30.025368305850741],[30.87301011132266,-30.025691321658712],[30.872921695864008,-30.026195328235808],[30.87288594355217,-30.026699385598221],[30.872850054405752,-30.027310371350115],[30.872761422072657,-30.027982408075832],[30.872567868678125,-30.028333557447557],[30.872620318752887,-30.028501638814927],[30.872795517689124,-30.028776767430433],[30.872777650525869,-30.029021158255901],[30.872777260378438,-30.029326667990986],[30.872689230872034,-30.029525164409584],[30.872583723947169,-30.029662541821327],[30.872443028034869,-30.029860987051229],[30.872267240596781,-30.030044122557793],[30.872021231293132,-30.030227189538632],[30.871775162099599,-30.030456082501438],[30.871739717061029,-30.030715731488066],[30.871792049016907,-30.030975466016745],[30.871844282982579,-30.031311577921734],[30.871703563584663,-30.031525297780682],[30.871475026309689,-30.031769482723121],[30.871369219442034,-30.032135991291845],[30.871193129711497,-30.032548257456302],[30.871069864052235,-30.032838371160963],[30.870841381624935,-30.03303672851073],[30.870665446782297,-30.033326790095479],[30.870542317590985,-30.033509974937516],[30.870454260040372,-30.033723745185263],[30.8704714583961,-30.033998721011322],[30.870576317834114,-30.034365436046603],[30.870575861302537,-30.034716771924728],[30.87045282956035,-30.034823579277976],[30.870136680098412,-30.03493019603021],[30.869838106075807,-30.035021553918167],[30.869732689271299,-30.035082551544342],[30.869679800936286,-30.035250529563758],[30.869609196218025,-30.035540693919643],[30.8693455520452,-30.035769564696462],[30.868994325990894,-30.035845592861744],[30.868555358194595,-30.035890981473557],[30.868204110902784,-30.035982282992919],[30.867905491446994,-30.036104187400952],[30.867378842006488,-30.036073106574207],[30.866869892160643,-30.035935113136098],[30.866518745549214,-30.035950032814156],[30.866132219297061,-30.03616349689732],[30.865956388561219,-30.036361899193796],[30.865833351129236,-30.036467747462488],[30.865788303715416,-30.036517094134673],[30.865633405251913,-30.036219311067441],[30.86545335112227,-30.035873165257186],[30.865847221751853,-30.035567671932096],[30.866218815638302,-30.034865507608739],[30.868143748172919,-30.03303074826302],[30.868113046329295,-30.032572910895002],[30.868158279648,-30.031924538837227],[30.867330164149028,-30.031279256365419],[30.866898301124433,-30.028849330161822],[30.865846517484155,-30.027407803002767],[30.865650361562569,-30.02703477146169],[30.864806367858829,-30.026137400293912],[30.864610855864402,-30.025220407923772],[30.864018495318955,-30.024480447827067],[30.862849594976332,-30.023906300087557],[30.861884072509955,-30.023935841254463],[30.861586415172528,-30.023385609961149],[30.862543043303422,-30.022641931264438],[30.863046301292155,-30.022231888234597],[30.863196709405255,-30.022002950092634],[30.863518921346401,-30.02145050178024],[30.863845503716792,-30.021243338271947],[30.864054273605888,-30.021663185639873],[30.864687330301333,-30.022050798051318],[30.864975980743193,-30.022324909228303],[30.86589703423688,-30.023017033219823]]]}},
{"type":"Feature","properties":{"sde_LDR_Mi":0.0,"CAT_NAME":"Manzimtoti River","MAJ_CAT":"Manzimtoti River","Shape_STAr":929641.75128199998,"Shape_STLe":4222.5168543500004,"CatchNames":"KwaMakhuta 3"},"geometry":{"type":"Polygon","coordinates":[[[30.86022501361521,-30.029835160591688],[30.859845024638847,-30.029609044266955],[30.85865322536576,-30.029262081594343],[30.858180586543359,-30.028891619463142],[30.857810778463634,-30.028545134757156],[30.857667403457935,-30.028103422237908],[30.857359124261496,-30.027471369193648],[30.857207352680089,-30.025308269256758],[30.857415984166373,-30.025127176151251],[30.857693570722098,-30.025005334748727],[30.858112276851251,-30.024282224349221],[30.859361286971595,-30.023738888974734],[30.859502095085563,-30.023497460920648],[30.860057306798822,-30.023437162895906],[30.860614446888828,-30.023196903720365],[30.861586415172528,-30.023385609961149],[30.861884072509955,-30.023935841254463],[30.862849594976332,-30.023906300087557],[30.864018495318955,-30.024480447827063],[30.864610855864402,-30.025220407923772],[30.864806367858829,-30.026137400293912],[30.865650361562569,-30.027034771461672],[30.865846517484155,-30.027407803002767],[30.866898301124433,-30.028849330161822],[30.867330164149049,-30.031279256365465],[30.868158279648,-30.031924538837227],[30.868113046329295,-30.032572910895002],[30.868143748172919,-30.03303074826302],[30.866218815638302,-30.034865507608739],[30.865847221751853,-30.035567671932096],[30.86545335112227,-30.035873165257186],[30.865788303715416,-30.036517094134673],[30.864565666577608,-30.036628559989808],[30.864313902110947,-30.036344074205143],[30.863814426564016,-30.036420801259723],[30.862620676330319,-30.036358458153213],[30.861883329625734,-30.036342410624268],[30.861854802513236,-30.036373360094263],[30.861986088687907,-30.035467958647725],[30.861876102130335,-30.035382235407877],[30.861816237320248,-30.034874938674214],[30.861460583133969,-30.034475203065114],[30.861265693768747,-30.033195480006707],[30.860395396406236,-30.032712574068576],[30.860641939626522,-30.032117009363422],[30.860975753330795,-30.030571030967689],[30.86022501361521,-30.029835160591688]]]}},
{"type":"Feature","properties":{"sde_LDR_Mi":0.0,"CAT_NAME":"Manzimtoti River","MAJ_CAT":"Manzimtoti River","Shape_STAr":1157374.90399,"Shape_STLe":5820.9611263799998,"CatchNames":"KwaMakhuta 4"},"geometry":{"type":"Polygon","coordinates":[[[30.861986088687907,-30.035467958647725],[30.861854477605096,-30.036375600768409],[30.861672547042438,-30.036418566590758],[30.861426608826221,-30.036525236162127],[30.861233254226537,-30.036693062685373],[30.860899255229512,-30.036998219638892],[30.860670486593815,-30.037379864631514],[30.860477193261104,-30.037501863633345],[30.860283835164303,-30.037669688725174],[30.859985415782106,-30.037638820488187],[30.859687233327232,-30.037439921523813],[30.859476834723825,-30.037241115677425],[30.859178719274897,-30.0369963891754],[30.859021251461947,-30.03661433343337],[30.858740587054353,-30.036446002043235],[30.858354715779594,-30.036185903911953],[30.857705240147876,-30.036108825610146],[30.856247447386576,-30.036534954312899],[30.855087946769714,-30.037068324093681],[30.853823609903781,-30.037250231088059],[30.853818745650287,-30.037251585494435],[30.853759784580362,-30.037166876479738],[30.853557105553644,-30.035539380547924],[30.853325936096422,-30.035377919771342],[30.853008883362612,-30.035032517746856],[30.853181671773317,-30.033434750271756],[30.852907796653895,-30.032645320693653],[30.853520076799807,-30.031741582189941],[30.853749400744658,-30.03082496215168],[30.853991723165173,-30.030656631643474],[30.853530052997179,-30.03010532309013],[30.850948823907014,-30.030015954044913],[30.851089462001809,-30.029774703787446],[30.851924888754255,-30.029410743082988],[30.852339517319344,-30.028687278125297],[30.852480476902286,-30.028083936684325],[30.85282734376273,-30.028023433719454],[30.854101766256807,-30.027736546206192],[30.854820494197291,-30.026675743254685],[30.855099786742716,-30.026100970036953],[30.855633583491667,-30.025522417112494],[30.856883070116929,-30.025388562465839],[30.857207352680089,-30.025308269256758],[30.857359124261496,-30.027471369193648],[30.857667403457935,-30.028103422237923],[30.857810778463634,-30.028545134757149],[30.858180586543359,-30.028891619463142],[30.85865322536576,-30.029262081594343],[30.859845024638847,-30.029609044266955],[30.86022501361521,-30.029835160591688],[30.860975753330795,-30.030571030967689],[30.860641939626522,-30.032117009363422],[30.860395396406236,-30.032712574068576],[30.861265693768747,-30.033195480006707],[30.861460583133969,-30.034475203065114],[30.861816237320248,-30.034874938674214],[30.861876102130335,-30.035382235407877],[30.861986088687907,-30.035467958647725]]]}},
{"type":"Feature","properties":{"sde_LDR_Mi":0.0,"CAT_NAME":"Mbokodweni River","MAJ_CAT":"Isipingo River","Shape_STAr":1385398.66338,"Shape_STLe":6493.4133207100003,"CatchNames":"KwaMakhuta 1"},"geometry":{"type":"Polygon","coordinates":[[[30.864975980743193,-30.022324909228303],[30.864687330301333,-30.022050798051318],[30.864054273605888,-30.021663185639873],[30.863845503716792,-30.021243338271947],[30.864432506139988,-30.020870976279969],[30.864871989504401,-30.020397887071766],[30.865768106198768,-30.019741956606655],[30.867611157977414,-30.019789650173148],[30.869753459117259,-30.019196042301349],[30.871193900732614,-30.018372581436576],[30.872159699893814,-30.018083288067135],[30.873617155028374,-30.017656980854774],[30.874179046792509,-30.017504763914413],[30.874357953511634,-30.016970291150685],[30.874407910323264,-30.016970338833243],[30.874934480290104,-30.016986115812564],[30.875197736648701,-30.017016916787036],[30.875478507989339,-30.017078284877016],[30.8758643884143,-30.0173077824284],[30.876162581176413,-30.017476094227135],[30.876723882378322,-30.017797407398465],[30.876934199152203,-30.018057288295079],[30.876986575840206,-30.018286470248604],[30.877074134618749,-30.018454582913744],[30.877284547730088,-30.018638085662253],[30.877336906724082,-30.018882542972595],[30.877213751265767,-30.019111561084177],[30.877213544250147,-30.01927959172205],[30.877300765761035,-30.0197226634244],[30.877159829734975,-30.020134971212368],[30.876738016003127,-30.020562291564424],[30.876386318633575,-30.021066054038833],[30.875964364548238,-30.021600300374903],[30.875753185828703,-30.022027815820103],[30.875612182907545,-30.022485948290782],[30.875365854540007,-30.022943980862394],[30.874592631636311,-30.023615369128862],[30.873995269291079,-30.024027237478467],[30.873643778238637,-30.024347686303145],[30.87339766910782,-30.02462240905118],[30.873204143963314,-30.024958284066937],[30.873045667993491,-30.025340019142352],[30.873049814656056,-30.025370373051402],[30.869247970789242,-30.025090059049965],[30.86857183733888,-30.025417560576926],[30.868051724078754,-30.025584826197203],[30.86772756290943,-30.024643985048119],[30.866860126005761,-30.023992161706033],[30.86589703423688,-30.023017033219823],[30.864975980743193,-30.022324909228303]]]}},
{"type":"Feature","properties":{"sde_LDR_Mi":0.0,"CAT_NAME":"Manzimtoti River","MAJ_CAT":"Manzimtoti River","Shape_STAr":693773.30376100005,"Shape_STLe":4973.49925454,"CatchNames":"KwaMakhuta 5"},"geometry":{"type":"Polygon","coordinates":[[[30.853520076799807,-30.031741582189941],[30.852907796653877,-30.032645320693632],[30.853181671773303,-30.033434750271756],[30.853008883362612,-30.035032517746874],[30.853325936096397,-30.035377919771342],[30.853557105553644,-30.035539380547931],[30.85375978458034,-30.037166876479759],[30.853787423296481,-30.037206584878348],[30.852051104018713,-30.036774709737539],[30.849067944077827,-30.035824241192863],[30.848904476016443,-30.035819870111979],[30.848894250408129,-30.035799856589087],[30.848243101801089,-30.035624711027733],[30.846049611080055,-30.034950041260046],[30.844049218354833,-30.034306114924011],[30.843466675026924,-30.034305423103785],[30.843715787490879,-30.034000603956517],[30.843980555410376,-30.03348627820878],[30.845712309709235,-30.03264819948139],[30.847097594629219,-30.032466128707604],[30.847392286102664,-30.032169221841357],[30.848444609686023,-30.032370209678174],[30.848765681899451,-30.031923900017816],[30.849090317283196,-30.031293041383119],[30.84966874375127,-30.03071049959981],[30.850948823907014,-30.030015954044913],[30.853530052997172,-30.03010532309013],[30.853991723165169,-30.030656631643453],[30.853749400744658,-30.03082496215168],[30.853520076799807,-30.031741582189941]]]}},
{"type":"Feature","properties":{"sde_LDR_Mi":0.0,"CAT_NAME":"Golokodo River","MAJ_CAT":"Isipingo River","Shape_STAr":2100477.2263099998,"Shape_STLe":7824.6444244000004,"CatchNames":"Folweni 1"},"geometry":{"type":"Polygon","coordinates":[[[30.826507183185047,-29.984231305925722],[30.826923523842641,-29.984955509461997],[30.827199884468108,-29.985077654987457],[30.827339461953191,-29.985318696072003],[30.827685979426825,-29.985380041687289],[30.828160293084157,-29.98566608320381],[30.828445663682178,-29.986333007924966],[30.828798014333561,-29.986264727145272],[30.829072421547409,-29.986597548096231],[30.829208327474664,-29.987289899528303],[30.829590838641323,-29.988078042520193],[30.830001221845439,-29.988603671197311],[30.830521527825233,-29.988986231484123],[30.831234092862804,-29.989178091449812],[30.831589893014048,-29.989560436563504],[30.832137066968009,-29.990277178161321],[30.832848764705265,-29.990994126377615],[30.833697371353338,-29.991830584140413],[30.834711024979217,-29.99235695848019],[30.835176528998932,-29.992739431447092],[30.835779293296167,-29.993026601663022],[30.83651939556302,-29.993170731172938],[30.837122322221482,-29.993362423086406],[30.837670178128061,-29.99369725288388],[30.837915717900952,-29.994461334133636],[30.838024585229359,-29.994962697872193],[30.838134034551334,-29.995106040968924],[30.838353630282143,-29.99496310225069],[30.838627950323772,-29.994891834495469],[30.83895637866933,-29.995274125944693],[30.839367455695392,-29.995417836597728],[30.839998319711977,-29.995299264330313],[30.840492308799476,-29.995037314782365],[30.840931340379942,-29.994846901237242],[30.841397828576369,-29.994632651208462],[30.841591858756228,-29.994544480522013],[30.843223526364152,-29.994403756839937],[30.843688904386543,-29.994893605938408],[30.844606000971236,-29.99584941491965],[30.844591909506335,-29.996094046142428],[30.844605229482084,-29.996344676730054],[30.844570646660717,-29.996541547582954],[30.843815719059574,-29.9965555098706],[30.839884591731156,-29.996743915508748],[30.838630062536893,-29.997578981189328],[30.836939343673638,-29.997635172752332],[30.836414381000544,-29.997721752664894],[30.836277496251096,-29.997583021076913],[30.833472965462384,-29.997024711273561],[30.832986700430208,-29.996532004152836],[30.831513278526579,-29.996362334726893],[30.831320742861713,-29.996167235795529],[30.830985494619856,-29.995915031933528],[30.830696745910238,-29.99562247389267],[30.830428260118659,-29.995420600428037],[30.826723984902131,-29.995086776779207],[30.826323259531716,-29.994891486596153],[30.825266483056339,-29.994722206927733],[30.824587017630456,-29.994391046025399],[30.822903363414294,-29.994165430785429],[30.820171499070337,-29.994073962854493],[30.819724723276575,-29.993965009854861],[30.819126744065631,-29.993288342826972],[30.820692990766744,-29.991317634359199],[30.820712103740885,-29.990446952563762],[30.816560407021019,-29.992539297189527],[30.815492630100511,-29.99290296764422],[30.813815395998283,-29.992722989016485],[30.813799016195766,-29.992096667513309],[30.813571570170744,-29.991729731995434],[30.812136577325003,-29.99125018876218],[30.811428311161276,-29.990797763392962],[30.811582300877426,-29.99003490643603],[30.81288854076433,-29.989711841068043],[30.812973822389903,-29.989604704442822],[30.81346431443545,-29.988673892408112],[30.813794362704414,-29.988125393419285],[30.814151825689049,-29.987576932240366],[30.814810840711036,-29.987052762543208],[30.815359823246247,-29.98671938004885],[30.815591020895067,-29.986292519237008],[30.816135583738379,-29.986119562165808],[30.817210227874597,-29.986197436119596],[30.817977826910013,-29.986255782783125],[30.819140903795439,-29.985951873537772],[30.819931056634069,-29.985666539077574],[30.821137920759305,-29.985400860969083],[30.822081364373645,-29.985249383071594],[30.822849264165349,-29.985135851357072],[30.823562495408762,-29.984998879609144],[30.823825880167597,-29.984733536694918],[30.824883139648975,-29.984567071396995],[30.825084340016186,-29.984176104273992],[30.825847620377157,-29.984230523780955],[30.82623010100852,-29.984108797147201],[30.826507183185047,-29.984231305925722]]]}},
{"type":"Feature","properties":{"sde_LDR_Mi":0.0,"CAT_NAME":"Golokodo River","MAJ_CAT":"Isipingo River","Shape_STAr":819487.16023599997,"Shape_STLe":5035.1047226000001,"CatchNames":"Folweni 4"},"geometry":{"type":"Polygon","coordinates":[[[30.833840911183671,-29.999816069388508],[30.834251959782588,-29.999983663969875],[30.834910082896542,-29.999984490885549],[30.835622538267948,-30.000295667179046],[30.836307811164787,-30.000463597446334],[30.836800273666032,-30.000491001199368],[30.836456539307903,-30.001129358804128],[30.836559003311592,-30.00152983356762],[30.836340278554548,-30.002373376176184],[30.837115440097939,-30.003246390164581],[30.836685716729466,-30.003761851378609],[30.835784153878286,-30.004054176798089],[30.835241829039045,-30.004776792015395],[30.835149335147744,-30.006786709870269],[30.835041376354766,-30.006699341817338],[30.834358056276642,-30.00635544856031],[30.833841003566121,-30.006014677351629],[30.833468091454076,-30.005575630858182],[30.83344710987749,-30.005002572380285],[30.833572970724269,-30.004678197563393],[30.833286697736657,-30.004148190891492],[30.832206564925063,-30.002365160623405],[30.831424310579177,-30.001951323787512],[30.831002044261123,-30.001314753615546],[30.830843568877437,-30.001216743232472],[30.830769143073084,-30.001170713859175],[30.829980216139962,-30.00068278900407],[30.82897743722922,-30.000176680731499],[30.827813689137493,-29.999996153389787],[30.826304241100022,-29.999072196087784],[30.825687824431284,-29.998701793584384],[30.824638585844671,-29.998526022839929],[30.822873846519752,-29.997341543735836],[30.822756463037933,-29.9972623628551],[30.82235299043257,-29.996400683201994],[30.821716761342842,-29.996173034783091],[30.821489000998465,-29.995226374347229],[30.820469745774751,-29.994539307889404],[30.82017149907033,-29.994073962854493],[30.822903363414294,-29.994165430785419],[30.824587017630456,-29.994391046025399],[30.825266483056353,-29.994722206927733],[30.826323259531705,-29.994891486596195],[30.826723984902138,-29.995086776779225],[30.829346112009294,-29.995323089889514],[30.829898977129858,-29.99582506794216],[30.830774818261656,-29.996780919514517],[30.830801348513511,-29.997306051179834],[30.830827514712894,-29.998045994943542],[30.831100757340348,-29.99861917936288],[30.831429330294647,-29.998906017256569],[30.831840491778244,-29.999002015320595],[30.832608054096418,-29.999146201855389],[30.833265732746479,-29.999409585123836],[30.833840911183671,-29.999816069388508]]]}},
{"type":"Feature","properties":{"sde_LDR_Mi":0.0,"CAT_NAME":"Golokodo River","MAJ_CAT":"Isipingo River","Shape_STAr":432029.80555300001,"Shape_STLe":3063.9781485600001,"CatchNames":"Folweni 6"},"geometry":{"type":"Polygon","coordinates":[[[30.840005447804621,-30.008934601446377],[30.840090963274598,-30.008663198582774],[30.84002588048245,-30.008204853219105],[30.839500352742874,-30.007574097303895],[30.838864859070085,-30.007115054570058],[30.838185152585584,-30.006865993165608],[30.837461167087167,-30.00686510120163],[30.836802810972781,-30.006978853225338],[30.835902810105274,-30.007283245235904],[30.83514804861997,-30.007589579925096],[30.835149335147744,-30.006786709870287],[30.835241829039045,-30.004776792015395],[30.835784153878283,-30.004054176798121],[30.836685716729466,-30.003761851378584],[30.837115440097939,-30.003246390164581],[30.836340278554516,-30.002373376176184],[30.836559003311585,-30.00152983356762],[30.836456539307903,-30.001129358804121],[30.837001213901985,-30.001027744032257],[30.837492717260712,-30.000967249417805],[30.837931966838404,-30.000662279694531],[30.838585655942801,-30.000545093147284],[30.839520351419505,-30.00088921447923],[30.839675389274472,-30.001987068259936],[30.839587870267874,-30.002592984775998],[30.84091761623699,-30.003298234767541],[30.840783570861408,-30.004225510478339],[30.841125821496821,-30.004733892506948],[30.841063568089631,-30.005164564490734],[30.841285875914469,-30.005625710775462],[30.84170165230567,-30.00624315232448],[30.841477666583145,-30.007027067079747],[30.840912118958027,-30.007639983295405],[30.840448813312175,-30.007961916904687],[30.84035336910183,-30.009694442001393],[30.84024343047172,-30.009608789817584],[30.840005447804621,-30.008934601446377]]]}},
{"type":"Feature","properties":{"sde_LDR_Mi":0.0,"CAT_NAME":"Mbokodweni River","MAJ_CAT":"Isipingo River","Shape_STAr":2296823.75526,"Shape_STLe":8203.474757,"CatchNames":"Folweni 5"},"geometry":{"type":"Polygon","coordinates":[[[30.836277496251085,-29.997583021076878],[30.836414381000544,-29.997721752664894],[30.836939343673638,-29.997635172752332],[30.838630062536893,-29.997578981189328],[30.839884591731156,-29.996743915508748],[30.841120582263432,-29.996684691393192],[30.840928029213117,-29.996923420335019],[30.840763122422384,-29.997161901765804],[30.84078997202667,-29.997519955379705],[30.841118113148024,-29.998093185570418],[30.841446220088915,-29.99869028293309],[30.841610180274145,-29.999048501355382],[30.841609649650103,-29.999382653695729],[30.841499470016515,-29.999692805988275],[30.841555987977856,-29.999990505036536],[30.841526312574572,-29.99998459991161],[30.838995359152992,-29.999705930764719],[30.838585655942801,-30.000545093147284],[30.837931966838404,-30.000662279694531],[30.837492717260712,-30.000967249417805],[30.837001213901985,-30.001027744032257],[30.836456539307903,-30.001129358804121],[30.836800273666029,-30.000491001199336],[30.836307811164755,-30.000463597446334],[30.835622538267948,-30.000295667179046],[30.834910082896524,-29.99998449088551],[30.834251959782563,-29.999983663969875],[30.833840911183671,-29.999816069388508],[30.833265732746479,-29.999409585123821],[30.832608054096379,-29.99914620185541],[30.831840491778237,-29.999002015320613],[30.831429330294636,-29.998906017256555],[30.831100757340348,-29.99861917936288],[30.830827514712901,-29.998045994943542],[30.830801348513511,-29.997306051179837],[30.830774818261613,-29.99678091951451],[30.829898977129833,-29.99582506794216],[30.829346112009308,-29.995323089889514],[30.830428260118659,-29.995420600428037],[30.830696745910238,-29.99562247389267],[30.830985494619856,-29.995915031933528],[30.831320742861713,-29.996167235795529],[30.831513278526579,-29.996362334726893],[30.832986700430208,-29.996532004152836],[30.833472965462384,-29.997024711273561],[30.836277496251085,-29.997583021076878]]]}},
{"type":"Feature","properties":{"sde_LDR_Mi":0.0,"CAT_NAME":"Golokodo River","MAJ_CAT":"Isipingo River","Shape_STAr":1324095.4739600001,"Shape_STLe":5091.4429207900002,"CatchNames":"Folweni 3"},"geometry":{"type":"Polygon","coordinates":[[[30.833572970724269,-30.004678197563393],[30.83344710987749,-30.005002572380285],[30.833468091454076,-30.005575630858182],[30.833841003566121,-30.006014677351629],[30.834358056276642,-30.006355448560317],[30.835041376354766,-30.006699341817338],[30.835149335147744,-30.006786709870269],[30.835148160669579,-30.007519655603286],[30.835025121988622,-30.007358525885152],[30.834805573219356,-30.007453722688989],[30.834366791613537,-30.007453171305261],[30.833818696503172,-30.007223347356899],[30.833577877093802,-30.006917532245211],[30.833249590965792,-30.006439756035782],[30.832855683760794,-30.005847329082012],[30.83252772527824,-30.005178607088308],[30.832089853970778,-30.004643405122234],[30.831717770158008,-30.004127380219785],[30.831476577431719,-30.004050693927084],[30.831082269700904,-30.003706488686948],[30.830731841043761,-30.003362338681793],[30.83049133248657,-30.002884668234859],[30.83042597281344,-30.002617261896365],[30.830009248237332,-30.002559441130323],[30.829614070669685,-30.002730780218698],[30.829284509853039,-30.003016769854511],[30.829020336048231,-30.003551071278178],[30.828690541208388,-30.00397072012861],[30.828251413331074,-30.004180186738317],[30.827593427811635,-30.004083854469741],[30.82711055281144,-30.004216882224391],[30.826254557593288,-30.004444888439689],[30.825442368556001,-30.004711136029862],[30.825090951201407,-30.004939802754667],[30.824783744874217,-30.004977583075735],[30.824147325648038,-30.005091301029299],[30.823576990957321,-30.005052349043872],[30.822897337100422,-30.004803208827937],[30.822437376928111,-30.004382511736253],[30.822065207895712,-30.003942837280828],[30.821385599603765,-30.003674594877243],[30.820749905651173,-30.003387314333011],[30.820441854050774,-30.00307992142184],[30.820473639267792,-30.003055279257197],[30.822150709426506,-30.001426761607974],[30.821618019279398,-30.000603784203303],[30.822095413346176,-29.999952943218808],[30.822339476248615,-29.998509389131907],[30.822780691743517,-29.997623411593757],[30.822873846519752,-29.997341543735836],[30.824638585844671,-29.998526022839929],[30.825687824431284,-29.998701793584384],[30.826304241100022,-29.999072196087791],[30.827813689137493,-29.999996153389787],[30.82897743722922,-30.000176680731499],[30.829980216139962,-30.00068278900407],[30.830769143073084,-30.001170713859175],[30.830843568877437,-30.001216743232472],[30.831002044261123,-30.001314753615546],[30.831424310579184,-30.001951323787523],[30.832206564925063,-30.002365160623405],[30.833286697736657,-30.004148190891492],[30.833572970724269,-30.004678197563393]]]}},
{"type":"Feature","properties":{"sde_LDR_Mi":0.0,"CAT_NAME":"Golokodo River","MAJ_CAT":"Isipingo River","Shape_STAr":95868.586715700003,"Shape_STLe":1449.6484216900001,"CatchNames":"Folweni 2"},"geometry":{"type":"Polygon","coordinates":[[[30.813815395998276,-29.992722989016503],[30.815492630100511,-29.99290296764422],[30.816560407021019,-29.992539297189527],[30.820712103740885,-29.990446952563762],[30.820692990766744,-29.991317634359199],[30.819126744065631,-29.993288342826972],[30.819724723276575,-29.993965009854861],[30.820171499070337,-29.994073962854493],[30.820469745774751,-29.994539307889443],[30.821489000998465,-29.995226374347247],[30.821716761342831,-29.99617303478308],[30.822352990432563,-29.996400683201987],[30.822756463037933,-29.9972623628551],[30.822873846519744,-29.997341543735836],[30.82278069174351,-29.99762341159375],[30.822339476248608,-29.998509389131954],[30.822095413346176,-29.999952943218808],[30.821618019279398,-30.000603784203303],[30.822150709426506,-30.00142676160803],[30.820473639267792,-30.003055279257197],[30.820440348346366,-30.003081088750694],[30.81932703796739,-30.001666870056123],[30.818796904050579,-30.001108656006529],[30.818859217952625,-30.001085977556567],[30.818977350306959,-30.000940801017297],[30.819153336059813,-30.000673720722169],[30.819373161312434,-30.000425794775005],[30.819592985470809,-30.000177868446897],[30.819659453825317,-29.99981516510088],[30.819572222407263,-29.999528628926388],[30.819419490841064,-29.999070152852397],[30.819266345492686,-29.998840809360079],[30.818937703909469,-29.998611224447444],[30.818564911853443,-29.99853433344807],[30.818104372048737,-29.998457320191978],[30.817709679053372,-29.998361302066328],[30.817381007690205,-29.99815080767118],[30.817118358666139,-29.997825837493032],[30.816723984880426,-29.997557966823912],[30.816307676392121,-29.997290064367061],[30.81589140538496,-29.997003066192214],[30.815540840938851,-29.996773442117334],[30.815146298642613,-29.996601038718776],[30.814642039076144,-29.996447574170489],[30.814357253690499,-29.996237133978006],[30.814182152221051,-29.99602684800972],[30.81418293469601,-29.995606771171182],[30.814183432626006,-29.995339449532644],[30.813986076310314,-29.995300981953193],[30.813700938993197,-29.995281484355722],[30.813459817356581,-29.995185670695442],[30.813174644719187,-29.995185266362256],[30.812845778485318,-29.995089327045129],[30.812473219726094,-29.994897852417068],[30.8121666509068,-29.994610998618722],[30.811750078747782,-29.994495836962098],[30.811355190991087,-29.994514366238587],[30.810916177340804,-29.994666492145459],[30.810674733760216,-29.994742523005968],[30.8103021804944,-29.994551042248329],[30.810061500163755,-29.994226089556751],[30.810150116801914,-29.993767950441036],[30.810304249989503,-29.993462661291254],[30.810172961124209,-29.993290621968171],[30.80988786672841,-29.993252021730644],[30.80953725641988,-29.993060570466138],[30.809274573339607,-29.992773773367908],[30.808968312732844,-29.992334156850699],[30.80892774396705,-29.991790802319404],[30.80923362815486,-29.991605481617682],[30.810495559318436,-29.991436182890745],[30.811428311161276,-29.990797763392962],[30.812136577325003,-29.99125018876218],[30.813571570170744,-29.991729731995434],[30.813799016195766,-29.992096667513309],[30.813815395998276,-29.992722989016503]]]}},
{"type":"Feature","properties":{"sde_LDR_Mi":0.0,"CAT_NAME":"Mlazi Upper River","MAJ_CAT":"Umlaas River","Shape_STAr":1421765.02428,"Shape_STLe":5696.4439921399999,"CatchNames":"Catoridge 8"},"geometry":{"type":"Polygon","coordinates":[[[30.574148481659538,-29.73331924448069],[30.575990780263297,-29.73356479360141],[30.576386309965955,-29.733764169151758],[30.576907150308347,-29.733963313549861],[30.578235741407372,-29.733922000509736],[30.580019906818872,-29.734202641554909],[30.582068529442093,-29.734025813895776],[30.583224868920663,-29.73375449191942],[30.583959428764839,-29.73389428682572],[30.584641292658873,-29.73407974032305],[30.585429986684851,-29.734781821313153],[30.585429238992749,-29.734963144147848],[30.585637000328155,-29.734963796526436],[30.585764553787556,-29.735214624575885],[30.585955096805279,-29.73593231479672],[30.586591872785029,-29.736123937163676],[30.586668477994863,-29.736780366176056],[30.587158869160085,-29.737078156968547],[30.587496563352882,-29.737508259183141],[30.587295432944778,-29.738056026131215],[30.586144389130002,-29.738867569347359],[30.582546383228269,-29.7390444930965],[30.582184086299208,-29.739936168814182],[30.58197745538288,-29.741574475860276],[30.581560400993574,-29.741909190620348],[30.581749642178355,-29.744475133277707],[30.582148045220702,-29.744799624243981],[30.582572406653277,-29.745868349673604],[30.582598793827511,-29.746509023837596],[30.581530559873435,-29.747187545427437],[30.581329948207291,-29.747375180191483],[30.580305065402104,-29.747542567200799],[30.578328760775687,-29.747201421684686],[30.577710935415855,-29.747354809485334],[30.57772949263676,-29.747325268675418],[30.572993902283049,-29.746986427750009],[30.572610392137321,-29.745888124553726],[30.571920174804852,-29.745104925596625],[30.57068344744695,-29.744412863438942],[30.570430004450042,-29.744163415225159],[30.570132106812931,-29.744060145438748],[30.568651443230838,-29.743897260366381],[30.568472094490705,-29.743510748736011],[30.56699691616155,-29.742078498788153],[30.566612046565986,-29.741147244766143],[30.56637896356898,-29.740807193976178],[30.566203547050538,-29.739513886709673],[30.566088915529512,-29.73889050961548],[30.566227541047223,-29.738170987167731],[30.566130739538902,-29.737584204399983],[30.566425206734991,-29.736273858002154],[30.5666109954315,-29.73516315373001],[30.567054074350896,-29.735006648325825],[30.567239574295641,-29.733960533080296],[30.566736483556802,-29.733271205863701],[30.56798303184636,-29.733275296505454],[30.568136029608848,-29.733437177544882],[30.570256157067014,-29.732656376017299],[30.572669467821573,-29.732828762677013],[30.574148481659538,-29.73331924448069]]]}},
{"type":"Feature","properties":{"sde_LDR_Mi":0.0,"CAT_NAME":"Mnambiti Stream","MAJ_CAT":"Umgeni River","Shape_STAr":810749.57962800004,"Shape_STLe":3970.1656004800002,"CatchNames":"Catoridge 6"},"geometry":{"type":"Polygon","coordinates":[[[30.585896154494755,-29.717273363260873],[30.586454026184576,-29.718174383144021],[30.586534329430915,-29.718827587729798],[30.586006910076069,-29.718909832027649],[30.58571138403418,-29.721352406055036],[30.586423686780559,-29.722356531577596],[30.586612742103348,-29.723152794438928],[30.584582007155841,-29.724166259605134],[30.58391943320953,-29.725082256763962],[30.583391979084244,-29.725164490229943],[30.581878720307778,-29.725072108697777],[30.581227364287283,-29.724330036422643],[30.578915996120372,-29.724164648063084],[30.578184483809853,-29.723910981832148],[30.577546020151534,-29.723183638165516],[30.57622128817772,-29.722705417824752],[30.575097350992536,-29.721867706703151],[30.57474021794517,-29.721097953672579],[30.574151394477884,-29.720885411157923],[30.573855970335398,-29.720238091279708],[30.574579385211674,-29.719880662612756],[30.575416640927667,-29.71821246336393],[30.575646334475493,-29.717538421191524],[30.576534370471293,-29.71705280311669],[30.577279565446783,-29.716711473493202],[30.578781634388278,-29.716371594766365],[30.581511635063411,-29.716380251169486],[30.583611447257312,-29.716432699174273],[30.585285689241918,-29.716774981252975],[30.585896154494755,-29.717273363260873]]]}},
{"type":"Feature","properties":{"sde_LDR_Mi":0.0,"CAT_NAME":"Mnambiti Stream","MAJ_CAT":"Umgeni River","Shape_STAr":1646164.9502399999,"Shape_STLe":6068.9538929099999,"CatchNames":"Catoridge 7"},"geometry":{"type":"Polygon","coordinates":[[[30.573855970335398,-29.720238091279708],[30.574151394477884,-29.720885411157923],[30.57474021794517,-29.721097953672579],[30.575097350992536,-29.721867706703151],[30.57622128817772,-29.722705417824752],[30.577546020151534,-29.723183638165516],[30.578184483809853,-29.723910981832148],[30.578915996120372,-29.724164648063084],[30.581227364287283,-29.724330036422643],[30.581878720307778,-29.725072108697777],[30.583391979084244,-29.725164490229943],[30.583583472141818,-29.725359990595628],[30.585723419927174,-29.726445839604374],[30.586210066379405,-29.727464592797666],[30.586177460413321,-29.727802694044918],[30.586324676453906,-29.729476671250605],[30.58586398311623,-29.730559478531287],[30.585660712165158,-29.732672588347988],[30.586002945454471,-29.734354124068684],[30.585429986684851,-29.734781821313153],[30.584641292658873,-29.73407974032305],[30.583224868920663,-29.73375449191942],[30.582068529442093,-29.734025813895776],[30.580019906818872,-29.734202641554909],[30.578235741407372,-29.733922000509722],[30.576907150308347,-29.733963313549861],[30.576386309965955,-29.733764169151758],[30.575990780263297,-29.73356479360141],[30.574148481659538,-29.73331924448069],[30.572669467821573,-29.732828762677013],[30.570256157067014,-29.732656376017299],[30.568136029608848,-29.733437177544882],[30.56798303184636,-29.733275296505454],[30.568075871072338,-29.733174924309878],[30.568307371995441,-29.733014383451227],[30.568702362415937,-29.732451583122728],[30.569764885347684,-29.732293756549979],[30.570723621240855,-29.731629585430852],[30.571296503939607,-29.730455270882189],[30.571644742508703,-29.729942467157887],[30.571831987459007,-29.729379074825154],[30.572216961926962,-29.728514474091234],[30.572692120578782,-29.727951199451322],[30.572881527806956,-29.726843744647645],[30.573353199808388,-29.726149289032872],[30.57306085802615,-29.724043888584113],[30.572686801162256,-29.723780433128592],[30.572411408868184,-29.723477963565959],[30.572183213316546,-29.722771408197474],[30.572279146064218,-29.721867529794217],[30.572851290187824,-29.720459649038574],[30.573855970335398,-29.720238091279708]]]}},
{"type":"Feature","properties":{"sde_LDR_Mi":0.0,"CAT_NAME":"Mshwati Stream","MAJ_CAT":"Umgeni River","Shape_STAr":1430616.45233,"Shape_STLe":6639.8324109499999,"CatchNames":"Catoridge 5"},"geometry":{"type":"Polygon","coordinates":[[[30.593795057560076,-29.721388786688085],[30.593902271958271,-29.722018706103626],[30.594093181914499,-29.723298882122155],[30.59472456250251,-29.724197257523784],[30.594917658184961,-29.724933437709957],[30.595765482146493,-29.725108320857977],[30.597208181605552,-29.726562167025207],[30.597848345085502,-29.727447565306168],[30.598437237149849,-29.728026805611496],[30.59990255211433,-29.728202407310214],[30.600280133057307,-29.728927050297543],[30.602318242324628,-29.729039297771354],[30.602982910057865,-29.728394480178132],[30.60436317858392,-29.728311571811464],[30.602897515782484,-29.729733418464374],[30.602169026350264,-29.730022607857382],[30.602070662489304,-29.730118116166864],[30.599053775431859,-29.730196218484572],[30.598477868262901,-29.730734925503242],[30.594064411400701,-29.730906353420579],[30.59365608054582,-29.731093314592567],[30.592796743688712,-29.731269192714944],[30.59240724627147,-29.731633527847617],[30.590944291003972,-29.731803467056771],[30.589703575285064,-29.732678274182433],[30.588138332192699,-29.732934106439767],[30.587412621571261,-29.733612754695095],[30.585637000328138,-29.734963796526426],[30.585429238992749,-29.734963144147848],[30.585429986684851,-29.734781821313153],[30.586002945454471,-29.734354124068684],[30.585660712165144,-29.732672588348002],[30.585863983116216,-29.730559478531287],[30.586324676453891,-29.729476671250605],[30.586177460413321,-29.727802694044918],[30.586210066379387,-29.727464592797677],[30.585723419927174,-29.726445839604374],[30.583583472141818,-29.725359990595628],[30.583391979084229,-29.72516449022995],[30.583919433209523,-29.725082256763969],[30.584582007155827,-29.724166259605134],[30.586612742103341,-29.723152794438967],[30.586423686780552,-29.722356531577603],[30.58571138403418,-29.72135240605504],[30.586006910076055,-29.718909832027656],[30.586534329430908,-29.718827587729798],[30.586864633994981,-29.718902685171628],[30.587448269985117,-29.719300359012994],[30.588108885149893,-29.719450549453764],[30.589107249864757,-29.720030925893717],[30.589975604409535,-29.720181752490031],[30.59062929921016,-29.720556119886862],[30.591635433321908,-29.720730909773458],[30.59221972966855,-29.720947211099023],[30.593295933309218,-29.721098659589281],[30.593795057560076,-29.721388786688085]]]}},
{"type":"Feature","properties":{"sde_LDR_Mi":0.0,"CAT_NAME":"Mshwati Stream","MAJ_CAT":"Umgeni River","Shape_STAr":891465.66895299999,"Shape_STLe":5200.3967497900003,"CatchNames":"Catoridge 2"},"geometry":{"type":"Polygon","coordinates":[[[30.601480288163316,-29.721774763298132],[30.602359109905507,-29.721508852383806],[30.603726622999002,-29.721780534238412],[30.60511624028852,-29.721677161843083],[30.606639719139377,-29.721452556190243],[30.607851203750702,-29.720447930396098],[30.608798733533511,-29.719809139009605],[30.614054544633518,-29.718358061534278],[30.61353676031095,-29.719997248010426],[30.613390997383284,-29.720571382273299],[30.613110122721562,-29.722897311348905],[30.611655859261873,-29.722893041873704],[30.610753179583117,-29.722998005770613],[30.608541245203686,-29.724661019952833],[30.607658990447455,-29.725021331226593],[30.605916203763947,-29.728216263029598],[30.60436317858392,-29.728311571811464],[30.602982910057875,-29.728394480178132],[30.602318242324646,-29.729039297771354],[30.600280133057289,-29.728927050297543],[30.599902552114344,-29.728202407310189],[30.598437237149856,-29.728026805611496],[30.597848345085502,-29.727447565306157],[30.59720818160557,-29.726562167025207],[30.595765482146508,-29.725108320857967],[30.594917658184972,-29.72493343770995],[30.59472456250251,-29.724197257523784],[30.594093181914499,-29.723298882122155],[30.593902271958271,-29.722018706103626],[30.593795057560079,-29.721388786688092],[30.594245777448453,-29.721541639431162],[30.595147134252002,-29.720971109854304],[30.596052943961752,-29.721552866029487],[30.597149919437506,-29.722120223435947],[30.598467081929865,-29.721981341375827],[30.599560373135755,-29.722103382438441],[30.601364651204452,-29.721855077954782],[30.601480288163316,-29.721774763298132]]]}},
{"type":"Feature","properties":{"sde_LDR_Mi":0.0,"CAT_NAME":"Sterkspruit","MAJ_CAT":"Umlaas River","Shape_STAr":1346725.44279,"Shape_STLe":7433.0127020899999,"CatchNames":"Catoridge 1"},"geometry":{"type":"Polygon","coordinates":[[[30.616600117081987,-29.716453550989684],[30.617725628282404,-29.716201172691665],[30.617809379250545,-29.717355823444031],[30.619336525141936,-29.71760353395635],[30.619887255381876,-29.718286219538008],[30.620225975420865,-29.718954670922116],[30.622096821591569,-29.720421912973013],[30.624656466788089,-29.720657145710877],[30.625136355621496,-29.721146555846932],[30.625790286053228,-29.720939109233239],[30.625704381178537,-29.721227463591958],[30.625112052067877,-29.722358513501039],[30.624866727843045,-29.723299465348756],[30.62528035036031,-29.723550441370374],[30.625446577137161,-29.724490754993692],[30.625567845823728,-29.724927911060583],[30.625657230297826,-29.725211793732939],[30.625983808952537,-29.7259438056508],[30.625649913120164,-29.727183103377786],[30.625464802632941,-29.728293997230359],[30.625135912386355,-29.728766498224587],[30.624926396592159,-29.72982211081046],[30.624679951396867,-29.729969538866889],[30.624194878510139,-29.730578534606298],[30.624005957877589,-29.73101480530449],[30.623115471643334,-29.731903922472171],[30.621470788229615,-29.73206240614196],[30.62096922349081,-29.732349555781763],[30.620877749104409,-29.730621546132468],[30.619482449739944,-29.729180445448304],[30.619223749731045,-29.728440770238365],[30.618384475068641,-29.727541815082358],[30.618191886994961,-29.726624429722406],[30.617766026524663,-29.726088599296947],[30.61401462144994,-29.725896537830685],[30.614221379951051,-29.723030378355602],[30.613110122721562,-29.722897311348905],[30.613390997383284,-29.720571382273299],[30.61353676031095,-29.719997248010426],[30.61362828270385,-29.71971379860048],[30.614054544633518,-29.718358061534254],[30.614260532621536,-29.717358315463947],[30.616573090921118,-29.717207089504633],[30.616600117081987,-29.716453550989684]]]}},
{"type":"Feature","properties":{"sde_LDR_Mi":0.0,"CAT_NAME":"Sterkspruit","MAJ_CAT":"Umlaas River","Shape_STAr":1142843.0695400001,"Shape_STLe":5302.0605519500004,"CatchNames":"Catoridge 3"},"geometry":{"type":"Polygon","coordinates":[[[30.611934323655483,-29.728853999835554],[30.610915057644537,-29.72916097650225],[30.610080007180709,-29.730113271796288],[30.607536800937034,-29.731480599008858],[30.606177210586132,-29.732278552483226],[30.603896143063242,-29.733722968426896],[30.602623708856544,-29.734597525652752],[30.601394407052805,-29.735624960451371],[30.600953043107236,-29.736578381395038],[30.600905050857108,-29.737647557502868],[30.600947509884151,-29.737791636840186],[30.600462600050996,-29.738587065335011],[30.600166259139847,-29.738816477414552],[30.599852467156875,-29.738365640428444],[30.599577665512619,-29.737599000191302],[30.598820033885772,-29.736730486606842],[30.598621599822128,-29.736360375568239],[30.597210716022801,-29.734930542751808],[30.596969325048253,-29.733858147486831],[30.598218990447254,-29.733602330380862],[30.601551025127005,-29.730937385593361],[30.602070662489307,-29.730118116166864],[30.602169026350264,-29.730022607857382],[30.602897515782491,-29.729733418464367],[30.60436317858392,-29.728311571811464],[30.605916203763947,-29.728216263029598],[30.607658990447455,-29.725021331226593],[30.608541245203686,-29.724661019952833],[30.610753179583117,-29.722998005770613],[30.611655859261873,-29.722893041873704],[30.613110122721562,-29.722897311348905],[30.614221379951051,-29.723030378355602],[30.61401462144994,-29.725896537830685],[30.612160909121449,-29.728613371718616],[30.611937111550436,-29.728780598906717],[30.611934323655483,-29.728853999835554]]]}},
{"type":"Feature","properties":{"sde_LDR_Mi":0.0,"CAT_NAME":"Sterkspruit","MAJ_CAT":"Umlaas River","Shape_STAr":924139.16203300003,"Shape_STLe":4748.4592876300003,"CatchNames":"Catoridge 4"},"geometry":{"type":"Polygon","coordinates":[[[30.602070662489304,-29.730118116166864],[30.601551025127005,-29.730937385593361],[30.598218990447254,-29.73360233038089],[30.596969325048253,-29.733858147486853],[30.597210716022815,-29.734930542751808],[30.598621599822128,-29.736360375568239],[30.598820033885765,-29.736730486606842],[30.599577665512619,-29.73759900019131],[30.599852467156861,-29.738365640428423],[30.600166259139847,-29.738816477414552],[30.596846067631272,-29.738685480091274],[30.596120326746131,-29.738347401084763],[30.595364583816963,-29.738170704858],[30.594308611398731,-29.738800113078117],[30.590723380117645,-29.738664992079162],[30.589263397234873,-29.73832630984856],[30.588324763665767,-29.738236238478841],[30.588049272254732,-29.73811350252927],[30.587772052427908,-29.737630997174215],[30.587496563352882,-29.737508259183162],[30.587158869160078,-29.737078156968547],[30.586668477994849,-29.736780366176056],[30.586591872785029,-29.736123937163669],[30.585955096805268,-29.735932314796706],[30.585764553787552,-29.735214624575917],[30.585637000328138,-29.734963796526426],[30.587412621571261,-29.733612754695095],[30.588138332192699,-29.732934106439767],[30.589703575285064,-29.732678274182433],[30.590944291003972,-29.731803467056771],[30.59240724627147,-29.731633527847617],[30.592796743688712,-29.731269192714944],[30.59365608054582,-29.731093314592567],[30.594064411400701,-29.730906353420579],[30.598477868262901,-29.730734925503242],[30.599053775431859,-29.730196218484572],[30.602070662489304,-29.730118116166864]]]}},
{"type":"Feature","properties":{"sde_LDR_Mi":0.0,"CAT_NAME":"Sterkspruit","MAJ_CAT":"Umlaas River","Shape_STAr":1546962.20248,"Shape_STLe":6781.1925462600002,"CatchNames":"Catoridge 9"},"geometry":{"type":"Polygon","coordinates":[[[30.588324763665767,-29.738236238478841],[30.589263397234873,-29.73832630984856],[30.590723380117666,-29.738664992079162],[30.591047204975666,-29.739547491775358],[30.591508577280084,-29.740432060118778],[30.592107289980309,-29.741173837713685],[30.592460240979911,-29.741819381036112],[30.592784302555742,-29.74284673426877],[30.592888982030143,-29.744016624268671],[30.592911994598776,-29.745090787883736],[30.592459665349057,-29.746290469859431],[30.591979972962662,-29.748030453374309],[30.591187947903961,-29.749082051157629],[30.59013630068582,-29.749399593330711],[30.588299507002002,-29.749073095727926],[30.586201270186859,-29.748470787887062],[30.582598793827511,-29.746509023837596],[30.582572406653277,-29.745868349673604],[30.582148045220702,-29.744799624243981],[30.581749642178355,-29.744475133277707],[30.581560400993574,-29.741909190620348],[30.58197745538288,-29.741574475860276],[30.582184086299208,-29.739936168814182],[30.582546383228269,-29.7390444930965],[30.586144389130002,-29.738867569347359],[30.587295432944778,-29.738056026131215],[30.587496563352882,-29.737508259183141],[30.587772052427919,-29.737630997174232],[30.58804927225475,-29.738113502529256],[30.588324763665767,-29.738236238478841]]]}}
]
}
