{
"type": "FeatureCollection",
"name": "Asset_Management_Phases_merged",
"crs": { "type": "name", "properties": { "name": "urn:ogc:def:crs:OGC::CRS84" } },
"features": [
{"type":"Feature","properties":{"sde_LDR_Mi":0.0,"CAT_NAME":"Mlazi Upper River","MAJ_CAT":"Umlaas River","Id":0,"Phase":"Phase7","OBJECTID":0,"Shape_Area":11393810.9169,"BlockName":"Catoridge"},"geometry":{"type":"Polygon","coordinates":[[[30.614054544633518,-29.718358061534254],[30.61353676031095,-29.719997248010426],[30.61362828270385,-29.71971379860048],[30.614054544633518,-29.718358061534254],[30.614260532621536,-29.717358315463947],[30.616573090921118,-29.717207089504633],[30.616600117081987,-29.716453550989705],[30.617725628282404,-29.716201172691676],[30.617809379250545,-29.717355823444031],[30.619336525141936,-29.71760353395635],[30.619887255381876,-29.718286219538008],[30.620225975420865,-29.718954670922116],[30.622096821591569,-29.720421912973013],[30.624656466788089,-29.720657145710877],[30.625136355621496,-29.721146555846932],[30.625790286053228,-29.720939109233239],[30.625704381178537,-29.721227463591958],[30.62511205206788,-29.722358513501039],[30.624866727843045,-29.723299465348731],[30.62528035036031,-29.723550441370374],[30.625446577137161,-29.724490754993692],[30.625567845823728,-29.724927911060583],[30.625657230297826,-29.725211793732914],[30.625983808952537,-29.7259438056508],[30.625649913120164,-29.727183103377786],[30.625464802632941,-29.728293997230359],[30.625135912386348,-29.728766498224548],[30.624926396592159,-29.72982211081046],[30.624679951396867,-29.729969538866889],[30.624194878510139,-29.730578534606298],[30.624005957877589,-29.73101480530449],[30.623115471643334,-29.731903922472171],[30.621470788229615,-29.732062406141981],[30.62096922349081,-29.732349555781756],[30.620877749104409,-29.730621546132468],[30.619482449739959,-29.729180445448289],[30.619223749731045,-29.72844077023834],[30.618384475068641,-29.727541815082358],[30.618191886994961,-29.726624429722396],[30.617766026524663,-29.726088599296947],[30.61401462144994,-29.725896537830685],[30.612160909121449,-29.728613371718616],[30.611937111550436,-29.728780598906717],[30.611934323655483,-29.728853999835554],[30.610915057644537,-29.72916097650225],[30.610080007180709,-29.730113271796288],[30.607536800937034,-29.731480599008858],[30.606177210586132,-29.732278552483226],[30.60389614306326,-29.733722968426896],[30.602623708856544,-29.734597525652731],[30.601394407052805,-29.735624960451371],[30.600953043107236,-29.736578381395038],[30.600905050857122,-29.737647557502868],[30.600947509884151,-29.737791636840186],[30.600462600050996,-29.738587065335011],[30.600166259139858,-29.738816477414542],[30.596846067631272,-29.738685480091274],[30.596120326746142,-29.738347401084763],[30.595364583816956,-29.738170704857982],[30.594308611398716,-29.738800113078117],[30.590723380117666,-29.738664992079162],[30.591047204975666,-29.739547491775358],[30.591508577280084,-29.740432060118778],[30.592107289980309,-29.741173837713685],[30.592460240979911,-29.741819381036112],[30.592784302555742,-29.74284673426877],[30.592888982030143,-29.744016624268671],[30.592911994598776,-29.745090787883729],[30.592459665349057,-29.746290469859431],[30.591979972962662,-29.748030453374309],[30.591187947903961,-29.749082051157629],[30.59013630068582,-29.749399593330711],[30.588299507002002,-29.749073095727926],[30.586201270186859,-29.748470787887062],[30.582598793827511,-29.746509023837596],[30.581530559873435,-29.747187545427437],[30.581329948207291,-29.747375180191458],[30.580305065402104,-29.747542567200799],[30.578328760775687,-29.747201421684686],[30.577710935415855,-29.747354809485334],[30.57772949263676,-29.747325268675418],[30.572993902283049,-29.746986427750009],[30.572610392137321,-29.745888124553726],[30.571920174804852,-29.745104925596625],[30.57068344744695,-29.744412863438942],[30.570430004450039,-29.744163415225128],[30.570132106812945,-29.744060145438748],[30.568651443230838,-29.74389726036636],[30.568472094490705,-29.743510748736011],[30.56699691616155,-29.742078498788153],[30.566612046566011,-29.74114724476615],[30.56637896356898,-29.740807193976163],[30.566203547050538,-29.739513886709673],[30.566088915529512,-29.73889050961548],[30.566227541047223,-29.738170987167731],[30.566130739538902,-29.737584204399965],[30.566425206734998,-29.736273858002154],[30.5666109954315,-29.735163153729996],[30.567054074350896,-29.735006648325818],[30.567239574295641,-29.733960533080296],[30.566736483556802,-29.733271205863701],[30.56798303184636,-29.733275296505436],[30.568075871072338,-29.733174924309878],[30.568307371995441,-29.733014383451227],[30.568702362415937,-29.732451583122728],[30.569764885347684,-29.732293756549996],[30.570723621240855,-29.731629585430852],[30.571296503939607,-29.730455270882189],[30.571644742508703,-29.729942467157887],[30.571831987459014,-29.729379074825122],[30.572216961926973,-29.728514474091234],[30.572692120578782,-29.727951199451322],[30.572881527806956,-29.726843744647645],[30.573353199808388,-29.726149289032872],[30.57306085802615,-29.724043888584113],[30.572686801162256,-29.723780433128592],[30.572411408868184,-29.723477963565959],[30.572183213316563,-29.722771408197474],[30.572279146064218,-29.721867529794217],[30.572851290187824,-29.720459649038574],[30.573855970335398,-29.72023809127969],[30.574579385211674,-29.719880662612756],[30.575416640927667,-29.71821246336393],[30.575646334475493,-29.717538421191524],[30.576534370471293,-29.71705280311669],[30.577279565446783,-29.716711473493202],[30.578781634388278,-29.716371594766365],[30.581511635063411,-29.716380251169486],[30.583611447257312,-29.716432699174273],[30.585285689241918,-29.716774981252975],[30.585896154494755,-29.717273363260858],[30.586454026184576,-29.718174383144021],[30.586534329430922,-29.718827587729798],[30.586864633994974,-29.71890268517167],[30.587448269985128,-29.71930035901298],[30.5881088851499,-29.719450549453764],[30.589107249864767,-29.720030925893692],[30.589975604409542,-29.720181752490031],[30.59062929921016,-29.720556119886862],[30.591635433321908,-29.720730909773458],[30.592219729668564,-29.720947211099023],[30.593295933309218,-29.721098659589281],[30.593795057560079,-29.721388786688092],[30.594245777448453,-29.721541639431127],[30.595147134252002,-29.720971109854304],[30.596052943961752,-29.721552866029487],[30.597149919437506,-29.722120223435933],[30.598467081929865,-29.721981341375827],[30.599560373135755,-29.722103382438441],[30.601364651204452,-29.721855077954782],[30.601480288163316,-29.721774763298132],[30.602359109905507,-29.721508852383817],[30.603726622999002,-29.721780534238405],[30.60511624028852,-29.721677161843083],[30.606639719139377,-29.721452556190243],[30.607851203750702,-29.720447930396098],[30.608798733533519,-29.719809139009605],[30.614054544633518,-29.718358061534254]]]}},
{"type":"Feature","properties":{"sde_LDR_Mi":0.0,"CAT_NAME":"Lovu River","MAJ_CAT":"Lovu River","Id":0,"Phase":"Phase7","OBJECTID":0,"Shape_Area":30854297.464899998,"BlockName":"Lovu"},"geometry":{"type":"Polygon","coordinates":[[[30.835319247553098,-30.059704508724664],[30.836279232566053,-30.059920518092984],[30.836882444807895,-30.060183814060387],[30.837265762288428,-30.060685513752485],[30.837731204953279,-30.061306652884252],[30.838142163994721,-30.061689044860923],[30.838471042003189,-30.061928127689953],[30.839046756082581,-30.062239115589122],[30.83962235834284,-30.062621704341868],[30.840335122519818,-30.063028325028093],[30.840828416500749,-30.063410808504891],[30.841299096141302,-30.063807206944773],[30.841308702907376,-30.063913447839397],[30.84140096604704,-30.064195550559361],[30.841581222801935,-30.064392181754368],[30.84225123140234,-30.063722831719556],[30.843364991264956,-30.063530457835302],[30.844239601880282,-30.063923412243437],[30.845186430497041,-30.064505645713187],[30.84645226379283,-30.065375872485379],[30.846517934306895,-30.065711709186242],[30.847628933607478,-30.066306873104651],[30.848204264709416,-30.06690423432698],[30.848862576723697,-30.067072067523679],[30.849064060141355,-30.067118434006925],[30.849323950845761,-30.066694027198864],[30.849530686955337,-30.065096458467924],[30.849544159427612,-30.064557750458306],[30.849539892125911,-30.064362805795739],[30.850380986412059,-30.062565916753403],[30.850587483442411,-30.061111904774378],[30.850861959637573,-30.060649810338322],[30.850733069762768,-30.060251317216515],[30.850618924934277,-30.059520831236366],[30.849912142372819,-30.058775349283479],[30.848672641152973,-30.058220246608649],[30.847987241602262,-30.057956857403795],[30.847594506401002,-30.056409765299062],[30.846943909081208,-30.055783884302958],[30.847546676823828,-30.055392938698159],[30.848304031005334,-30.055157688423527],[30.848912429238201,-30.054748574286897],[30.849784646520568,-30.05460145372265],[30.850287081239429,-30.054313451334107],[30.85436308925188,-30.054398685224108],[30.855971856941384,-30.054821261122029],[30.857073587194112,-30.055681706623144],[30.857763775532742,-30.05654169833976],[30.85853586116216,-30.057702509605051],[30.859434539942797,-30.058270841275647],[30.858999912100749,-30.058744442518424],[30.860095788010565,-30.05991513824274],[30.860368865016493,-30.060846274968068],[30.860284672320095,-30.06218278536381],[30.859853082210282,-30.062813146098616],[30.858585934551055,-30.063440446942213],[30.857853042764262,-30.064361432020231],[30.857235963173103,-30.064731066818002],[30.857065102626358,-30.065126714576209],[30.856440910314152,-30.065363013129314],[30.855740502434418,-30.06583960325321],[30.855423607353927,-30.066758166789292],[30.855141606563095,-30.067265047808259],[30.854818494407397,-30.06773608104324],[30.854507465824891,-30.0679108713028],[30.854406249603521,-30.068171213028453],[30.85415189032949,-30.068534915452346],[30.853719278066183,-30.068820848721778],[30.853306522556174,-30.069293184939831],[30.852764818989755,-30.070273324280549],[30.852893736568799,-30.070342568610474],[30.853052293724062,-30.070567095453519],[30.854484369170738,-30.070720963675281],[30.854992289352943,-30.071267829033197],[30.854767840011814,-30.071838330169083],[30.854350139519251,-30.072354400468953],[30.85465478075497,-30.073105208649228],[30.854675770539615,-30.07310603856585],[30.854560944323421,-30.073379598849705],[30.854559827290455,-30.074143367424554],[30.855272457355312,-30.074740849031155],[30.856479303587538,-30.075171792630677],[30.857274589004408,-30.075554543337979],[30.857712988215152,-30.076032374611714],[30.857712407595695,-30.076438126570547],[30.857601884063367,-30.076963098435431],[30.857902768223781,-30.077655590101109],[30.857929597571037,-30.078085239382702],[30.85770909442294,-30.078753299032346],[30.857296413811401,-30.079468885314114],[30.857158509363558,-30.07994609125172],[30.856906259191099,-30.080617048446452],[30.856598841535913,-30.080697233561128],[30.855881244621461,-30.081138556413691],[30.854888768729861,-30.083419708273418],[30.854473987251538,-30.083861548516321],[30.854184670576362,-30.084641703881225],[30.853486898951015,-30.08509202866005],[30.852837728769206,-30.08422490347521],[30.851612090366462,-30.083450209734334],[30.84968655006351,-30.082543165478729],[30.849099572270806,-30.082538508696054],[30.848447775973717,-30.083394438264346],[30.847901731464415,-30.08394415907178],[30.845543055244715,-30.084129887701362],[30.845321762437077,-30.084352705425097],[30.844589927595973,-30.084300667624227],[30.843569577904443,-30.084406213725277],[30.843238632953348,-30.085025470946324],[30.842854591448191,-30.085961592982681],[30.842402336716439,-30.086475165014534],[30.842109034192504,-30.087738391602098],[30.841031753794738,-30.089165292089],[30.842109200183746,-30.089710289108918],[30.842517848677137,-30.090207566348113],[30.842656237767216,-30.090268624723382],[30.843142034503018,-30.091114922784058],[30.843350256187144,-30.091296584238517],[30.843857700727245,-30.091580810266112],[30.844844812351955,-30.092920012385836],[30.845765356368364,-30.094009464549575],[30.846113664432536,-30.094525025652256],[30.846126443791409,-30.094592258691389],[30.84568646213658,-30.095116832693176],[30.844971994098252,-30.095641081616506],[30.844449208329841,-30.096451966276867],[30.844228423669644,-30.09721547167435],[30.84425486203542,-30.097859931307489],[30.844294374604939,-30.097921206676574],[30.844434757661805,-30.097893648779809],[30.844474340224142,-30.097931794414119],[30.844913781922806,-30.097765239824163],[30.845188083558714,-30.097884901864475],[30.845517394851989,-30.097933024877037],[30.845792031113454,-30.097837876624151],[30.845807520315262,-30.097837894801529],[30.845834466607261,-30.097786380908168],[30.847634608881702,-30.097392658343384],[30.847721347214346,-30.096378810609838],[30.848680314134448,-30.097002910256005],[30.849923700559945,-30.096846391065586],[30.850725627552102,-30.096573346643041],[30.851008451260608,-30.097176626848629],[30.851473567123776,-30.097289828375139],[30.851613638429338,-30.097622678363248],[30.851555967169219,-30.098236033826989],[30.852713709834848,-30.098540538318442],[30.853651978021709,-30.099585041103662],[30.853419739806018,-30.10192651226043],[30.852924678558836,-30.103093889674902],[30.853818346740862,-30.103741059150035],[30.854475255478626,-30.10573324318408],[30.855896174400907,-30.105918935651779],[30.856511257815797,-30.106364309296637],[30.856650176032709,-30.106464897189397],[30.856086052237337,-30.108128783179051],[30.855741412068905,-30.108817238155808],[30.855335972640283,-30.109430841570216],[30.855098172931545,-30.110132132595702],[30.854201668107869,-30.111923315143791],[30.853630756002413,-30.112787329695237],[30.853086376172119,-30.113874728862513],[30.85267093299365,-30.113852976197649],[30.852667873847807,-30.114040564527787],[30.852684260967518,-30.114164170977158],[30.852694609672174,-30.11434134806133],[30.852698054511585,-30.11446024645139],[30.852681850366604,-30.114611867509819],[30.852687793754406,-30.114730773207924],[30.85266110589869,-30.11488003708407],[30.852635632340792,-30.114985011851161],[30.852609762374541,-30.115075998470726],[30.852583789191495,-30.115162393366507],[30.852549157611559,-30.115218373836157],[30.852509135159981,-30.115269744914453],[30.852427085046671,-30.115388816988634],[30.852316904087274,-30.115519588969246],[30.852231471684096,-30.115613034354986],[30.852080196537493,-30.11576033656576],[30.852072256767816,-30.115776975560404],[30.851962943146329,-30.116005334613032],[30.851829187559169,-30.116304023930329],[30.851589665217343,-30.116803498244344],[30.851466471890888,-30.117022927682019],[30.851391578889881,-30.117211918558553],[30.851305818257597,-30.117382309674429],[30.851201014219654,-30.117522467513442],[30.851029531547198,-30.117772236562455],[30.850963600895216,-30.118000927155538],[30.850885421730588,-30.118166637551742],[30.850836871855311,-30.118367204633316],[30.850774656551785,-30.118544574454155],[30.850684886493713,-30.118756907395159],[30.850627362604016,-30.118917954779345],[30.850538713467515,-30.119076620402325],[30.850419618736431,-30.11926105084148],[30.850333256352595,-30.119410510465617],[30.850269860398065,-30.119548185251659],[30.850226415754015,-30.119660182437112],[30.850185970849129,-30.119783898368187],[30.850140425005261,-30.119912211789078],[30.850105560655148,-30.120047478001943],[30.850058710639615,-30.120220174141643],[30.849995196960524,-30.12035550142426],[30.84992142560305,-30.120490913474725],[30.849825088071814,-30.120654255200378],[30.849690816102608,-30.120850396441561],[30.849624627135537,-30.120981119850203],[30.849567000452662,-30.121137474862941],[30.849507573356647,-30.121321795027971],[30.84943917725948,-30.121466504387016],[30.849312565492774,-30.121748883996759],[30.849239956432545,-30.121931440661974],[30.850007487646597,-30.122045703949983],[30.849369204130284,-30.123451497396925],[30.848986166592155,-30.1250193171348],[30.848392333534012,-30.126196381225004],[30.848169578166932,-30.127108122480454],[30.84730151253671,-30.127199347435763],[30.846513280378513,-30.127282177714129],[30.84632404017189,-30.128981919705819],[30.846002308762085,-30.12919722669265],[30.845581551155679,-30.129823491922121],[30.844221992581293,-30.130005986314202],[30.843873528239751,-30.130344175615008],[30.842348791012949,-30.131468583245269],[30.841722683866021,-30.131087235118002],[30.840893528029763,-30.131644158911424],[30.839605834954977,-30.132156040119519],[30.839014287795511,-30.132729842918234],[30.83801699058861,-30.133279503149041],[30.837760610796035,-30.13399759947491],[30.837539701430146,-30.134349766226091],[30.837330649124333,-30.135125653234386],[30.835536974021956,-30.136865490466057],[30.834434250055406,-30.137120729885751],[30.831580954098413,-30.13696932033659],[30.831386657813979,-30.137157782344172],[30.830644873965955,-30.137237368862468],[30.830029899811141,-30.137626711714901],[30.829301715602266,-30.137162892998113],[30.829094395485445,-30.135704137770158],[30.829591028600543,-30.134664678349953],[30.830867732143375,-30.133711502105747],[30.831074523729015,-30.13216407886884],[30.83129949198122,-30.131633859337921],[30.831500494616016,-30.129762220712514],[30.831929607634244,-30.129096051147698],[30.832123375893278,-30.128720226173904],[30.832597866581072,-30.127997201224755],[30.832049308605963,-30.127814075360689],[30.831609995800761,-30.127813512760934],[30.830687113145547,-30.128003266867108],[30.829808158435629,-30.128193071412479],[30.82910558420139,-30.128001218212869],[30.827744176241147,-30.127732122381641],[30.826558166441085,-30.127654184981061],[30.825372427381144,-30.127423484629045],[30.824713528461483,-30.127384418622537],[30.823483118778729,-30.127573711234835],[30.822560701129483,-30.127496091795216],[30.821858146040444,-30.127304199875482],[30.821508415061622,-30.126349021207634],[30.821375363026625,-30.12631026686342],[30.82136183462935,-30.126320123002213],[30.821157589616252,-30.126004850510395],[30.820411877656756,-30.125392822339595],[30.818787437273642,-30.124855956629421],[30.817645258866349,-30.124854375600865],[30.816679928964149,-30.124242021079173],[30.816593481113575,-30.123478137118376],[30.815979107850232,-30.123133584193749],[30.814749019828938,-30.12317004298632],[30.813386856153919,-30.123359055299428],[30.812374380896241,-30.123490433377356],[30.812267286758598,-30.123057325463442],[30.811964241202102,-30.123111753235737],[30.811727068097778,-30.123102963106152],[30.811343080268497,-30.123027990402363],[30.811089942196212,-30.123005074504547],[30.810758231674072,-30.122979789720866],[30.810426560094989,-30.122934207339018],[30.809854893581623,-30.122806943650367],[30.809137720943482,-30.12359679337596],[30.808143846302482,-30.1237915378059],[30.807660157546486,-30.124277859067146],[30.806776812532657,-30.124937237045401],[30.805062713099744,-30.124102500403399],[30.804083296389624,-30.124169500924207],[30.803768915306534,-30.124147018079348],[30.8028316513645,-30.124243664986448],[30.802484660008179,-30.124182249537949],[30.802345698089685,-30.123578543259818],[30.802207651144677,-30.123336125013065],[30.802299121588057,-30.123052559326855],[30.802789748076464,-30.122479398737294],[30.803137406052574,-30.12105923791022],[30.803541067070334,-30.120171116767022],[30.804001405387588,-30.119633266701623],[30.804095027818622,-30.118261793821198],[30.803992937281979,-30.117314635666375],[30.802678261550685,-30.116895350824961],[30.803007144999789,-30.115670821466608],[30.804426809321654,-30.115463313621426],[30.804727184577921,-30.11499874103276],[30.805125494265745,-30.114382674003291],[30.80681366275105,-30.114602136435288],[30.807543799842097,-30.114509399864229],[30.80821392368232,-30.114596535144301],[30.809108953809822,-30.114098570867576],[30.809221175819268,-30.114014841189046],[30.809887772134537,-30.113344396143074],[30.810252244027296,-30.112063611963279],[30.80962247322487,-30.111288799851859],[30.810758980334413,-30.109900074077768],[30.811508015065812,-30.109340873791581],[30.811927648804616,-30.108384097547066],[30.812570189222154,-30.107673187692466],[30.812764498984691,-30.106967675068784],[30.811537906095133,-30.105601221030849],[30.811420311379809,-30.105035545348475],[30.811491383301664,-30.104552592578507],[30.811769225937155,-30.104068492807251],[30.811840185477688,-30.103585536001376],[30.812339300868924,-30.102620584790557],[30.812101198126445,-30.100555839399497],[30.812358633329914,-30.100042023984663],[30.812795295426145,-30.099878020149784],[30.81364861175577,-30.098987802727379],[30.814561121625694,-30.09833084832454],[30.814541390758226,-30.098310877101692],[30.814632951140041,-30.098280695603481],[30.816085220141112,-30.096678827123796],[30.816812287589627,-30.095362345550623],[30.817637516599913,-30.094389690927969],[30.818858443651028,-30.093159805672435],[30.819485858486221,-30.092272789974377],[30.81958633242072,-30.09135640749582],[30.819061541170463,-30.090152752697421],[30.818404287704418,-30.089349890497456],[30.817944342505395,-30.088719146080571],[30.817863524201869,-30.088471670620518],[30.818304453361126,-30.0878615075022],[30.819073118114023,-30.087010917730638],[30.819273337910822,-30.086435665984371],[30.819644093596175,-30.087161180872236],[30.820244831010882,-30.087203954507341],[30.821463700662051,-30.086735458680586],[30.822272400763495,-30.086845621492678],[30.82354880347248,-30.086738287307508],[30.823757273857996,-30.08673849576947],[30.825302775523497,-30.08685531449343],[30.825390754949161,-30.088106604740442],[30.825711885299754,-30.087966725972944],[30.825735099231267,-30.087401202177176],[30.827612303003487,-30.087243145173645],[30.826575842500855,-30.087289216627557],[30.82638405515635,-30.087098021477313],[30.826837887859131,-30.086537728260613],[30.826939970128553,-30.085794021057481],[30.826887747302386,-30.085110621900601],[30.826805872361344,-30.085098130156577],[30.82632559296481,-30.084806632415852],[30.826195592316971,-30.083813562092427],[30.826197461861032,-30.082744289117525],[30.825848445786811,-30.081445421013974],[30.825147821432584,-30.080337026618821],[30.823656904377774,-30.079189382051847],[30.822508196246339,-30.0782143318187],[30.822104461902111,-30.078213779577808],[30.821573759312969,-30.078130788120017],[30.820887898723107,-30.077700100102966],[30.820552548232182,-30.077024612628048],[30.818477773866999,-30.076819417615553],[30.816462561892283,-30.076995132478512],[30.815795282443826,-30.076294270504853],[30.815551445761368,-30.075567029317892],[30.815438054796484,-30.075303281128392],[30.816389427938201,-30.075383550569001],[30.815371938606937,-30.073589798235474],[30.814516711958792,-30.07233553560209],[30.813681635759064,-30.071032862444248],[30.810472530789699,-30.070509848537398],[30.807978687854121,-30.070486182053333],[30.807139942454086,-30.070077555176379],[30.805432665332159,-30.069249427327641],[30.804130577333069,-30.068561294838986],[30.803358311336567,-30.06848536747194],[30.802638790452701,-30.067752754388771],[30.80213169831093,-30.067454935285774],[30.801172707932054,-30.06592529254301],[30.801334690297619,-30.064757185765437],[30.801463249934425,-30.063830080758226],[30.8024725554722,-30.062047838646219],[30.802985815063142,-30.060561108548615],[30.803221629641225,-30.059878021944467],[30.804252617964142,-30.058835343285878],[30.805574095156214,-30.058348976324961],[30.807100719383754,-30.059021022458658],[30.808262760507631,-30.059257084810142],[30.809539960097567,-30.059416897672818],[30.809929677824918,-30.059622121302255],[30.810255566733257,-30.059701615889423],[30.810557953608598,-30.059057333937133],[30.811926113601977,-30.058886184165143],[30.813110218774881,-30.057604120261381],[30.812948538562289,-30.056457973745129],[30.813505855119647,-30.055636355082065],[30.81359943295373,-30.055173177885283],[30.814534632868043,-30.054536368728993],[30.815168235698422,-30.054362799208086],[30.815735201681921,-30.053832177925116],[30.820396082902576,-30.053644778323882],[30.821925313081241,-30.053340485530434],[30.823133684095673,-30.052685749929839],[30.823510941971819,-30.052173375244326],[30.823072980058189,-30.051450577374556],[30.821827819564771,-30.051105741029737],[30.821855736593307,-30.050515726573757],[30.8226760912139,-30.049856602868445],[30.822882152838758,-30.049030121201902],[30.822366361228223,-30.048294767893861],[30.822783196603808,-30.048295331096845],[30.822991290845238,-30.048476930766402],[30.82409242788497,-30.049883098060906],[30.826079574237394,-30.050989630019622],[30.828477895552062,-30.052335347476163],[30.830500813168641,-30.053143046560184],[30.831210039627482,-30.053479447205287],[30.832540406712422,-30.053697202300054],[30.832778413111249,-30.053929702416095],[30.831943570943441,-30.054834867717414],[30.832106702788526,-30.05598947325025],[30.831631823300818,-30.056319297333303],[30.831523209174517,-30.056648056777604],[30.832729158360593,-30.057554570575903],[30.833177845145343,-30.058857834563799],[30.834485197275107,-30.059542088784358],[30.834533674958163,-30.059603498918591],[30.835319247553098,-30.059704508724664]],[[30.849137336025635,-30.071087014964213],[30.849002779653421,-30.071181081838848],[30.849128562974929,-30.071096874465795],[30.849137336025635,-30.071087014964213]],[[30.835799345689914,-30.075918414953907],[30.836368941638867,-30.077798617289293],[30.837439793199724,-30.078495625303681],[30.836371770178566,-30.077798240361993],[30.836050995022187,-30.076726557639361],[30.835799345689914,-30.075918414953907]],[[30.842153667480346,-30.081457461098736],[30.842202362526876,-30.081509519487838],[30.842147860971497,-30.081450102851772],[30.841824482124448,-30.081158527270858],[30.841084206842471,-30.080708920200305],[30.841062788600407,-30.080707733448648],[30.841811089065995,-30.081158702095038],[30.842153667480346,-30.081457461098736]]]}},
{"type":"Feature","properties":{"sde_LDR_Mi":0.0,"CAT_NAME":"Golokodo River","MAJ_CAT":"Isipingo River","Id":0,"Phase":"Phase7","OBJECTID":0,"Shape_Area":4639884.6878899997,"BlockName":"Folweni"},"geometry":{"type":"Polygon","coordinates":[[[30.826507183185047,-29.984231305925722],[30.826923523842641,-29.984955509461997],[30.827199884468108,-29.985077654987457],[30.827339461953191,-29.985318696072003],[30.827685979426825,-29.985380041687289],[30.828160293084157,-29.98566608320381],[30.828445663682178,-29.986333007924966],[30.828798014333561,-29.986264727145251],[30.829072421547409,-29.986597548096231],[30.829208327474664,-29.987289899528303],[30.829590838641323,-29.988078042520193],[30.830001221845439,-29.988603671197311],[30.830521527825233,-29.988986231484123],[30.831234092862804,-29.989178091449812],[30.831589893014048,-29.989560436563504],[30.832137066968009,-29.990277178161321],[30.832848764705265,-29.990994126377615],[30.833697371353338,-29.991830584140413],[30.834711024979217,-29.99235695848019],[30.835176528998932,-29.992739431447092],[30.835779293296167,-29.993026601663022],[30.83651939556302,-29.993170731172938],[30.837122322221482,-29.993362423086406],[30.837670178128061,-29.99369725288388],[30.837915717900952,-29.994461334133636],[30.838024585229359,-29.994962697872193],[30.838134034551334,-29.995106040968924],[30.838353630282143,-29.99496310225069],[30.838627950323772,-29.994891834495469],[30.83895637866933,-29.995274125944693],[30.839367455695392,-29.995417836597728],[30.839998319711977,-29.995299264330313],[30.840492308799476,-29.995037314782365],[30.840931340379942,-29.994846901237242],[30.841397828576369,-29.994632651208462],[30.841591858756228,-29.994544480522013],[30.843223526364152,-29.994403756839937],[30.843688904386568,-29.994893605938415],[30.844606000971236,-29.995849414919633],[30.844591909506335,-29.996094046142428],[30.844605229482095,-29.996344676730054],[30.844570646660717,-29.996541547582954],[30.843815719059574,-29.9965555098706],[30.841120582263443,-29.996684691393192],[30.840928029213124,-29.996923420335019],[30.840763122422384,-29.997161901765804],[30.84078997202667,-29.997519955379669],[30.841118113148038,-29.998093185570418],[30.841446220088915,-29.99869028293309],[30.841610180274145,-29.999048501355343],[30.841609649650103,-29.999382653695729],[30.841499470016515,-29.999692805988275],[30.841555987977856,-29.999990505036536],[30.841526312574576,-29.99998459991161],[30.838995359152992,-29.999705930764719],[30.838585655942801,-30.000545093147284],[30.839520351419512,-30.000889214479212],[30.839675389274472,-30.001987068259936],[30.839587870267874,-30.002592984775998],[30.84091761623699,-30.003298234767541],[30.840783570861408,-30.004225510478339],[30.841125821496828,-30.004733892506934],[30.841063568089631,-30.005164564490734],[30.841285875914469,-30.005625710775462],[30.84170165230567,-30.00624315232448],[30.841477666583142,-30.007027067079733],[30.840912118958027,-30.007639983295405],[30.840448813312175,-30.007961916904687],[30.84035336910183,-30.009694442001393],[30.84024343047172,-30.00960878981757],[30.840005447804621,-30.00893460144637],[30.840090963274598,-30.008663198582774],[30.84002588048245,-30.008204853219105],[30.839500352742867,-30.007574097303891],[30.838864859070085,-30.007115054570058],[30.838185152585584,-30.006865993165608],[30.837461167087167,-30.00686510120163],[30.836802810972781,-30.006978853225338],[30.835902810105274,-30.007283245235904],[30.83514804861997,-30.007589579925096],[30.835148160669579,-30.007519655603286],[30.835025121988618,-30.007358525885152],[30.834805573219356,-30.007453722688975],[30.834366791613544,-30.007453171305261],[30.833818696503187,-30.007223347356884],[30.833577877093802,-30.006917532245186],[30.833249590965806,-30.006439756035782],[30.832855683760794,-30.005847329082012],[30.83252772527824,-30.005178607088308],[30.832089853970778,-30.004643405122223],[30.831717770158008,-30.004127380219785],[30.831476577431719,-30.004050693927084],[30.831082269700904,-30.003706488686948],[30.830731841043761,-30.003362338681793],[30.83049133248657,-30.002884668234859],[30.830425972813462,-30.002617261896358],[30.830009248237339,-30.002559441130309],[30.829614070669678,-30.002730780218698],[30.829284509853039,-30.003016769854479],[30.829020336048249,-30.003551071278178],[30.828690541208402,-30.003970720128617],[30.828251413331092,-30.004180186738328],[30.827593427811649,-30.004083854469719],[30.82711055281144,-30.004216882224391],[30.826254557593288,-30.004444888439643],[30.825442368556025,-30.004711136029862],[30.825090951201418,-30.004939802754667],[30.824783744874217,-30.004977583075735],[30.824147325648045,-30.005091301029285],[30.823576990957338,-30.005052349043865],[30.822897337100422,-30.004803208827937],[30.822437376928111,-30.004382511736239],[30.822065207895712,-30.003942837280828],[30.821385599603765,-30.003674594877243],[30.820749905651173,-30.003387314333011],[30.820441854050799,-30.003079921421854],[30.820440348346366,-30.003081088750694],[30.81932703796739,-30.001666870056123],[30.818796904050579,-30.001108656006529],[30.818859217952625,-30.001085977556567],[30.818977350306959,-30.000940801017308],[30.819153336059813,-30.000673720722169],[30.819373161312434,-30.000425794775005],[30.819592985470809,-30.000177868446897],[30.819659453825317,-29.999815165100863],[30.819572222407263,-29.999528628926388],[30.819419490841064,-29.999070152852397],[30.819266345492686,-29.998840809360079],[30.818937703909469,-29.998611224447444],[30.818564911853443,-29.99853433344807],[30.818104372048737,-29.998457320191978],[30.817709679053372,-29.998361302066304],[30.817381007690205,-29.998150807671173],[30.817118358666139,-29.997825837493032],[30.816723984880426,-29.997557966823912],[30.816307676392121,-29.997290064367061],[30.81589140538496,-29.997003066192214],[30.815540840938851,-29.996773442117334],[30.815146298642613,-29.996601038718776],[30.814642039076137,-29.996447574170475],[30.814357253690499,-29.996237133978006],[30.814182152221061,-29.99602684800972],[30.814182934696031,-29.995606771171182],[30.814183432626006,-29.995339449532644],[30.813986076310314,-29.995300981953193],[30.813700938993197,-29.995281484355722],[30.813459817356581,-29.995185670695427],[30.813174644719187,-29.995185266362256],[30.812845778485318,-29.995089327045108],[30.812473219726094,-29.994897852417068],[30.8121666509068,-29.994610998618722],[30.811750078747782,-29.994495836962098],[30.811355190991087,-29.994514366238587],[30.810916177340804,-29.994666492145459],[30.810674733760216,-29.994742523005968],[30.8103021804944,-29.994551042248329],[30.810061500163755,-29.994226089556751],[30.810150116801914,-29.993767950441022],[30.81030424998951,-29.993462661291247],[30.810172961124216,-29.993290621968171],[30.80988786672841,-29.993252021730644],[30.80953725641988,-29.993060570466124],[30.809274573339607,-29.992773773367908],[30.808968312732844,-29.99233415685071],[30.80892774396705,-29.991790802319404],[30.809233628154868,-29.991605481617672],[30.810495559318429,-29.991436182890752],[30.811428311161276,-29.990797763392962],[30.811582300877426,-29.99003490643603],[30.81288854076433,-29.989711841068043],[30.812973822389903,-29.989604704442822],[30.813464314435461,-29.988673892408091],[30.813794362704414,-29.988125393419285],[30.814151825689049,-29.987576932240366],[30.814810840711036,-29.987052762543208],[30.815359823246247,-29.98671938004885],[30.815591020895067,-29.986292519237008],[30.816135583738379,-29.986119562165808],[30.817210227874597,-29.986197436119596],[30.817977826910013,-29.986255782783125],[30.819140903795446,-29.985951873537754],[30.819931056634069,-29.985666539077574],[30.821137920759305,-29.985400860969083],[30.822081364373645,-29.985249383071594],[30.822849264165349,-29.985135851357072],[30.823562495408762,-29.984998879609144],[30.823825880167597,-29.984733536694918],[30.824883139648975,-29.984567071396995],[30.825084340016186,-29.984176104273992],[30.825847620377157,-29.984230523780955],[30.82623010100852,-29.984108797147179],[30.826507183185047,-29.984231305925722]]]}},
{"type":"Feature","properties":{"sde_LDR_Mi":0.0,"CAT_NAME":"Manzimtoti River","MAJ_CAT":"Manzimtoti River","Id":0,"Phase":"Phase7","OBJECTID":0,"Shape_Area":3564281.8318400001,"BlockName":"Kwamakhuta"},"geometry":{"type":"Polygon","coordinates":[[[30.877300765761056,-30.019722663424375],[30.877159829734982,-30.020134971212368],[30.876738016003134,-30.020562291564431],[30.876386318633575,-30.021066054038833],[30.875964364548263,-30.021600300374903],[30.87575318582871,-30.022027815820103],[30.875612182907545,-30.022485948290758],[30.875365854540007,-30.022943980862394],[30.874592631636311,-30.023615369128862],[30.873995269291086,-30.024027237478467],[30.873643778238637,-30.024347686303127],[30.873397669107835,-30.02462240905119],[30.873204143963328,-30.024958284066937],[30.873045667993516,-30.025340019142352],[30.873049814656078,-30.025370373051402],[30.873021772086933,-30.025368305850712],[30.87301011132266,-30.025691321658712],[30.872921695864008,-30.026195328235808],[30.872885943552191,-30.026699385598221],[30.872850054405763,-30.027310371350115],[30.872761422072657,-30.027982408075832],[30.872567868678136,-30.028333557447525],[30.872620318752887,-30.028501638814927],[30.872795517689131,-30.028776767430433],[30.872777650525869,-30.02902115825589],[30.872777260378438,-30.029326667990986],[30.872689230872055,-30.029525164409584],[30.87258372394718,-30.029662541821313],[30.872443028034869,-30.029860987051229],[30.872267240596781,-30.030044122557793],[30.872021231293125,-30.030227189538632],[30.871775162099599,-30.030456082501438],[30.871739717061029,-30.030715731488066],[30.871792049016904,-30.030975466016745],[30.871844282982597,-30.031311577921734],[30.871703563584663,-30.031525297780682],[30.871475026309696,-30.031769482723096],[30.871369219442034,-30.032135991291845],[30.871193129711511,-30.032548257456302],[30.871069864052256,-30.032838371160963],[30.870841381624935,-30.03303672851073],[30.870665446782297,-30.033326790095479],[30.870542317590985,-30.033509974937516],[30.870454260040372,-30.033723745185256],[30.8704714583961,-30.033998721011322],[30.870576317834129,-30.034365436046613],[30.870575861302544,-30.034716771924721],[30.87045282956035,-30.034823579277976],[30.870136680098412,-30.03493019603021],[30.869838106075807,-30.035021553918167],[30.869732689271316,-30.03508255154431],[30.869679800936286,-30.035250529563758],[30.869609196218025,-30.035540693919643],[30.86934555204521,-30.035769564696462],[30.868994325990911,-30.035845592861744],[30.868555358194595,-30.035890981473557],[30.868204110902784,-30.035982282992919],[30.867905491446994,-30.036104187400952],[30.867378842006506,-30.036073106574207],[30.866869892160651,-30.035935113136087],[30.866518745549229,-30.035950032814156],[30.866132219297082,-30.03616349689732],[30.865956388561223,-30.036361899193796],[30.865833351129243,-30.036467747462488],[30.86578830371543,-30.036517094134673],[30.864565666577626,-30.036628559989808],[30.86431390211094,-30.036344074205143],[30.863814426564016,-30.036420801259723],[30.862620676330316,-30.036358458153213],[30.861883329625751,-30.036342410624268],[30.861854802513243,-30.036373360094263],[30.861854477605096,-30.036375600768409],[30.861672547042438,-30.036418566590758],[30.861426608826235,-30.03652523616212],[30.861233254226548,-30.036693062685366],[30.860899255229512,-30.036998219638871],[30.860670486593797,-30.037379864631514],[30.860477193261111,-30.037501863633345],[30.860283835164324,-30.037669688725174],[30.85998541578212,-30.037638820488187],[30.859687233327232,-30.037439921523781],[30.859476834723839,-30.037241115677386],[30.859178719274897,-30.0369963891754],[30.859021251461947,-30.036614333433352],[30.85874058705436,-30.036446002043235],[30.858354715779608,-30.036185903911953],[30.857705240147876,-30.036108825610146],[30.856247447386583,-30.036534954312899],[30.855087946769714,-30.037068324093681],[30.853823609903788,-30.037250231088059],[30.853818745650287,-30.037251585494435],[30.853787423296506,-30.037206584878337],[30.852051104018713,-30.036774709737539],[30.849067944077827,-30.035824241192863],[30.848904476016443,-30.035819870111979],[30.848894250408129,-30.035799856589087],[30.848243101801089,-30.035624711027744],[30.846049611080055,-30.034950041260046],[30.844049218354833,-30.034306114924011],[30.843466675026924,-30.034305423103785],[30.843715787490879,-30.034000603956517],[30.843980555410376,-30.03348627820878],[30.845712309709235,-30.032648199481415],[30.847097594629219,-30.032466128707604],[30.847392286102664,-30.032169221841357],[30.848444609686023,-30.032370209678174],[30.848765681899451,-30.031923900017816],[30.849090317283196,-30.031293041383119],[30.84966874375127,-30.03071049959981],[30.850948823907014,-30.030015954044913],[30.85108946200182,-30.029774703787446],[30.851924888754255,-30.029410743082988],[30.85233951731934,-30.028687278125286],[30.852480476902286,-30.028083936684325],[30.85282734376273,-30.028023433719426],[30.854101766256839,-30.027736546206192],[30.854820494197305,-30.026675743254678],[30.855099786742716,-30.026100970036946],[30.855633583491674,-30.025522417112494],[30.856883070116943,-30.025388562465846],[30.857207352680089,-30.025308269256758],[30.857415984166373,-30.025127176151251],[30.857693570722098,-30.025005334748727],[30.858112276851251,-30.024282224349221],[30.859361286971595,-30.023738888974734],[30.859502095085563,-30.023497460920648],[30.860057306798833,-30.023437162895899],[30.860614446888828,-30.023196903720365],[30.861586415172528,-30.023385609961146],[30.862543043303422,-30.022641931264435],[30.863046301292155,-30.022231888234597],[30.863196709405248,-30.022002950092627],[30.863518921346419,-30.021450501780251],[30.863845503716806,-30.021243338271947],[30.864432506139998,-30.020870976279951],[30.864871989504401,-30.020397887071766],[30.865768106198761,-30.019741956606655],[30.867611157977432,-30.019789650173138],[30.869753459117259,-30.019196042301349],[30.871193900732614,-30.018372581436562],[30.872159699893817,-30.018083288067135],[30.873617155028374,-30.017656980854785],[30.874179046792531,-30.017504763914403],[30.874357953511634,-30.016970291150685],[30.874407910323264,-30.016970338833243],[30.874934480290104,-30.016986115812564],[30.875197736648705,-30.017016916786947],[30.875478507989339,-30.017078284877016],[30.875864388414314,-30.0173077824284],[30.876162581176413,-30.017476094227128],[30.876723882378322,-30.017797407398465],[30.87693419915222,-30.018057288295086],[30.87698657584021,-30.018286470248587],[30.877074134618749,-30.018454582913744],[30.877284547730088,-30.018638085662253],[30.877336906724089,-30.018882542972595],[30.877213751265774,-30.019111561084152],[30.877213544250147,-30.019279591722061],[30.877300765761056,-30.019722663424375]]]}},
{"type":"Feature","properties":{"sde_LDR_Mi":0.0,"CAT_NAME":"Mlazi Upper River","MAJ_CAT":"Umlaas River","Id":0,"Phase":"Phase7","OBJECTID":0,"Shape_Area":26742780.446600001,"BlockName":"Mpumalanga"},"geometry":{"type":"Polygon","coordinates":[[[30.630836832985693,-29.796761415986428],[30.631382923226582,-29.797097100216895],[30.63220389868847,-29.79709938694171],[30.632888044978905,-29.797101288651163],[30.633488962879174,-29.797413247867539],[30.634007699578657,-29.797748845449675],[30.634498379583803,-29.798275312195997],[30.634907832350116,-29.798562866841209],[30.635399646103643,-29.798779041626467],[30.635972783443954,-29.799210255920276],[30.636408575088399,-29.799784301576253],[30.636789638185807,-29.800358195404318],[30.636815280665768,-29.80083563767441],[30.637115110351463,-29.801170621399198],[30.63749721533685,-29.801458092924832],[30.637626282378662,-29.801701299270089],[30.640875976290822,-29.801675415448486],[30.640906791354304,-29.801698721480339],[30.642095901202616,-29.801184201546377],[30.642534791380911,-29.800898966024267],[30.642727038283258,-29.800708537000531],[30.643302504524868,-29.800495273760241],[30.643768247654339,-29.800353318142808],[30.644397598998523,-29.800378881326388],[30.644862834268434,-29.800380132086246],[30.645491176266987,-29.800692110581892],[30.646172576206268,-29.801481600149589],[30.64660717773214,-29.802413638145911],[30.647013665421063,-29.803560416894687],[30.647175274613325,-29.804300774751844],[30.647638938677478,-29.804755514871928],[30.648103525975248,-29.804947701331013],[30.648566403739007,-29.80503209802599],[30.654071262930028,-29.805637346472963],[30.65639134928735,-29.806253165558903],[30.657871570540181,-29.807372033724661],[30.658830548849281,-29.808348625398303],[30.658941979095598,-29.808432810894775],[30.658854109974115,-29.808719545190929],[30.657190220373927,-29.810296894298695],[30.657796841356941,-29.811135635392549],[30.657889894633868,-29.812056754453508],[30.657895683665824,-29.812058176882424],[30.657782522722631,-29.812247584576753],[30.657714428363224,-29.812953918036797],[30.657865751527133,-29.813527155638941],[30.658235781076389,-29.814177338258585],[30.658869222833925,-29.814637251511776],[30.659678296389213,-29.814963950178043],[30.660574704093747,-29.815367247676882],[30.661558706304497,-29.815770763482291],[30.662411270888573,-29.816193031106867],[30.663613875135166,-29.816711659060154],[30.664706687586765,-29.817325471815916],[30.665711860722904,-29.817958148712762],[30.666564588234468,-29.818342200296232],[30.667417385511747,-29.81870715171187],[30.668314047164657,-29.819053112900225],[30.668773077319841,-29.819302497445307],[30.669144078974579,-29.819685323963792],[30.669318317758361,-29.819972182896219],[30.669556178440327,-29.820889330722345],[30.669619737313884,-29.821538714454974],[30.669551907569542,-29.822187769558116],[30.669484767961922,-29.822626783019096],[30.669502154663533,-29.822716247009044],[30.668855496564973,-29.823597255029988],[30.667031704075992,-29.823758294286531],[30.667421963451773,-29.823939150590874],[30.667859178035151,-29.824169388477802],[30.668405636063262,-29.824476278490334],[30.668995769195647,-29.824821465346258],[30.669498625003104,-29.825070957090283],[30.670220033660822,-29.825454656485629],[30.67085416458179,-29.825742660363566],[30.671225385267253,-29.826068196871095],[30.671617571104527,-29.826680206945873],[30.671660308400238,-29.827004925321337],[30.671417479760439,-29.827596261358671],[30.671109824986793,-29.827920107911719],[30.670670770891963,-29.828243626228502],[30.670231212403465,-29.82871990040481],[30.669747850215629,-29.829196063565849],[30.669418411019663,-29.829481661942534],[30.669001433346569,-29.829747945349588],[30.66894599331679,-29.829776193120814],[30.66884554878601,-29.830035064692005],[30.668582851864912,-29.829957718453237],[30.668102150033562,-29.830165775118644],[30.667794539856459,-29.830470519023248],[30.667245710362288,-29.830870128882673],[30.666587819243766,-29.831135797492475],[30.666170636817021,-29.831459355748269],[30.666141420823557,-29.831493717504667],[30.666144793772943,-29.831494634963359],[30.665608056931326,-29.831748135831674],[30.664100255244652,-29.832388760284775],[30.662946716580201,-29.833507641903235],[30.661876888152577,-29.834149357397958],[30.660693636654912,-29.834356737302922],[30.660681736278427,-29.834318389595488],[30.660287382805038,-29.834646517624297],[30.659792347527258,-29.835313561480802],[30.65869518446527,-29.83593131192465],[30.657463078917367,-29.835975859511965],[30.656094335041246,-29.835948434453151],[30.655080256537104,-29.836279949120257],[30.653708628114767,-29.837087888691453],[30.653454661768116,-29.837417861116972],[30.652818033056967,-29.837309408568668],[30.652723718305388,-29.837202239899973],[30.652508305596925,-29.837534332678789],[30.652335899977036,-29.838353259373608],[30.652331782287508,-29.838480909548231],[30.652280025731109,-29.838468919029289],[30.651955652808827,-29.838274168457641],[30.65178493889352,-29.83816931284511],[30.651512304737107,-29.837855376817235],[30.651427699190027,-29.837586681851917],[30.651413770155106,-29.837474288302982],[30.651394416408809,-29.837318122288011],[30.651313661990809,-29.836784966168437],[30.651310795809014,-29.836766042985921],[30.651125005078931,-29.836261397754406],[30.651054205886727,-29.836163404938407],[30.651047827401701,-29.8361545764973],[30.650978794209575,-29.835997220376893],[30.650973694854518,-29.835978065164063],[30.650941330684308,-29.835856492251423],[30.650936133279153,-29.835743090610194],[30.650901428843451,-29.835610137845681],[30.650873306773054,-29.835566562661356],[30.650835358958886,-29.835507762405239],[30.650804348835649,-29.835436139863265],[30.650804680573241,-29.835340753317059],[30.650844097712923,-29.835242063396329],[30.650851221286242,-29.835230457633934],[30.650910901768853,-29.835133225761414],[30.650922908069909,-29.835051496838492],[30.650954593185606,-29.83492893958806],[30.650994069217795,-29.834813216300343],[30.651002369366843,-29.834673563774125],[30.651010574767749,-29.834561164547264],[30.651010918138056,-29.834462371323422],[30.65101252480623,-29.834421512074503],[30.651015204348539,-29.834353368432254],[30.651004773093721,-29.834316515513539],[30.650995904558478,-29.83428518355603],[30.650986616318821,-29.834224422535925],[30.650984443107962,-29.83421020599841],[30.650985860898793,-29.834207926908061],[30.651011948238693,-29.834165991642969],[30.651066804529805,-29.834121849534004],[30.651284644713854,-29.834015005287174],[30.651357220234853,-29.83396032260006],[30.651646805728436,-29.833604928124014],[30.652075406159518,-29.833337585813005],[30.652470410309018,-29.832891172422833],[30.652666188159326,-29.832622702654589],[30.652676670739801,-29.83260832786392],[30.652663809594067,-29.832480713217194],[30.652662701756846,-29.832501061310374],[30.652523245469165,-29.832322334137565],[30.652448839142224,-29.832101121720562],[30.652395439976168,-29.831940856913441],[30.652349660162912,-29.831751293920927],[30.652313427705639,-29.831570777261085],[30.652281005996695,-29.831421844318243],[30.652206619751784,-29.831299863242283],[30.652145581121879,-29.831198214828632],[30.652048291643297,-29.831037833544961],[30.651949122253498,-29.830906765538312],[30.651838494420055,-29.830804985379384],[30.651661115155154,-29.830687241054065],[30.651519972013308,-29.830562826948814],[30.651443699165199,-29.830472413945596],[30.651109880709896,-29.83017834269404],[30.651082295781023,-29.830168907872991],[30.650069607600738,-29.830271482360402],[30.647813870789683,-29.830635372013877],[30.647699623604957,-29.831006252328685],[30.647120398800922,-29.831528677535054],[30.646518729972037,-29.83276366562804],[30.646058694641226,-29.833325701288739],[30.645961484216922,-29.83360418954371],[30.64583820012912,-29.833677919924245],[30.645666263469444,-29.834254623285748],[30.644968600435337,-29.834480090832571],[30.645119618391508,-29.835076069550173],[30.644351731418457,-29.835873799424309],[30.641878160385506,-29.836024585523425],[30.641446820833234,-29.836565574765402],[30.64095888056632,-29.836673396947024],[30.640586006814214,-29.836725731493694],[30.641035201856116,-29.837316654395906],[30.640858785363204,-29.837566352973322],[30.640516173071017,-29.838066600625297],[30.639384030979642,-29.838492939037923],[30.638481158358058,-29.838681776964499],[30.638563483015879,-29.838748707598395],[30.638618434746007,-29.838851015225202],[30.637685942620823,-29.839024120489903],[30.636844415061123,-29.839159291666697],[30.63643243171709,-29.839110247344614],[30.636264045063786,-29.839145462123206],[30.636263688187931,-29.839090158983094],[30.636056280493936,-29.839065467473972],[30.635480068815109,-29.83851394935904],[30.634956760539676,-29.83787092007967],[30.634014287916216,-29.836860108453152],[30.632964698522343,-29.836398921714334],[30.632018396793171,-29.836442116235588],[30.630965283857631,-29.83694327988918],[30.630437627005321,-29.837491733703807],[30.630436108793511,-29.837904176244574],[30.631116238464212,-29.838776798420568],[30.632059035382657,-29.83969597645223],[30.632634899403854,-29.840339163176328],[30.633000006593488,-29.841119244115109],[30.632891858961859,-29.841943836772863],[30.632599750516373,-29.842491005028965],[30.632584889157823,-29.842534183736529],[30.63256979882194,-29.842547109210436],[30.632256703092356,-29.843133581964427],[30.630939675899121,-29.843908973659474],[30.629586652851902,-29.844116778315918],[30.629579331500015,-29.844153418759824],[30.629487058842638,-29.844132073923873],[30.628888380580651,-29.844224017006571],[30.627363595616529,-29.844311378225424],[30.625050814768517,-29.844259004880961],[30.624473320406057,-29.844131398087306],[30.624117645396201,-29.844202901316507],[30.623622976833531,-29.844450689961349],[30.623660081103601,-29.844566707008532],[30.623155819978813,-29.844941021504891],[30.622524494090381,-29.845076700559467],[30.620948854676993,-29.844705568769154],[30.620055384652829,-29.844657173971015],[30.618739114882334,-29.845203308640073],[30.618525709547232,-29.846027584396527],[30.618574445839567,-29.847035926389623],[30.619042343309619,-29.848412096631048],[30.619669700065263,-29.849330451269015],[30.619986411394208,-29.849887215481026],[30.620038527876108,-29.849948209199525],[30.620153971446197,-29.850181775691027],[30.620348598107583,-29.850523914899647],[30.620239988747617,-29.851440148634254],[30.619735675166385,-29.852225340879542],[30.619703345861392,-29.852214642660666],[30.619684964554693,-29.852256101319625],[30.619680312236799,-29.853477952500132],[30.618355819790814,-29.8533296868567],[30.618248070199087,-29.852997024777146],[30.617953291048877,-29.853169282665437],[30.617892940483209,-29.85320497390283],[30.617333968778851,-29.853357056616733],[30.616760571054254,-29.853412789352237],[30.616088160195851,-29.853311767473684],[30.615518634173181,-29.853066250654972],[30.615052815496039,-29.852882304090731],[30.614753466199186,-29.852531583120022],[30.614427443361706,-29.852155912402278],[30.61427321275054,-29.852018292959109],[30.61413713192411,-29.851896867474004],[30.61408389108141,-29.851695416308946],[30.614072643888605,-29.851561160061543],[30.614084801430202,-29.85129137729658],[30.614086478805273,-29.851044919153964],[30.614099685124465,-29.850693887181301],[30.614111443591877,-29.850465108458092],[30.613929073735545,-29.850292376865049],[30.612387636632683,-29.850120518005838],[30.612033077789867,-29.849761451099774],[30.611845848322734,-29.848615218597889],[30.611480544019042,-29.846282009547409],[30.611277904016625,-29.8443108386038],[30.611234823249148,-29.843240241908227],[30.611466436297047,-29.84298422793465],[30.611707002712222,-29.842296003099339],[30.612261500421539,-29.841690284237163],[30.612213433410211,-29.841686986520731],[30.61208823954615,-29.841645532199607],[30.612008790790476,-29.841515654881391],[30.612012771288825,-29.841470360061415],[30.610258227117992,-29.841395207728269],[30.609952981351935,-29.84054461253691],[30.60986353171619,-29.840525756391433],[30.60970104635626,-29.840211286483473],[30.609472412237409,-29.839866905538713],[30.609111587809647,-29.839722627693352],[30.608783840479674,-29.83952116265673],[30.608653880778391,-29.839148430427311],[30.608492633215413,-29.838374615954937],[30.608462461645139,-29.837687116129814],[30.608267695314279,-29.837085054494562],[30.608006668551138,-29.836626006432912],[30.60745076276017,-29.835965587076089],[30.606828488499982,-29.835476820474785],[30.60597524958991,-29.835245141150278],[30.605319122536084,-29.835014045438758],[30.604235029384903,-29.835010801766707],[30.603642688351641,-29.835266804620272],[30.603115367961315,-29.83569485277453],[30.602784586488884,-29.836266700436404],[30.602356039598487,-29.836637758249463],[30.60186189922214,-29.836979974840197],[30.601139156587148,-29.836977794335123],[30.600285006302645,-29.83697521227618],[30.599595572674595,-29.836858555764934],[30.598709144072213,-29.836712655230023],[30.597986518324532,-29.836681815753927],[30.597591607634193,-29.836852465739018],[30.596770080600173,-29.836907244509],[30.596113618820219,-29.836762028418388],[30.595490703145334,-29.836445059313075],[30.594671375395578,-29.835955632205486],[30.594213652719645,-29.835410027226928],[30.593854372792041,-29.834893365458932],[30.593395383543413,-29.834662816690582],[30.59270597420857,-29.834546124401133],[30.592015868256254,-29.834601278883092],[30.5917396679136,-29.834666038152086],[30.591312725936643,-29.834906922541009],[30.59084757400861,-29.835100415495123],[30.590381992096805,-29.835398869347518],[30.589813951146422,-29.835517065314392],[30.589573835123915,-29.835398849367113],[30.589515904919502,-29.835395511931061],[30.589450623255683,-29.835338188382977],[30.589384846372287,-29.835305804327731],[30.588922267344703,-29.834869515174802],[30.588837226249833,-29.834652821441946],[30.588731108879433,-29.834505166339802],[30.58862938413348,-29.834227652065362],[30.588556022066555,-29.834163229804599],[30.588002023626981,-29.833468501377475],[30.587646083824879,-29.833190507884485],[30.587984348408735,-29.832354682965683],[30.588415277181223,-29.831410837359165],[30.588943457443676,-29.830782355873055],[30.589405229150536,-29.830325518378888],[30.589924550906577,-29.830254571497029],[30.590970662543665,-29.83044669318588],[30.591161666891679,-29.830823373880474],[30.59120110088298,-29.830853226991827],[30.591225132265606,-29.830835317451228],[30.591277097111327,-29.830797214432408],[30.591159068263241,-29.829950113926515],[30.590720951349187,-29.829294896122594],[30.591335895699615,-29.828399117600412],[30.591896774263077,-29.82779936706077],[30.592491656882007,-29.826913297749442],[30.593348735730483,-29.826171243501271],[30.59433638472651,-29.825630079410072],[30.595553382682894,-29.825232820784287],[30.596703640278413,-29.825093126368554],[30.598377859385227,-29.825356005660481],[30.59899991557441,-29.825873453648679],[30.59984986353901,-29.826907147554166],[30.600175955585673,-29.827509619606591],[30.600865325872562,-29.827626272666507],[30.601426484628586,-29.826940555652765],[30.601297704969507,-29.826281397935535],[30.601334191161826,-29.82536495956839],[30.601534347701744,-29.824592225514117],[30.601733819754916,-29.823991341876717],[30.602032626148045,-29.823190262050208],[30.60262716553034,-29.822361429031801],[30.603681325583917,-29.821591256945368],[30.604373253864978,-29.821049129471543],[30.605360681268422,-29.820536523369011],[30.606560856319359,-29.820811001538633],[30.606608424685678,-29.820883497620311],[30.606927761540192,-29.820968437510881],[30.606942057610468,-29.820983001340689],[30.607302024380367,-29.820997118103008],[30.60758173451682,-29.820906156178431],[30.607934740499594,-29.820897161184334],[30.608372746261431,-29.820942163600634],[30.608705381081187,-29.821052143932189],[30.608949691698999,-29.821061721859778],[30.609278763803935,-29.820845181474279],[30.609391773654604,-29.820574201329926],[30.609456202143942,-29.820193248859926],[30.609461786528819,-29.820160229391711],[30.609395801705809,-29.819552266507461],[30.609328804952813,-29.819390275773518],[30.609238809113034,-29.819180287747585],[30.609110815310011,-29.818871305427212],[30.608668824888746,-29.818247338842827],[30.608603827216601,-29.818121345899101],[30.608359835696216,-29.817658371773476],[30.608325836168603,-29.817620373722903],[30.60794661560406,-29.817177714911029],[30.607778390930033,-29.817102042471383],[30.607473978053211,-29.816959053714893],[30.607164561592729,-29.816741617572116],[30.606975775739542,-29.816605738543924],[30.606847398328558,-29.816481315922257],[30.606648119852288,-29.816331873533851],[30.606386069266211,-29.816094288018796],[30.606247368588246,-29.815913452406679],[30.606029985654502,-29.815682765517714],[30.605760115912386,-29.81542034748443],[30.605600488859928,-29.81520787486334],[30.605370033603965,-29.814952339839834],[30.605215825610905,-29.814688011930258],[30.605043098918479,-29.814457457238365],[30.605002471062743,-29.814410840689064],[30.604851942630319,-29.814238123333972],[30.604760670925927,-29.814012318765084],[30.604556445615358,-29.813777158342592],[30.604407164686933,-29.813616586338267],[30.604335316673289,-29.813514883685116],[30.604260649038121,-29.813410916934373],[30.604095035117862,-29.813207141691841],[30.603766890280014,-29.812918612056141],[30.603203888237008,-29.812666621038247],[30.60261088199584,-29.81255262099592],[30.602021870773541,-29.812624609305015],[30.601679862020813,-29.812748597338917],[30.601283851949809,-29.812889583638412],[30.601231152750714,-29.812919880494924],[30.600979452970396,-29.813076318655057],[30.600688943453612,-29.813301872777323],[30.600459678075996,-29.813391983565751],[30.600376030681872,-29.813455478200208],[30.600304819623215,-29.813509532618809],[30.600138648449438,-29.81358921762947],[30.59993654637605,-29.813772233736088],[30.599741999691052,-29.813807727545896],[30.599553121427331,-29.813698900496274],[30.599448458088329,-29.813558755563907],[30.599381290098496,-29.813458663546751],[30.599339805201097,-29.813420525801465],[30.599217806327513,-29.813288532412145],[30.599135289187878,-29.813163349331614],[30.598982566337092,-29.812979990466758],[30.598862096470992,-29.812842052383825],[30.598776078128633,-29.812627540714526],[30.598716250163466,-29.812433402788415],[30.598643514490412,-29.812171570343249],[30.598520627998045,-29.811981753014734],[30.59855351038507,-29.810718647932852],[30.598548045407139,-29.810616165545444],[30.598549068583942,-29.810360003079388],[30.598579588113928,-29.81007319090191],[30.598650779921979,-29.809899214276538],[30.598686765340574,-29.809714884453523],[30.598728480997753,-29.809566435265573],[30.598694235048519,-29.809315289064283],[30.598621610459908,-29.809028034987282],[30.59861905052221,-29.809017909563721],[30.59855635321448,-29.808536127706525],[30.598482353773029,-29.808254034839834],[30.598198862331898,-29.807921287613262],[30.598132073419325,-29.807831145098358],[30.59834403980215,-29.807819251120783],[30.59860244854185,-29.80655068250341],[30.598972212541131,-29.806713015689773],[30.599064283272636,-29.806814061303168],[30.598791960771809,-29.807425583517887],[30.598730601237822,-29.80784361331478],[30.598808220828481,-29.807858504763132],[30.59885392292772,-29.807841860437541],[30.598996926745308,-29.807805864747024],[30.599143930455721,-29.807780868466807],[30.599246932920906,-29.807770870628012],[30.599362936216018,-29.807730874765539],[30.599511940101099,-29.807698878932513],[30.599616942811934,-29.8076778817776],[30.599724945580519,-29.807656884661668],[30.599843948244221,-29.807623888014309],[30.599944950618411,-29.807589891214342],[30.600008951968928,-29.807576892735288],[30.600076856096482,-29.807546408563979],[30.600100517419168,-29.807473109298833],[30.60015507270063,-29.807374508587113],[30.600219407254812,-29.80729311408852],[30.600298581533725,-29.807194587780153],[30.600412188382688,-29.80710475385791],[30.600476590822723,-29.807006182776316],[30.600531077219891,-29.80692475834811],[30.600600317943606,-29.80684767264804],[30.600728695594778,-29.806757883080746],[30.600822469880942,-29.806702342196747],[30.600970354905648,-29.806659847118194],[30.601132909019686,-29.806643161132477],[30.601275835950673,-29.806609239076892],[30.60145324650307,-29.806571126690105],[30.601596173227467,-29.806537204285799],[30.601783329090335,-29.806524885819986],[30.601921161783359,-29.806533889365177],[30.602019638009853,-29.806534185932644],[30.60217215720429,-29.806564704264854],[30.602334524122444,-29.806595252051782],[30.602452687734679,-29.806546976158085],[30.602618078327755,-29.80644022421944],[30.602621036052483,-29.806441677402045],[30.602623057729328,-29.806386463341198],[30.602624402597225,-29.806349733585925],[30.602973392497425,-29.806491914387241],[30.603628280595615,-29.806655636411843],[30.604083063997116,-29.806619253739633],[30.604446890718329,-29.806419149043009],[30.604756143431306,-29.806200853010207],[30.605210926832815,-29.806109896329907],[30.60565909791886,-29.806041991894002],[30.605811240922861,-29.806018939649515],[30.606266024324313,-29.805709686936584],[30.606288393755445,-29.80569764192612],[30.606345701418046,-29.805662223408369],[30.606511903382966,-29.805531977194413],[30.606859278683746,-29.805477962025492],[30.607165736828453,-29.805406459691433],[30.607325218534207,-29.805369249347301],[30.607462245673911,-29.805315184081259],[30.607688721919317,-29.805225825440296],[30.607761755344836,-29.805165808166979],[30.607997423819405,-29.804972140191097],[30.608155031478386,-29.804836784880393],[30.60819168180808,-29.804805309066204],[30.608490668997757,-29.804548533569537],[30.608923654014458,-29.804176674798317],[30.609145400426353,-29.803964016165242],[30.609209546422868,-29.803936280884148],[30.609265227318708,-29.803885855623829],[30.609290317366046,-29.803863133763635],[30.609386541124696,-29.803817727472051],[30.609415313931375,-29.80379602067654],[30.609501353756944,-29.803731110373104],[30.60963341932899,-29.803610688477576],[30.609651795471805,-29.803593932449719],[30.609809998174747,-29.803594399569729],[30.609871994144846,-29.803570587712091],[30.609913083397437,-29.80353874206908],[30.609991512869843,-29.803477956325452],[30.610016480956734,-29.80338823753171],[30.610071551403475,-29.803190350162943],[30.610079528755943,-29.803161684678116],[30.610100274678935,-29.80315746398389],[30.610379581830706,-29.803100639450477],[30.610648528331545,-29.802922522934097],[30.610822743183302,-29.802757889203445],[30.610863548261605,-29.802447158020474],[30.610871520051887,-29.802386452499668],[30.610888289115923,-29.802362069944841],[30.611051080908382,-29.802125366681878],[30.611069881967122,-29.802098029394799],[30.611080293926388,-29.802089761533953],[30.611354790190944,-29.801871790531642],[30.611734293818532,-29.801666472291004],[30.611756498629418,-29.801669518480889],[30.611778915876044,-29.801672593809926],[30.611939319835706,-29.801694598847384],[30.612112866784255,-29.801701989358733],[30.612228120779825,-29.801635463857316],[30.612326366393511,-29.801578755575875],[30.61253970637982,-29.801496807687013],[30.612682939220086,-29.801451260170456],[30.612695482217582,-29.801436775994059],[30.612765119091858,-29.801357615326214],[30.612797900242004,-29.801305254364699],[30.612816799435645,-29.801249899355714],[30.612860231209822,-29.801224829771076],[30.612982853319942,-29.801154049984714],[30.613032382393143,-29.801022045823121],[30.61303395077082,-29.801017865799768],[30.613070539938622,-29.800920348635913],[30.61307351536388,-29.800906343103481],[30.613082545009625,-29.80086383991134],[30.613144392317004,-29.800801687174332],[30.613391368646131,-29.800737258566816],[30.613740356937338,-29.80069430616172],[30.613799580754883,-29.800682751115485],[30.613952633714181,-29.800652889108591],[30.613996921079334,-29.800641668956747],[30.614042102062626,-29.800627300899208],[30.614251353725262,-29.800534697274998],[30.61438193641445,-29.800476908086132],[30.614941248381008,-29.800519968824926],[30.615217998231905,-29.80054127456663],[30.61531160705071,-29.800569539014944],[30.615340317194956,-29.800578207801355],[30.615546704604231,-29.800640524515014],[30.615793282945646,-29.800714975975179],[30.615866896792042,-29.800750413521623],[30.615981562570688,-29.800805613248169],[30.616124043221234,-29.800874202739362],[30.616633412894505,-29.800915562211006],[30.616739251857549,-29.800924155804832],[30.616906309191723,-29.801087759036534],[30.617019021506081,-29.801146380323001],[30.617094038709237,-29.801185932644902],[30.617150840368524,-29.801209206633509],[30.617243112105804,-29.801230569374116],[30.617363346102842,-29.801219301989732],[30.617754956089541,-29.801267799646261],[30.617902981975416,-29.801285204145838],[30.617981674484792,-29.801304166636889],[30.618089008378039,-29.8013232118379],[30.618203550080352,-29.801329787745907],[30.618332436183813,-29.801330159961648],[30.618482732218197,-29.801349328887625],[30.618618778691612,-29.801349721491249],[30.618726112760093,-29.801368766176214],[30.618833517894306,-29.801369075940492],[30.618947941367104,-29.801406875927544],[30.619119576739497,-29.801463575723464],[30.619255623377622,-29.801463967672962],[30.619341713073826,-29.80142050053351],[30.619463509870851,-29.801402116191699],[30.619592396085853,-29.801402487179757],[30.619692529167583,-29.801415881710547],[30.61973553213824,-29.801421634076963],[30.619849956018822,-29.801459433286325],[30.619942851717397,-29.801509660525493],[30.620027004447142,-29.801564114730073],[30.620135547580539,-29.801605714877201],[30.619581674813528,-29.799670591648361],[30.618654107779118,-29.798327459974985],[30.618671501158861,-29.797204732345079],[30.617315138947802,-29.796203091021713],[30.61719654567024,-29.795625037754188],[30.617516454756057,-29.795541981072407],[30.618841889053314,-29.794209082414945],[30.619601635087985,-29.793916020077919],[30.620186777766627,-29.793327551164278],[30.622705314158825,-29.791455793338923],[30.622826907323706,-29.79110783766837],[30.622936960576308,-29.791022543227346],[30.622994260181596,-29.79036127276806],[30.623116299529293,-29.790342846163579],[30.623554659228066,-29.790200883377945],[30.623578896995276,-29.791036353682525],[30.623658310414619,-29.791752637933932],[30.624174130973596,-29.792852061012468],[30.624911908950132,-29.793140579506456],[30.625951503246888,-29.793215130768061],[30.626224086570382,-29.793502324946136],[30.626550515048439,-29.794028356681189],[30.626959307938311,-29.794483014232576],[30.627559661247592,-29.794938210328308],[30.628215456637406,-29.795202610847589],[30.628871343585665,-29.795443139781735],[30.629581173391006,-29.795898634014478],[30.630208649420616,-29.796425499887736],[30.630836832985693,-29.796761415986428]]]}},
{"type":"Feature","properties":{"sde_LDR_Mi":0.0,"CAT_NAME":"Bellair Stream","MAJ_CAT":"Umbilo River","Id":0,"Phase":"Phase7","OBJECTID":0,"Shape_Area":3666879.0937700002,"BlockName":"Westridge"},"geometry":{"type":"Polygon","coordinates":[[[30.986563636406611,-29.848324250864483],[30.986905328517885,-29.848438854766268],[30.987168219468412,-29.848133361694067],[30.987422304064967,-29.848171575999153],[30.987711424470106,-29.848301448744287],[30.988219599605458,-29.848339684914432],[30.989227167994343,-29.848614737936671],[30.989805406693346,-29.848973768498489],[30.990234569305862,-29.84917391923732],[30.990337180590728,-29.849434229063988],[30.990262782190708,-29.849736739851171],[30.99021317669834,-29.849996035431111],[30.990129465263436,-29.850266519618589],[30.989890886878289,-29.850428177442758],[30.989905996560456,-29.850669405615758],[30.989835869445329,-29.85098255696813],[30.989669359336265,-29.851303338731594],[30.989353853511808,-29.852006006736524],[30.98918734263184,-29.852303873939857],[30.989047107037063,-29.852693398705092],[30.988854286512456,-29.853182212432916],[30.988643958754224,-29.853502989089403],[30.988363516993275,-29.853953604648222],[30.988179454768176,-29.854427142138029],[30.988030441802614,-29.854885406590231],[30.98757471935113,-29.85555750531891],[30.987320544560546,-29.856084500619236],[30.986987481332868,-29.856794798729723],[30.986965662057244,-29.856783605589147],[30.986584361224441,-29.857146104632768],[30.986303870825765,-29.857810578468793],[30.986137348639826,-29.858054975834794],[30.986058449425343,-29.85831465818373],[30.986137261032326,-29.858688926528227],[30.98604959229769,-29.858994435683243],[30.985436078068751,-29.859880372679704],[30.985024123768326,-29.860590656696864],[30.984997795412784,-29.860857982221273],[30.985137937061406,-29.861285723670861],[30.985313153828038,-29.86156070972126],[30.985514630470536,-29.862041923227373],[30.983629866301861,-29.862355124491007],[30.983534127108321,-29.862553434100207],[30.983385118793603,-29.862782554088721],[30.983437671460692,-29.862935319792747],[30.983498981013419,-29.863126276340886],[30.98356892118678,-29.864126857056945],[30.983419896722083,-29.86443999451313],[30.983130657002956,-29.864776027801476],[30.982278189375862,-29.865142389533016],[30.981608780473696,-29.86535837069729],[30.981088102958172,-29.865639195182563],[30.9806417621745,-29.866071284916512],[30.980368931263921,-29.866611439429356],[30.980225209852144,-29.866824289220499],[30.979844066612735,-29.866799624074467],[30.979423429764701,-29.866784283277418],[30.978792460197742,-29.866830011119713],[30.978126423370849,-29.86693683374132],[30.977390340289578,-29.866768674814363],[30.976882141095921,-29.866447792871636],[30.975374961933145,-29.866004519170158],[30.97425337405847,-29.86557657990609],[30.97327190092043,-29.865545833030136],[30.972675980947056,-29.865622090545738],[30.972202698800267,-29.865866406180281],[30.971919350576499,-29.865925143541091],[30.971624332884584,-29.865835731321891],[30.971273868592661,-29.865606516982538],[30.970958476430493,-29.865316205811222],[30.970660607979962,-29.865041173674452],[30.970292631400884,-29.864781401001739],[30.970205099684662,-29.864445311359212],[30.970067583543422,-29.864219470766368],[30.969769062582284,-29.864082433167098],[30.969329113760338,-29.863959055367648],[30.968936308394937,-29.863849398503568],[30.968527769264472,-29.863780813792037],[30.968087780967696,-29.86378070185177],[30.96760062894672,-29.863807982342063],[30.967223495825269,-29.863876350131363],[30.96697204035727,-29.863972158317967],[30.966594863098493,-29.864095324397312],[30.966327682724664,-29.864218520204844],[30.966005483634529,-29.864396485171177],[30.965958296981665,-29.864519739397789],[30.965631256378487,-29.863755851564814],[30.965625772735116,-29.863332562572868],[30.965603301090358,-29.8630143563683],[30.965332469047858,-29.862434855170722],[30.965259909748987,-29.862264807318592],[30.965284890716589,-29.861746218198885],[30.965359507465021,-29.861076385571728],[30.965295429029496,-29.860559333381357],[30.965186355451113,-29.8600391430044],[30.965087353925561,-29.859606949433509],[30.965037877110909,-29.859326028128802],[30.96493886937342,-29.858915441961415],[30.964938980283407,-29.858612925284127],[30.96501348527347,-29.858245603829502],[30.965112763691412,-29.857921504894257],[30.965224537452844,-29.857316498155544],[30.965472593865922,-29.856841173293923],[30.965526354066974,-29.856604573861929],[30.9655119198211,-29.856362326860864],[30.965469555279224,-29.856148190790769],[30.965325540446145,-29.855913326657728],[30.965176163966714,-29.855718478345988],[30.965026876621483,-29.855522892188706],[30.964952556644182,-29.855393227941793],[30.964927845124006,-29.855155566027786],[30.965002263912094,-29.855004343574226],[30.965622219244029,-29.854356317940546],[30.965944578013939,-29.854053908915262],[30.96629170830726,-29.853794718768874],[30.966514908496237,-29.853513899574356],[30.966688547039354,-29.853168226709489],[30.966812636427512,-29.852736108116073],[30.967035923022024,-29.852174367768509],[30.967023723465626,-29.85165575379969],[30.966974272536916,-29.851288407048205],[30.966974324388833,-29.851137152141469],[30.967048754406669,-29.850942701536997],[30.967148022967951,-29.850597002134236],[30.96734639817241,-29.850380976336336],[30.967495168257489,-29.850251368396989],[30.967781628447359,-29.850145894984859],[30.967990923007896,-29.850057088833111],[30.968189230578616,-29.850035530965545],[30.968387532291967,-29.850035581293085],[30.968536257801201,-29.850035618617511],[30.968709771412922,-29.850035662552443],[30.968906727734289,-29.850414736776692],[30.969114734724833,-29.850701209423526],[30.969355555025011,-29.8511356749855],[30.969462305867232,-29.851252656103007],[30.969599173387131,-29.851379191529251],[30.969750423006399,-29.85154844533006],[30.969998129441208,-29.852110312615764],[30.970171473420461,-29.85267216171075],[30.970270552836272,-29.852909872882002],[30.970394429003058,-29.853125982852713],[30.970667016129603,-29.853406953074],[30.970952044628334,-29.853536669689166],[30.97122484205196,-29.853126183568474],[30.971423117037446,-29.853234270852383],[30.971671109683342,-29.852866993585241],[30.972018235212634,-29.852564562334326],[30.972191803181087,-29.852391738326567],[30.972365376502818,-29.852197305599677],[30.972489384856782,-29.851959646247547],[30.9727621520348,-29.851613979603734],[30.973010162293459,-29.851225047036923],[30.973059803937222,-29.85098736918572],[30.97313423465987,-29.850749697254965],[30.973233463743057,-29.850468815120752],[30.973357474674394,-29.850209545493758],[30.973649168041199,-29.850078083866986],[30.973898917151999,-29.84994065001391],[30.974398349016795,-29.849917833876169],[30.974805845887548,-29.849637216854617],[30.974968843987774,-29.849475240489834],[30.97516716168218,-29.849410456051093],[30.975514210958739,-29.849324092282998],[30.975811694241706,-29.849194501537006],[30.976220725713404,-29.849043323557893],[30.97669169089346,-29.849043412035815],[30.977038717815002,-29.849043476440119],[30.977509696491552,-29.848978738312493],[30.977542215142702,-29.848959121743814],[30.977780618208683,-29.849051536658262],[30.978260330769725,-29.849028702590001],[30.978772907053862,-29.848971501196178],[30.979042343618723,-29.848914259448907],[30.979351214894315,-29.848822652452963],[30.979653517774711,-29.848713858285823],[30.980205534215948,-29.848582187176984],[30.98100724984954,-29.84849637773587],[30.981624972047008,-29.848387624037237],[30.982820921013186,-29.848542453958519],[30.983359754627308,-29.848622721656856],[30.983701459675711,-29.848641381828163],[30.98382742132965,-29.84856979133129],[30.983917816562471,-29.848321568289695],[30.984054769622258,-29.847999357950922],[30.983986342905673,-29.847848977090795],[30.983728987579806,-29.847731989178946],[30.98310746883303,-29.847660305145791],[30.982767995438223,-29.847421574636698],[30.983138276611623,-29.846815358307921],[30.983388101329293,-29.846093601424631],[30.98351957687515,-29.845772822962893],[30.984478974933431,-29.845681283504057],[30.984084935030612,-29.844249116151492],[30.983809077746741,-29.843470008963383],[30.982772914162183,-29.843011599208118],[30.982181576189248,-29.842748010505801],[30.981905673778787,-29.842324065186205],[30.98184000004856,-29.842129287710893],[30.981695469851861,-29.841968870198261],[30.981800645369582,-29.841739745353614],[30.982037214723153,-29.841636665016626],[30.982851927914133,-29.842060681161964],[30.983508963156666,-29.84238155994996],[30.98408712974787,-29.842839909585155],[30.984533873582716,-29.843355526166373],[30.984967447409051,-29.844088822040874],[30.985151383210734,-29.844444008760352],[30.985190782377121,-29.844627324614894],[30.985098767300425,-29.844764797834316],[30.985151278123979,-29.845154340513712],[30.985308866702177,-29.845956345523277],[30.985547516735323,-29.846659065484964],[30.985643815384623,-29.847209010081023],[30.985985427985288,-29.847858274465317],[30.986195663099512,-29.848186729416003],[30.986563636406611,-29.848324250864483]],[[30.984393504467999,-29.855850394462681],[30.983637732357209,-29.855955324961322],[30.983927992503812,-29.855917170796676],[30.984393504467999,-29.855850394462681]]]}},
{"type":"Feature","properties":{"sde_LDR_Mi":0.0,"CAT_NAME":"Umkumbaan River","MAJ_CAT":"Umbilo River","Id":0,"Phase":"Phase7","OBJECTID":0,"Shape_Area":2802755.3819499998,"BlockName":"Wiggins"},"geometry":{"type":"Polygon","coordinates":[[[30.961154362653083,-29.843054857155234],[30.961347548813258,-29.843314893045324],[30.961424114616296,-29.843563149677156],[30.961850977714182,-29.844222049123442],[30.962299886230046,-29.844518149592293],[30.96249687470938,-29.844900104446648],[30.962682923520706,-29.845253413489953],[30.962903906795482,-29.845922380884229],[30.962903847117111,-29.846081042317376],[30.962965713705856,-29.846210602387295],[30.963466596191353,-29.846062860070045],[30.963738200568599,-29.846070572900206],[30.963930912861539,-29.846185195281354],[30.964071039941231,-29.846345630925068],[30.964360122113938,-29.846483192779214],[30.964719327169497,-29.846536755043935],[30.965122348406133,-29.846567413990631],[30.965875796230957,-29.846705094347008],[30.96754912158978,-29.847125604644017],[30.968320076088517,-29.847339655074041],[30.970142352495046,-29.847821271907495],[30.970869462855674,-29.848195694923596],[30.971167356518237,-29.848211036243292],[30.971456542872716,-29.848035425715302],[30.971684377073128,-29.847928543156563],[30.97216628241118,-29.847882817774224],[30.972691956203633,-29.847982221159914],[30.972902201676575,-29.848112109991288],[30.972954714242974,-29.848325983964113],[30.972796905992599,-29.848684936205125],[30.972560303232612,-29.84881473276219],[30.972218535326995,-29.849028524488745],[30.972087064009475,-29.849188894148316],[30.971920502294711,-29.849502015621621],[30.971894165488607,-29.849685321300807],[30.97206055321157,-29.849998513371251],[30.972323390198852,-29.850067310446633],[30.972638821717066,-29.850052100241406],[30.972884145810479,-29.850082702722915],[30.973182029056218,-29.850159143249968],[30.973363580790256,-29.850202705258202],[30.973357474674394,-29.850209545493755],[30.973233463743057,-29.850468815120752],[30.97313423465987,-29.850749697254965],[30.973059803937222,-29.85098736918572],[30.973010162293466,-29.851225047036923],[30.9727621520348,-29.851613979603734],[30.972489384856782,-29.851959646247529],[30.972365376502818,-29.852197305599677],[30.972191803181087,-29.852391738326567],[30.972018235212634,-29.852564562334319],[30.971671109683342,-29.852866993585241],[30.971423117037446,-29.853234270852383],[30.97122484205196,-29.853126183568474],[30.970952044628334,-29.853536669689166],[30.970667016129603,-29.853406953073993],[30.970394429003058,-29.853125982852713],[30.970270552836272,-29.852909872882002],[30.970171473420461,-29.85267216171075],[30.969998129441208,-29.852110312615764],[30.969750423006399,-29.85154844533006],[30.969599173387131,-29.851379191529251],[30.969462305867232,-29.851252656103007],[30.969355555025011,-29.8511356749855],[30.969114734724826,-29.850701209423526],[30.968906727734289,-29.850414736776692],[30.968709771412922,-29.850035662552443],[30.968536257801201,-29.850035618617511],[30.968387532291967,-29.850035581293085],[30.968189230578616,-29.850035530965588],[30.967990923007896,-29.8500570888331],[30.967781628447359,-29.850145894984859],[30.967495168257489,-29.850251368396989],[30.96734639817241,-29.850380976336336],[30.967148022967951,-29.850597002134236],[30.967048754406669,-29.850942701536997],[30.966974324388833,-29.851137152141469],[30.966974272536916,-29.851288407048205],[30.967023723465626,-29.85165575379969],[30.967035923022024,-29.852174367768509],[30.966812636427512,-29.852736108116073],[30.966688547039354,-29.853168226709489],[30.966514908496237,-29.853513899574356],[30.96629170830726,-29.853794718768874],[30.965944578013939,-29.854053908915262],[30.965622219244029,-29.854356317940546],[30.965002263912094,-29.855004343574233],[30.964927845124006,-29.855155566027786],[30.964952556644182,-29.855393227941793],[30.965026876621483,-29.855522892188706],[30.965176163966714,-29.855718478345988],[30.965318489009341,-29.855901826909868],[30.965469555279224,-29.856148190790769],[30.96551110775922,-29.856348698157408],[30.965526354066974,-29.856604573861922],[30.965472593865922,-29.856841173293923],[30.965224537452844,-29.857316498155544],[30.965112763691412,-29.857921504894257],[30.96501348527347,-29.858245603829527],[30.964938980283407,-29.858612925284127],[30.96493886937342,-29.858915441961415],[30.965037877110909,-29.859326028128802],[30.965087353925561,-29.859606949433509],[30.965186355451113,-29.8600391430044],[30.965296749538513,-29.860565631078778],[30.965359507465021,-29.861076385571728],[30.965284890716589,-29.861746218198885],[30.965259909748987,-29.862264807318592],[30.965395639961283,-29.862551143174301],[30.965603301090358,-29.8630143563683],[30.965625772735116,-29.863332562572868],[30.965631256378487,-29.863755851564814],[30.965958296981665,-29.864519739397789],[30.965659581772496,-29.864930547261235],[30.965392321953892,-29.865259185994042],[30.965093645123179,-29.865546738804206],[30.964949714935912,-29.865628871764194],[30.964543750475809,-29.86548935690768],[30.964133085638988,-29.865178954187947],[30.963092500732945,-29.865059324368918],[30.962188842835452,-29.864939725636528],[30.961203235627952,-29.864294987436097],[30.960053352806668,-29.863602455007406],[30.959669969282064,-29.863602338442945],[30.959040085933037,-29.863697618931102],[30.958738895017508,-29.863602050722552],[30.958437783807046,-29.863315533012674],[30.958465326419805,-29.862933643987727],[30.958492799675884,-29.862718835166138],[30.958465573529484,-29.862336928875575],[30.958410904118697,-29.862098225573813],[30.958465761327872,-29.861883425354218],[30.958739729649036,-29.861573219319528],[30.958931476168974,-29.861430067435748],[30.958876786568865,-29.861239101513],[30.958520884810785,-29.861024172657189],[30.958110207061829,-29.860833094081475],[30.957589995964991,-29.86064197908393],[30.957179301177835,-29.860498634828637],[30.956878121643008,-29.860403062339682],[30.956522206447048,-29.860235865301185],[30.956193613465995,-29.860211888065791],[30.955289954326467,-29.860211585135986],[30.954276902203134,-29.859900946169848],[30.953674630007075,-29.859542706957388],[30.953127217998176,-29.85899353551271],[30.953017874935846,-29.858587730097916],[30.952908443117078,-29.858372873516245],[30.952497888653312,-29.857966959857059],[30.951950388787704,-29.857632601006365],[30.951649280373339,-29.857417673457864],[30.951512847021526,-29.856557940447175],[30.951168693300758,-29.856516898077491],[30.950938414469519,-29.856551715717931],[30.950750037795412,-29.856580208496556],[30.950568608780323,-29.856610258861661],[30.950501359261398,-29.856594843507558],[30.950404953867746,-29.856572744192494],[30.950375788600173,-29.856574070802349],[30.950283085919875,-29.856331302678079],[30.950151730332244,-29.856168946472618],[30.950086235576872,-29.855720191478486],[30.950064429465854,-29.855519686728229],[30.9499112075999,-29.855280942368793],[30.949834642292117,-29.855070869330081],[30.94986761066448,-29.854851290419706],[30.949933461215554,-29.854583986695463],[30.950185565891708,-29.854202183870665],[30.950361041941342,-29.853734424658235],[30.95055840760795,-29.85329531574423],[30.950690065087208,-29.852837087070125],[30.950985233302958,-29.852100849325389],[30.951379830718555,-29.851470862961701],[30.951555185781732,-29.851232240938156],[30.951675787020697,-29.850974503727564],[30.951708750005221,-29.850754924215035],[30.951665009344314,-29.850611696313447],[30.951588420880881,-29.850449361435633],[30.951522812698915,-29.850229745778041],[30.951676214616878,-29.85008659009425],[30.951884382287467,-29.849933906734005],[30.952136385867348,-29.849723954169974],[30.952651261030166,-29.849475905786857],[30.952979985752901,-29.849141862075218],[30.95331970489654,-29.848712346785867],[30.953966212479962,-29.847996513980522],[30.954130611958227,-29.847738789654446],[30.954612758333756,-29.847175655823062],[30.955050899036159,-29.847042141165257],[30.95565339439036,-29.846736825960168],[30.956222988616474,-29.846526971750258],[30.956737800248206,-29.846364834473139],[30.95740587219937,-29.846355504170216],[30.957745510713849,-29.846050094340576],[30.957877133848363,-29.845572763021327],[30.958019659602126,-29.845210004621357],[30.958129408679625,-29.844656286281417],[30.958140475897761,-29.84437941318193],[30.958074853335798,-29.844169348035354],[30.95798730772589,-29.844007013227507],[30.957998323324819,-29.84385425720998],[30.958129874660063,-29.843539232457562],[30.958184696421508,-29.843386490294126],[30.958447618012269,-29.843186076385329],[30.958666653666313,-29.843176597645979],[30.959214229044431,-29.843186315353261],[30.959816566290414,-29.843186499992093],[30.960506523746556,-29.843167613171566],[30.961154362653083,-29.843054857155234]],[[30.96416934622798,-29.84707699356068],[30.963756880931065,-29.847147307606971],[30.963926195102488,-29.847122755200981],[30.96416934622798,-29.84707699356068]],[[30.954356288214875,-29.855746713330394],[30.954275462062299,-29.855800185988027],[30.954338485043557,-29.855760979110251],[30.954356288214875,-29.855746713330394],[30.954448054504734,-29.855673180390802],[30.95450338299063,-29.855619826800346],[30.954356288214875,-29.855746713330394]]]}},
{"type":"Feature","properties":{"sde_LDR_Mi":0.0,"CAT_NAME":"Havenside Stream","MAJ_CAT":"Umlaas River","Id":0,"Phase":"Phase7","OBJECTID":0,"Shape_Area":6565330.2326300004,"BlockName":"Lamontville"},"geometry":{"type":"Polygon","coordinates":[[[30.94627272858758,-29.929449944271628],[30.946715312157856,-29.93014158182234],[30.947166933428555,-29.931179716236933],[30.947502217829605,-29.931703607623763],[30.947935331069743,-29.932550091089325],[30.947906672436417,-29.932906578799297],[30.947965700051284,-29.933221664340991],[30.949030996351535,-29.933525685926217],[30.949252563819353,-29.933507903307664],[30.94926310201938,-29.933524369957425],[30.949921200148292,-29.93413616573125],[30.951411764259429,-29.934556806442934],[30.952803704343818,-29.934939205659159],[30.95325365861655,-29.935035173449833],[30.953301003487748,-29.935393836036212],[30.95330066464053,-29.936119433512097],[30.953081044418777,-29.936940426392955],[30.952896437400753,-29.938337881053094],[30.952820978092852,-29.938381480028941],[30.952715418824656,-29.938775930586452],[30.952651485826518,-29.938855575530475],[30.952577538624691,-29.939022894551183],[30.952497751519548,-29.939100605907299],[30.952445918258356,-29.939140900633213],[30.95249593779085,-29.939235919692351],[30.952539846543676,-29.939306367612414],[30.952497592054868,-29.939425356709137],[30.952311025982013,-29.939687948980271],[30.952343628099563,-29.939877922205799],[30.952495597783873,-29.939918849779986],[30.952452551116171,-29.940226244755387],[30.952381980747173,-29.94036000732866],[30.952213824078424,-29.940589881199863],[30.952222486668518,-29.940717362135018],[30.952177509471728,-29.941011007254215],[30.952243532847998,-29.941116930555086],[30.952262764242693,-29.941278317426942],[30.952245355433213,-29.941581902930189],[30.952495037521913,-29.94167132980688],[30.952542234296033,-29.941684363324182],[30.952542221449367,-29.941711426557749],[30.952573294762502,-29.941711437742143],[30.952680275020782,-29.941837144337228],[30.952651640043534,-29.942390317433528],[30.952484144387547,-29.94257255420662],[30.952459078251579,-29.942747462067533],[30.952479554061547,-29.942793918079541],[30.952309741732758,-29.942916642636504],[30.951903453567784,-29.942941547439712],[30.951874675766277,-29.942970608260023],[30.951841279067914,-29.942995650300613],[30.951777135088069,-29.943084749681166],[30.951785192906186,-29.943172542145753],[30.951778264482559,-29.943247239543581],[30.951716837336068,-29.943293294913602],[30.951687979871203,-29.943484733244237],[30.951653512523816,-29.943538482615406],[30.95165970810859,-29.943538547799353],[30.951679182473516,-29.943721706748239],[30.951470619964145,-29.944284922278655],[30.951174260191479,-29.945039051399871],[30.950987627017557,-29.945583179526519],[30.950779155439683,-29.94594590007593],[30.950548751893077,-29.946318159368424],[30.950296458793673,-29.946614031416178],[30.949616504004478,-29.947119781214159],[30.948914445528576,-29.947959675059803],[30.948431495160985,-29.949076523169968],[30.948222868517536,-29.949706564268812],[30.94817879775103,-29.950126628845776],[30.947915619231868,-29.950241092880656],[30.947582924683843,-29.950439151049974],[30.947497614742531,-29.95139902139594],[30.947490899280425,-29.951402286150337],[30.947789664013854,-29.951824942472967],[30.948156524218643,-29.952627061562175],[30.947959959987486,-29.953231094317985],[30.9480067654229,-29.953239070273501],[30.948077326953317,-29.95335848284525],[30.948076014972546,-29.953413255517038],[30.948231957217192,-29.953522976912257],[30.948645365846421,-29.953743845285938],[30.948609359858445,-29.954709270310342],[30.947759008812525,-29.954560824635006],[30.946494304904029,-29.954340034463719],[30.946069459754778,-29.954339861274494],[30.945142261578795,-29.954371937129871],[30.944639780513992,-29.954324079236681],[30.944548253302894,-29.954315361645047],[30.944205709641444,-29.954183941551715],[30.943890643177685,-29.953933190898297],[30.943425037243809,-29.953312416663781],[30.943260691174263,-29.953121399789421],[30.942920845416037,-29.952866019592165],[30.942562097057827,-29.952536324332595],[30.942219603512864,-29.952333294231615],[30.94198680180931,-29.952034838447918],[30.941781444905494,-29.951676723663375],[30.941480173580779,-29.951294697699975],[30.941206242771738,-29.951032024650701],[30.941053930256807,-29.950776628813639],[30.941028263867764,-29.950733591567271],[30.940590006582088,-29.950267963145379],[30.940432086901449,-29.950102761046434],[30.939923767140151,-29.949771557672516],[30.939325018210283,-29.94966033064285],[30.939282059823373,-29.949613095232497],[30.938932201568541,-29.949622761595275],[30.938575860024148,-29.949682266712475],[30.938519379119676,-29.949687000094194],[30.938319991007976,-29.949730081356453],[30.938227873987213,-29.949773783170187],[30.93813214334407,-29.949856519184589],[30.937826482659155,-29.95000783002957],[30.937028422354846,-29.950292399722226],[30.936807563303205,-29.950433281701923],[30.936601111271241,-29.950516140042456],[30.936325717150002,-29.95080532445925],[30.936007003197165,-29.950989583211665],[30.935589379841399,-29.951361224449787],[30.935351668117193,-29.951534234009053],[30.935202710131076,-29.951636250433104],[30.935114403226329,-29.951700644445616],[30.935026539431856,-29.951771639329383],[30.934935561831285,-29.951827877763836],[30.934386686190201,-29.952215538464433],[30.935061810933696,-29.95291206889647],[30.934907038454629,-29.952946591017607],[30.933891656750284,-29.9535216157802],[30.933438073716001,-29.954212661448011],[30.932775078573385,-29.954360533696754],[30.932281572209913,-29.954640016870307],[30.931905259939366,-29.95591367137132],[30.931108015490125,-29.95617296150083],[30.930729531700539,-29.956387277513691],[30.930398076477431,-29.956461162124814],[30.926386069976814,-29.956087174467907],[30.925693925710238,-29.955435734429059],[30.925719413647251,-29.954883394788382],[30.92352702223863,-29.955188017729679],[30.923364946278163,-29.955655839538377],[30.923349260118933,-29.955671670490005],[30.92325860031707,-29.954371573118067],[30.922975935884462,-29.953699861553158],[30.923403752555114,-29.952687502220606],[30.923250114143485,-29.952027009727409],[30.922856250535261,-29.951411269005781],[30.924958772211195,-29.951260361729332],[30.92519767301085,-29.951197872422224],[30.925126466537233,-29.948420077984473],[30.924897460819935,-29.94805250514403],[30.923509904545941,-29.947826127191856],[30.922175733730985,-29.946523940491449],[30.921337990217715,-29.946059234199982],[30.920407615331669,-29.945430407645095],[30.919729457916372,-29.944768506424705],[30.919476362573171,-29.944052907898644],[30.919488850475268,-29.944045356770189],[30.92050992646093,-29.9433276455702],[30.921585917298863,-29.942959973154785],[30.92228724661609,-29.942856653382197],[30.922618946453039,-29.942420146390116],[30.923295240250347,-29.941338210062476],[30.924236913763206,-29.941031959571756],[30.924455989858831,-29.940755972664967],[30.924787396301237,-29.940682102741306],[30.924901188984666,-29.940599897191941],[30.924662309160389,-29.940284498940272],[30.924267973709959,-29.939883285193648],[30.92382951659015,-29.939844843239179],[30.923478903122565,-29.939615504284305],[30.923194342556624,-29.939023404391019],[30.922975557329462,-29.938431342285106],[30.922822605223374,-29.937762939678318],[30.922625778204807,-29.937132700410814],[30.922714048598866,-29.936388060254743],[30.92376710653798,-29.935433940057301],[30.924929702678448,-29.934556252397428],[30.926468075942978,-29.933868432730041],[30.927175113991566,-29.934074871366068],[30.927835107565976,-29.934317455022931],[30.928588114273449,-29.934843344312601],[30.928330726809907,-29.935425416525248],[30.929279209264298,-29.935345291091824],[30.930034947910194,-29.934524251335187],[30.930630223678946,-29.933833777753364],[30.931573460870791,-29.933032294302691],[30.932470548279134,-29.931982263504487],[30.933065170583507,-29.93160095911983],[30.933686451825526,-29.931363516443326],[30.935177900991121,-29.930249128609322],[30.935862226387183,-29.929699536301964],[30.936695048048641,-29.930043643208283],[30.937382561990159,-29.929367485784397],[30.93801062378428,-29.929647098827843],[30.938799668881131,-29.929891879479957],[30.939460933720429,-29.929910381659255],[30.939648193463789,-29.929663134373168],[30.940043715641998,-29.928120463771702],[30.940356606598776,-29.927907727698905],[30.940751258145646,-29.927804794289063],[30.942080300008495,-29.928026855447413],[30.943527004172186,-29.9282566193836],[30.945390208769389,-29.92852473000374],[30.946143298553313,-29.929090270537088],[30.94627272858758,-29.929449944271628]],[[30.938584118743435,-29.934623441290544],[30.93884024140425,-29.935242227792063],[30.9383345796867,-29.933998928913148],[30.938452784236691,-29.93429113269384],[30.938584118743435,-29.934623441290544]],[[30.925452043121016,-29.939673918947996],[30.925383351941615,-29.93978938894897],[30.926246080145088,-29.939050953254768],[30.925452043121016,-29.939673918947996]]]}},
{"type":"Feature","properties":{"sde_LDR_Mi":0.0,"CAT_NAME":null,"MAJ_CAT":null,"Id":0,"Phase":"Phase6","OBJECTID":152,"Shape_Area":3267270.9672099999,"BlockName":"CBD Point Sub Catch"},"geometry":{"type":"Polygon","coordinates":[[[31.031602438335316,-29.84814975410109],[31.031600858261939,-29.848955335700889],[31.031883774463143,-29.849293350958099],[31.032092243092688,-29.848765467830191],[31.032788805182861,-29.848156182056318],[31.034479282989299,-29.84801972250926],[31.035200592436411,-29.847688542265733],[31.035314818117541,-29.847706286256741],[31.035480924601245,-29.849006250103582],[31.036107571246035,-29.849202747065959],[31.036356170265602,-29.849382097123321],[31.036855047979071,-29.849688712318979],[31.037055977156509,-29.849799708034489],[31.037096959345668,-29.849837793079793],[31.036338292858836,-29.850713146630977],[31.036047606041897,-29.851131516091478],[31.036316609549143,-29.851749199969916],[31.036137990243247,-29.851856298178394],[31.036285906898204,-29.852139020901802],[31.036451937052,-29.853273588867726],[31.036797919564734,-29.853712882212154],[31.036892564664729,-29.853429132727761],[31.036994724971397,-29.853306248920443],[31.037006165107865,-29.853332516354079],[31.037659106524387,-29.852952818835959],[31.03831259577623,-29.85416711989356],[31.039223687759712,-29.854091238499294],[31.039227302774901,-29.854099405219682],[31.039260478035427,-29.854816909976897],[31.039154411398815,-29.855054509325495],[31.038790214494995,-29.855109050732555],[31.038801415317664,-29.855127576983069],[31.038661279061539,-29.8551537930968],[31.038661429857626,-29.855601506993455],[31.038396507882741,-29.855759326254567],[31.038516045655705,-29.856266101395491],[31.038591950315013,-29.856556393969583],[31.038481925648966,-29.856847617668077],[31.038718951665896,-29.8571134499255],[31.038801125491617,-29.85753037553032],[31.039171713081657,-29.858322490268584],[31.039606547364013,-29.859630885502465],[31.03943217449282,-29.860185892550561],[31.039443779703333,-29.860280906586361],[31.039359665352524,-29.860390983907951],[31.039392098823399,-29.861696961125471],[31.03920400236899,-29.86202683991019],[31.038913057205132,-29.86208362776787],[31.038459508808057,-29.862254033806778],[31.037997023425202,-29.861961788287914],[31.037294246575367,-29.8607376003059],[31.037269910989561,-29.860695208483211],[31.036449001321344,-29.860651926663152],[31.035384107597697,-29.860857608130583],[31.034358988446108,-29.861049932829125],[31.033350607475793,-29.861352053971046],[31.033036457330098,-29.86126633692626],[31.032878715435437,-29.861220386276091],[31.032470954565277,-29.861848286237318],[31.032417439602412,-29.861880403095757],[31.031140936284533,-29.862018223064762],[31.030553465142809,-29.862022970158094],[31.030553183680322,-29.862022663942692],[31.030466603018187,-29.861928468915469],[31.030279855476241,-29.861696447187956],[31.029514150171707,-29.861746017915799],[31.028419238815008,-29.861816894066006],[31.026815392101465,-29.861903791497291],[31.026702076425508,-29.861860453214298],[31.026629434568544,-29.861913865210674],[31.026442323004282,-29.861924002041587],[31.025704817004119,-29.862012171954156],[31.025469180857591,-29.862038892378461],[31.023648325906631,-29.862116585994933],[31.023360670824353,-29.862167318250762],[31.022573810065612,-29.862371161713444],[31.022354599506986,-29.862313745766112],[31.022245244313762,-29.862453220094892],[31.02150841415482,-29.862596054698496],[31.020638773051527,-29.862873199039456],[31.02112686894468,-29.863181313590829],[31.021191175773136,-29.86337335715945],[31.021078000081285,-29.863642784928714],[31.020631178561747,-29.863584171786108],[31.019829375495149,-29.863610969404778],[31.019567577257433,-29.863769658679775],[31.019257158155071,-29.863957818632642],[31.018183121217849,-29.864763530420657],[31.01750379902689,-29.865222418096959],[31.017271237590197,-29.865387828705853],[31.017394157749919,-29.866031295480411],[31.017125348136318,-29.866206675383768],[31.016046595932064,-29.865985055777873],[31.015011961809968,-29.865199686675226],[31.014905639539421,-29.863627469183097],[31.014565486329019,-29.863627507150841],[31.014553996997698,-29.863001612072409],[31.014861727432354,-29.862978107362455],[31.014825620230987,-29.862444170704894],[31.01482554350239,-29.861876069412585],[31.014825439416661,-29.861101859119767],[31.014644878079181,-29.860910312471709],[31.014825386502245,-29.860708846412017],[31.014986781390807,-29.860666869725133],[31.015157683256401,-29.860219780686734],[31.014825307822758,-29.860127497349346],[31.014825220670719,-29.859481802770993],[31.015228925779695,-29.8584704521041],[31.0148250662224,-29.858338713749241],[31.014825019807496,-29.857996630936906],[31.014382133989489,-29.856797304671357],[31.014444805641716,-29.856697949190522],[31.014678455232247,-29.856697923422114],[31.014860838421463,-29.856851893049651],[31.015035735187858,-29.857031789291472],[31.015164982775879,-29.856439969546749],[31.014853571418232,-29.855462954155897],[31.014951492800304,-29.855222082503399],[31.014837091681997,-29.855241284400869],[31.014777920003176,-29.855225604073514],[31.014739701498037,-29.855105696760816],[31.014171139474882,-29.854486319226623],[31.014318124910481,-29.854045615019675],[31.014849089855471,-29.853593539172561],[31.018496438386862,-29.852937948132777],[31.018737653427102,-29.852853824791126],[31.018737610204049,-29.852622372316031],[31.019345333078046,-29.852534846673137],[31.019250815791025,-29.851953655942896],[31.019120926859273,-29.851526771603474],[31.018979154688154,-29.850657557484414],[31.01907355870015,-29.850657543882335],[31.019226980648934,-29.850734671882197],[31.019474785066375,-29.850693488949442],[31.019634011577175,-29.850281992850746],[31.019647760612919,-29.84990039378917],[31.020107589457773,-29.849600426288728],[31.021097306300906,-29.850179612843686],[31.021048436892428,-29.850974210214815],[31.020679067424133,-29.851957636661609],[31.020935161582891,-29.85195598872955],[31.020940060168087,-29.851938446222615],[31.022038524035043,-29.851555640319948],[31.022486619254714,-29.851363727064033],[31.02281911252344,-29.850805807752955],[31.022829982017054,-29.849933479650797],[31.022696972957412,-29.849154982362183],[31.022200215494998,-29.848556036967363],[31.02247415916964,-29.848165484171535],[31.022811595776759,-29.848136015369462],[31.023812829308266,-29.847680422735017],[31.024479994532776,-29.847725924609776],[31.024591963770316,-29.847766095999308],[31.024866273589758,-29.848218764071351],[31.025642549431538,-29.847805204294112],[31.026033201693327,-29.847831842367171],[31.026338080240841,-29.848363121175179],[31.026420497700602,-29.848351974344968],[31.026441796443827,-29.848314817137975],[31.026438670345826,-29.848064080492037],[31.026515168452978,-29.848069399395197],[31.026521349849222,-29.848301464230701],[31.026897702006632,-29.848256042104961],[31.02688235354244,-29.848071992730922],[31.026943551112257,-29.848071980259039],[31.026952768863897,-29.84821601911187],[31.027283214046673,-29.848141263768156],[31.027292349178019,-29.847975881476078],[31.027619752675669,-29.847967810691628],[31.027622860129021,-29.848143860731458],[31.027649673106076,-29.848185715331574],[31.028243437449792,-29.848105398350487],[31.028308291979194,-29.848218403065122],[31.029584207967538,-29.848050075418897],[31.029703384355518,-29.84751389657217],[31.029807333941459,-29.847228459224191],[31.029828720508601,-29.847136672607888],[31.030413740976684,-29.847009027077792],[31.030446691511809,-29.846737507222983],[31.030642516418226,-29.846726791642897],[31.030996069573359,-29.846881966866945],[31.031602438335316,-29.84814975410109]]]}},
{"type":"Feature","properties":{"sde_LDR_Mi":0.0,"CAT_NAME":null,"MAJ_CAT":null,"Id":0,"Phase":"Phase6","OBJECTID":0,"Shape_Area":10694648.839400001,"BlockName":"CBD Point"},"geometry":{"type":"Polygon","coordinates":[[[31.039478168982573,-29.811758063955498],[31.039402167030154,-29.811777061722633],[31.039284163999305,-29.811815057717901],[31.039166160973597,-29.811859053332267],[31.039106159393853,-29.811905049623967],[31.039068158386854,-29.811937047097015],[31.039042157671094,-29.811971044613156],[31.03903615742426,-29.812015041785553],[31.03904515754342,-29.81205903916894],[31.039040157291456,-29.812111035862007],[31.039045157382031,-29.812124035122608],[31.039057157635131,-29.812141034231797],[31.039063157744412,-29.812156033382266],[31.039085158206767,-29.812187031760281],[31.039112158772205,-29.812225029773355],[31.039148159536044,-29.812271027415175],[31.039192160514219,-29.812311025540616],[31.039246161777989,-29.812339024547843],[31.039314163372651,-29.812374023312188],[31.039394165316835,-29.812395023106394],[31.039473167280821,-29.812404023627259],[31.039486167609443,-29.812404023804422],[31.039604170556139,-29.812418024541252],[31.039883177554337,-29.812460025704755],[31.04010418314525,-29.812496026431116],[31.040295188096437,-29.812505028409397],[31.040440191884581,-29.812511029951516],[31.040556194941857,-29.812513031351571],[31.040716199169957,-29.812519033072299],[31.040875203369765,-29.812532034336126],[31.040907204130068,-29.812557033206797],[31.040951205154979,-29.812595031428934],[31.040960205371654,-29.812601031174843],[31.040974205747847,-29.812601031355971],[31.04103720724649,-29.812647029330559],[31.041054207647662,-29.812660028747906],[31.041073208150596,-29.812662028869685],[31.041113209202436,-29.812668029015253],[31.04117621088135,-29.812673029517811],[31.041208211701939,-29.812683029312495],[31.041227212184555,-29.812690029124955],[31.041294213936098,-29.812704029121509],[31.041307214297948,-29.81270202941138],[31.041370216193631,-29.812662032683406],[31.041966233829143,-29.812404056146558],[31.041004180905393,-29.814988856639999],[31.040808172184562,-29.815590817540198],[31.040678165756859,-29.816060787439351],[31.040430154925783,-29.816712745263214],[31.040157141237398,-29.817610688413069],[31.040003133949153,-29.818040661191024],[31.039797123719897,-29.818650622967088],[31.039541109210969,-29.819569566509028],[31.039358097776596,-29.820304522078409],[31.039106086779366,-29.820803491195363],[31.038916077874429,-29.821229465302832],[31.038807044857965,-29.821776433526455],[31.038563031703656,-29.822648382112721],[31.03843502329531,-29.82322234810928],[31.038443015530646,-29.823926305676849],[31.038281000063623,-29.824872245495399],[31.037953940778941,-29.826094208920882],[31.037749920597445,-29.826874157248749],[31.037587905408536,-29.827460118373455],[31.037530892222239,-29.828068079562037],[31.037482876722109,-29.82882403164967],[31.037473863831895,-29.829504988939789],[31.037406848806818,-29.830249941435497],[31.037448841397307,-29.830713912883166],[31.037435836411305,-29.830978896081792],[31.037330828797774,-29.831281875706914],[31.037276828413191,-29.831640879276794],[31.037133817512348,-29.832088848731164],[31.037078809468802,-29.832477823042733],[31.037030802295899,-29.832828799808922],[31.036912864775498,-29.833257809763381],[31.036910856708761,-29.833648784528364],[31.036874848569678,-29.834007760669433],[31.036849839486834,-29.834425733024375],[31.036878792349519,-29.834995725132664],[31.03683278394027,-29.83540769614125],[31.036847778650365,-29.835712675285553],[31.036817771000781,-29.836107647375577],[31.036832762381216,-29.836608612509885],[31.036834755392096,-29.837011584096402],[31.036872748571611,-29.837448553613818],[31.036906741113562,-29.83792851974378],[31.036946733623505,-29.838428484228402],[31.036963720548403,-29.839281422013574],[31.037028714780696,-29.839733389619401],[31.037049712922407,-29.839881378958118],[31.037084710156698,-29.840107362689711],[31.037080704959696,-29.840469335374401],[31.03720670069875,-29.840896305575537],[31.037206694750314,-29.841331272512456],[31.037127688148452,-29.841762237769004],[31.037124950667728,-29.841940398312477],[31.037120682117965,-29.842218202566812],[31.037194679544779,-29.842456186223409],[31.037240675368498,-29.842779162899301],[31.037360671803587,-29.843067144621955],[31.037379661157939,-29.84371009813886],[31.03740465934586,-29.844244047002665],[31.037518651665799,-29.84461002655614],[31.037734645988156,-29.844892015021237],[31.037942638809174,-29.845224000247295],[31.038009638272467,-29.845682006248765],[31.038125625851364,-29.846123983698231],[31.03816026508385,-29.846266169842689],[31.038180019866235,-29.846347258529985],[31.038259609956462,-29.846673955566377],[31.038331597425252,-29.847090933466987],[31.038402584165528,-29.847527910148155],[31.038493568055596,-29.848059881697814],[31.038541560992364,-29.848296869105987],[31.038838543210865,-29.848975836108707],[31.038949525958742,-29.849556804137173],[31.039184502560065,-29.850382759510385],[31.039378483638401,-29.851046723053354],[31.039556469301171,-29.851557695157553],[31.039792452905626,-29.852175696515154],[31.040133472275954,-29.852879663603332],[31.04027745591026,-29.853354636543841],[31.040479437715984,-29.853882606943888],[31.04070242054857,-29.854374579674555],[31.040818413832586,-29.854573569081687],[31.04096139835659,-29.854968545913358],[31.041165375491467,-29.855521513001605],[31.041455350736303,-29.856114478561839],[31.041680332020995,-29.856547453290304],[31.041793315365755,-29.856883431956931],[31.041944292912145,-29.857323403768937],[31.042283292068337,-29.857941358333722],[31.042567279495351,-29.858363337022226],[31.042651261454548,-29.858754312519888],[31.042796250139865,-29.859152290563554],[31.043000239568737,-29.859772258098069],[31.043279243662553,-29.86029723626055],[31.0435362494154,-29.860762217820973],[31.043847258116909,-29.861182203604002],[31.044068260753413,-29.861649183755802],[31.044394266313262,-29.862126166115509],[31.044728269261054,-29.862668144613366],[31.045188274360214,-29.86321512580631],[31.045524275981094,-29.863652109664866],[31.045804271643004,-29.864239083298859],[31.046073267747676,-29.86474506118126],[31.046256266442676,-29.865012050531305],[31.046523264018081,-29.86540303488119],[31.046906048219537,-29.865813678644674],[31.046935263413729,-29.86584501997606],[31.047538265620812,-29.866328007576421],[31.047753266762879,-29.866478004434271],[31.049417272078852,-29.867643979968722],[31.049808278063391,-29.867753983489344],[31.050279279942522,-29.868047978552138],[31.050717280634252,-29.868350972238005],[31.050895279199121,-29.868522966915563],[31.051185280403452,-29.868703963762421],[31.051433282499382,-29.868831962515941],[31.051736285973927,-29.868967962067376],[31.052011285197057,-29.869205955191795],[31.052144283817782,-29.869350950170986],[31.052369286452649,-29.869462949088984],[31.05293731098439,-29.869735909146819],[31.05343531872936,-29.869979905591158],[31.053863270243713,-29.870199869878626],[31.054522283770552,-29.870382869772932],[31.055228304292687,-29.870277886810641],[31.059916528505642,-29.869103077595696],[31.053863208030513,-29.873619674171721],[31.052684160667901,-29.873762643716038],[31.052571156423472,-29.873662648727294],[31.050786074751347,-29.873874617210006],[31.05067008010321,-29.874280579116231],[31.043536050302752,-29.872871464127158],[31.040922459217533,-29.87051445334528],[31.036113031626993,-29.866176747397532],[31.03425890196603,-29.871831342303445],[31.032362854227255,-29.870174424728123],[31.034112037497508,-29.864795791657734],[31.031165459893149,-29.862108662265523],[31.030908056230832,-29.861873913155048],[31.03092305677308,-29.861862914183419],[31.030898058462576,-29.861804917736187],[31.030879058554948,-29.861795918017638],[31.030820057820584,-29.861797916821491],[31.03079905758204,-29.86179791644404],[31.030799056935162,-29.861816915128824],[31.030801045923276,-29.862140892798365],[31.030799045320908,-29.862157891590776],[31.030780045031364,-29.862159891099505],[31.030271038902065,-29.86215988147379],[31.03027105049209,-29.861822905030618],[31.030250050234851,-29.861822904637805],[31.02361801384146,-29.862014731079864],[31.023349010824404,-29.862014725504604],[31.023229005168755,-29.862142714706987],[31.02325299938666,-29.86233370266898],[31.021503959375192,-29.862630650536616],[31.021357947149447,-29.862926628660798],[31.022057880189987,-29.865533478143938],[31.022062879866557,-29.865550477091205],[31.022041879384027,-29.86555447647072],[31.021698871544206,-29.865615466638332],[31.021074349336335,-29.863712994520661],[31.020918243831158,-29.863648574111572],[31.020725157563223,-29.863526874671987],[31.020412958711525,-29.863451737202958],[31.019956996789503,-29.863401682843318],[31.019168437130993,-29.863996127990792],[31.018433931521685,-29.864473007969078],[31.017909445841365,-29.86409714964811],[31.01796360651046,-29.86400390186974],[31.017932715362573,-29.863959732940391],[31.017801281480399,-29.864029566399154],[31.01773762101201,-29.864079699038619],[31.017717070489898,-29.864011676273673],[31.017775254208757,-29.863962737811423],[31.017800576105497,-29.863912610328004],[31.017795633228069,-29.863835714302997],[31.017750161727783,-29.863761966432186],[31.017437930753676,-29.863493486219411],[31.016965429802411,-29.862795390990222],[31.016620330379975,-29.862451726898765],[31.016340950580346,-29.862079411433854],[31.016386061860747,-29.861635449638765],[31.017137686757696,-29.861248682654114],[31.017125290648575,-29.860819049174037],[31.016974640054435,-29.860583962749693],[31.016383128333871,-29.860440825768801],[31.016109245534718,-29.860154436046145],[31.015846273969427,-29.859591168431692],[31.014958889365261,-29.858512410181508],[31.014279071434007,-29.857532228786248],[31.014500753782336,-29.856708736878584],[31.015363254978009,-29.856364931030139],[31.015522047187176,-29.856192461582229],[31.015501468345228,-29.855920958286475],[31.015432992494031,-29.855792672395598],[31.014481460161324,-29.855837533876507],[31.014132326274787,-29.855780883698614],[31.014087801372249,-29.85557800505428],[31.014072998884551,-29.855106972624981],[31.014054006086944,-29.854888987944083],[31.014148016759297,-29.854643007733443],[31.014279024250644,-29.854508020335984],[31.014499038001212,-29.854239044587128],[31.014745050156399,-29.854023065626787],[31.015077061997875,-29.85385808493475],[31.015119063058968,-29.853850086449842],[31.015433027156963,-29.853496210937251],[31.016287292335083,-29.853209684601946],[31.016806499615601,-29.852993847258887],[31.017290801835763,-29.853035315902293],[31.018136884077006,-29.852974337354944],[31.018317600951033,-29.852963571518728],[31.018555807302882,-29.852888352026575],[31.019007532786194,-29.852512356598965],[31.019299068798674,-29.852111321034414],[31.019011365279276,-29.851062335598385],[31.018428138879077,-29.851015874406706],[31.018317884721981,-29.850789448375149],[31.018431960558182,-29.850039390729918],[31.01837867649046,-29.850052781113661],[31.018349898451632,-29.849898832284794],[31.018512108446512,-29.849806448314002],[31.018871409147554,-29.849401097285824],[31.018342699681209,-29.849275226818868],[31.018445258597971,-29.848630758722638],[31.018732764083012,-29.848688003037314],[31.018782000016675,-29.848426634205108],[31.018486273222653,-29.848326427554927],[31.018613406689134,-29.847327506120056],[31.018752809717832,-29.84606722073843],[31.01947646672259,-29.846175276699164],[31.01932360044438,-29.845666144784452],[31.019149937932948,-29.845449599675501],[31.019363256510829,-29.84419407629046],[31.020584369892497,-29.84418911787537],[31.021120714790989,-29.842818971006118],[31.021804774878518,-29.840923686249777],[31.022508752690452,-29.840518757173928],[31.02145807562583,-29.840345884047196],[31.021509376500976,-29.840190729212143],[31.022450507866854,-29.840223392043519],[31.022796766865746,-29.839894143696196],[31.022643348446639,-29.839445438660086],[31.022208298279143,-29.838296869331788],[31.021616854978493,-29.837895973313557],[31.021621897198294,-29.837164915567755],[31.019534556080199,-29.836556368428035],[31.019014453269428,-29.836890606175963],[31.018897987623895,-29.836293905281824],[31.018480433161962,-29.836001572713126],[31.018329772449338,-29.835524219558344],[31.019465877169235,-29.835339074529099],[31.018314503820019,-29.835515132079546],[31.017862952133143,-29.835241957369472],[31.017770323021171,-29.835185919264976],[31.01683941770666,-29.834622739649525],[31.01591401326084,-29.83415502761434],[31.015448611878718,-29.83415030912062],[31.014950294764525,-29.833715955860786],[31.013964595384262,-29.832641971477877],[31.012929698418738,-29.832016716359412],[31.0124315106371,-29.832453561766023],[31.011318839455331,-29.833918007583186],[31.010378388274759,-29.833237826422145],[31.009758237720703,-29.832432304443],[31.009749981352225,-29.831983692447491],[31.011031150683603,-29.83176877317895],[31.012197273547958,-29.831038287715984],[31.011556552924642,-29.829906967666542],[31.011445564289197,-29.82886749410228],[31.010942477529717,-29.828226064507575],[31.010527002119385,-29.828184327980768],[31.010511931278703,-29.828044299266139],[31.010829462991794,-29.827891513708767],[31.010851291659943,-29.82723273476438],[31.011081234273398,-29.827194525695766],[31.011322166373262,-29.827509572611472],[31.011954529340272,-29.828242943497294],[31.013306290599626,-29.829191596405344],[31.013880011792388,-29.829439912617538],[31.0143876190855,-29.829260105668098],[31.014695581066515,-29.829200399941602],[31.015034381699046,-29.829421147580277],[31.015197868944071,-29.829580505292586],[31.015888555880903,-29.829342221127622],[31.016253702920363,-29.827626730806518],[31.016754585208517,-29.827175549090995],[31.018045239339134,-29.82665909827378],[31.020552642634698,-29.826181357180513],[31.022868016102287,-29.826661116313552],[31.023798686822531,-29.826403169548676],[31.024302116962225,-29.825333758231764],[31.024882393543059,-29.825114057766768],[31.025155904436026,-29.824197446088082],[31.026382117456006,-29.82369118943928],[31.026973365322988,-29.823605142555344],[31.027532054303567,-29.824578872267089],[31.028116399327459,-29.825136534457258],[31.03207613239174,-29.826899527946789],[31.032955244733234,-29.828087974629209],[31.034261252296584,-29.828753580022664],[31.035000188518545,-29.828209179229436],[31.036220982313186,-29.820267717955556],[31.037007140825668,-29.814359978997022],[31.03440699443814,-29.814096843250816],[31.033694627215635,-29.811191083256805],[31.033833046968784,-29.811186012949587],[31.033955049385611,-29.811193014537736],[31.034063051471694,-29.811208015407317],[31.034172053545255,-29.811229015925306],[31.034325056490474,-29.811254016915392],[31.034506059957238,-29.811289017744212],[31.034719064031073,-29.811336018346935],[31.034962068688415,-29.811395018676411],[31.035221073766898,-29.811445019779416],[31.035419077598881,-29.811502019447566],[31.035563080384502,-29.811550018790296],[31.035690082926642,-29.811577019139808],[31.035849086207968,-29.811592020719374],[31.036034090067488,-29.811605022816014],[31.036255094665073,-29.811634024468955],[31.036453098791043,-29.811670025308572],[31.036654103007535,-29.811712025799494],[31.036802106174818,-29.811733026758489],[31.036966109765277,-29.811739028875529],[31.037109112951761,-29.811733031407805],[31.037329117840176,-29.811742034151049],[31.037472121004292,-29.811765034853821],[31.037636124706076,-29.811775036662336],[31.037731126879081,-29.811775038063356],[31.037762127599567,-29.811771038768519],[31.037863129966276,-29.811752041435106],[31.038042134187254,-29.811716046296809],[31.038166137135629,-29.811687049911434],[31.038275139749501,-29.811655053491506],[31.038492144985419,-29.811586060937625],[31.038708150269208,-29.811491069992567],[31.038837153462289,-29.811401077494281],[31.03893915598708,-29.811321083988084],[31.039011157767884,-29.811245089811852],[31.039066159120853,-29.811195093754026],[31.039095159833234,-29.811172095620133],[31.039112160250731,-29.811159096683518],[31.039154161282731,-29.811130099113132],[31.039190162171135,-29.811115100569136],[31.039223162985543,-29.811098102110055],[31.03929016464625,-29.811071104759368],[31.039318165348206,-29.811071105147576],[31.039366166568794,-29.811100103966133],[31.039438168403361,-29.811147101970207],[31.039507170164569,-29.811214098662742],[31.039560171513777,-29.811256096723945],[31.039644173652537,-29.811313094257383],[31.03967717448052,-29.811363091541775],[31.039721175591815,-29.81140308960963],[31.039780177082374,-29.811451087375946],[31.039789177292072,-29.811479085730564],[31.039780177021949,-29.811519083086829],[31.039728175609863,-29.811584078289858],[31.039709175061716,-29.811632075012874],[31.039661173786524,-29.811664072350492],[31.039568171334846,-29.811716067819681],[31.039478168982573,-29.811758063955498]]]}},
{"type":"Feature","properties":{"sde_LDR_Mi":0.0,"CAT_NAME":"Lovu River","MAJ_CAT":"Lovu River","Id":0,"Phase":"Phase6","OBJECTID":0,"Shape_Area":193516846.75600001,"BlockName":"Umkomaas"},"geometry":{"type":"Polygon","coordinates":[[[30.742569667384373,-30.07834895380428],[30.742765090122564,-30.07890348253709],[30.743818776603202,-30.079076668534544],[30.744119562327942,-30.080212334011392],[30.74568928521823,-30.081437608502462],[30.745885558717841,-30.081629498838993],[30.751102366358523,-30.081967425016323],[30.75130375668957,-30.08272780613925],[30.752873130439141,-30.082816291105562],[30.75277828410124,-30.082915160717512],[30.750774792049452,-30.083106727878828],[30.749959043656528,-30.08476048062527],[30.750250085780937,-30.085630275037808],[30.750892727446676,-30.086521396041196],[30.751080061565009,-30.087263797994765],[30.751193750581319,-30.087346373532508],[30.751026775530278,-30.089596279827113],[30.751087725893644,-30.090519398077952],[30.751074604940932,-30.090704297615826],[30.751294113201052,-30.091240038357594],[30.751519259016323,-30.092514959944936],[30.751902909228725,-30.09324591659794],[30.752336857861685,-30.093943950641762],[30.752218645543856,-30.094420112384991],[30.752843281689742,-30.094783926970969],[30.752563531071072,-30.095266459540618],[30.752424886535422,-30.095327087178795],[30.752316467228216,-30.09541411246278],[30.751249429649604,-30.095606124912528],[30.750235765304485,-30.096719428767575],[30.750860155705237,-30.097224606736599],[30.751102233382884,-30.097452841338541],[30.750731551179115,-30.098976549567123],[30.750075593655275,-30.099502740123008],[30.748133891551479,-30.10012072658191],[30.74736947337696,-30.100575882065996],[30.747728059552465,-30.10177660060144],[30.747699132002378,-30.102378137033696],[30.746779544802198,-30.102891985114912],[30.746565360769676,-30.103475752907816],[30.746857865748542,-30.1039462083519],[30.747467913876758,-30.104633684100605],[30.74773160596342,-30.105379304450526],[30.74756563395032,-30.106016298804342],[30.747797168882592,-30.106923418002147],[30.747678870968596,-30.107377202807452],[30.747805640257031,-30.107830016637575],[30.74863733370292,-30.107989481113911],[30.749185153849339,-30.107580901320745],[30.749734578269287,-30.107028802959018],[30.749997532439252,-30.107010994088181],[30.750404686266798,-30.107040187441612],[30.751891428822724,-30.106846093828469],[30.752944473689571,-30.105744040006702],[30.752893299268653,-30.105174465169409],[30.753258226643396,-30.103791463467605],[30.754810400925031,-30.103588799405831],[30.755372147013428,-30.103317695707695],[30.756685787287832,-30.103411976950888],[30.757351294948769,-30.103090631406033],[30.758143130452261,-30.103036890357529],[30.758870370951175,-30.103136288818021],[30.758489602374372,-30.103649407158851],[30.758622533507399,-30.104443297618669],[30.758016037966193,-30.10515138682068],[30.758171871601572,-30.106081984181092],[30.75728520649302,-30.106294945214096],[30.757102139730659,-30.106861919554859],[30.756626552658034,-30.107907169505253],[30.756890079202307,-30.10828878585183],[30.757133889769264,-30.109303981548273],[30.75751269364844,-30.109559249497273],[30.757603227185864,-30.109661802777527],[30.758117655053994,-30.109827112869215],[30.758758317051075,-30.109579886711451],[30.759369014502642,-30.109285131407027],[30.76147363231663,-30.109620905808885],[30.762497092599805,-30.109355031496591],[30.761471988668131,-30.108583876576557],[30.76179830946991,-30.107503874430456],[30.762243139902203,-30.107056712894103],[30.763897690974471,-30.106836625642451],[30.76484772900357,-30.107064577099226],[30.76522181808366,-30.107039088517119],[30.765951593543171,-30.107091363718261],[30.767954446518111,-30.106955018246019],[30.768661389253833,-30.107940705861544],[30.769398105059548,-30.108135050210389],[30.770202011345869,-30.108526883434241],[30.770908125039242,-30.108185963477609],[30.772108553534146,-30.108502433173918],[30.772832361688806,-30.108855140522596],[30.773246714763147,-30.108964468823903],[30.776460424781547,-30.109144185843725],[30.776032464090616,-30.109907295353477],[30.776151015022901,-30.110513049008208],[30.776578566661296,-30.110946218974973],[30.777066935673986,-30.112053543514797],[30.777914203614827,-30.112523256325883],[30.779101044672878,-30.112732205826248],[30.779788860879286,-30.113614338648816],[30.779910194012011,-30.113690317723663],[30.780118345700508,-30.113871986442614],[30.780739655909944,-30.113967027292787],[30.781461418145909,-30.114337549340128],[30.783361325363174,-30.114501917425727],[30.783963521427484,-30.114704350281901],[30.78461187906996,-30.114866623263353],[30.785005521638983,-30.115068706490295],[30.787128687463579,-30.115234519285529],[30.788155584388718,-30.115778974361376],[30.788757410204187,-30.116162702960164],[30.789081596890725,-30.116243873596538],[30.789592855994712,-30.116525066696443],[30.791549202947426,-30.116718997836664],[30.792036327640822,-30.117230623937012],[30.79241665182505,-30.117264967908913],[30.793267564265982,-30.117190996123448],[30.793762413123783,-30.117438318233731],[30.794615626254739,-30.117604204688408],[30.795221712592355,-30.117803254348818],[30.795866366637991,-30.117968895758999],[30.795960794929865,-30.118068001677486],[30.795960419121286,-30.118249319378478],[30.796168985279316,-30.118249645022718],[30.797464428162026,-30.118436774106282],[30.797860787661303,-30.117992030899487],[30.798789877521742,-30.118151421821263],[30.799231648425987,-30.118383937199134],[30.801203697508335,-30.118640352180055],[30.801474200597404,-30.118336762696735],[30.804095027818622,-30.118261793821198],[30.803992937281979,-30.117314635666375],[30.802678261550664,-30.116895350824954],[30.803007144999789,-30.115670821466608],[30.804426809321654,-30.115463313621426],[30.804727184577921,-30.11499874103276],[30.805125494265745,-30.114382674003267],[30.80681366275105,-30.114602136435288],[30.807543799842097,-30.114509399864229],[30.80821392368232,-30.114596535144276],[30.809108953809822,-30.114098570867576],[30.809276107509259,-30.114584133744028],[30.810208516073725,-30.11452036300259],[30.810664221034788,-30.114742214752006],[30.813291795464977,-30.114936971966493],[30.813999651174573,-30.115653603214998],[30.81452867664904,-30.115738340520988],[30.816614383542166,-30.115741200519363],[30.816420981798391,-30.1164615088245],[30.816729987460441,-30.116908292212123],[30.817001499161528,-30.117487717929418],[30.817353663999448,-30.117997164385869],[30.817553918326819,-30.119441047365228],[30.818368363928286,-30.120462618761067],[30.819526051412872,-30.120315474092482],[30.820360246292271,-30.120423891442503],[30.821786237160463,-30.120242616895499],[30.823154405532637,-30.121163632156918],[30.823278333374489,-30.121552867534387],[30.82273217066993,-30.123127878716563],[30.822794544521351,-30.123816610620853],[30.822647067262892,-30.124634596199009],[30.823362878610066,-30.125100589909739],[30.830959520826642,-30.125268522501607],[30.830780974047375,-30.125370605672231],[30.830780662789131,-30.125551922631846],[30.830886717470779,-30.126882805246979],[30.832238374176832,-30.12700444261414],[30.832655544152232,-30.127004980299834],[30.83265400574189,-30.127911656020782],[30.832835899944765,-30.12780273864394],[30.833072715176542,-30.127005516661633],[30.833490498862769,-30.126643416901704],[30.833670739970351,-30.126036639619223],[30.83428001699048,-30.125271880538943],[30.83683044420383,-30.125196893527789],[30.836948252103596,-30.125118109558684],[30.83713119339366,-30.124369615527232],[30.837366910479393,-30.124211956833776],[30.83754895015111,-30.124007503514775],[30.837784665714008,-30.123849844057155],[30.838106013384213,-30.123488962432504],[30.839565658154974,-30.122971714973293],[30.839874709627964,-30.122317910762778],[30.840172849822668,-30.12211846737166],[30.840706771842953,-30.122742003360052],[30.841095548381805,-30.123672517606924],[30.841330457402549,-30.124012074433949],[30.841511642665566,-30.124398384022456],[30.842000850977072,-30.124573078798083],[30.842344510499792,-30.125305980871651],[30.842579426605468,-30.125645536310095],[30.842669878203026,-30.125929348319037],[30.843826128429505,-30.127099290578744],[30.845908684392189,-30.127286424798129],[30.846002308762085,-30.12919722669265],[30.846324040171872,-30.128981919705833],[30.846513280378513,-30.127282177714129],[30.84730151253671,-30.127199347435734],[30.847194641257385,-30.127542727452063],[30.847119079400425,-30.127887953390509],[30.847035903233976,-30.128055999903793],[30.846958569447843,-30.128338349522224],[30.846796957707085,-30.128756005821369],[30.846339261391265,-30.130090672270626],[30.846376259401985,-30.130117873599382],[30.846433706349778,-30.130157386073837],[30.846496411465491,-30.13019640221107],[30.846566776002565,-30.130235024038228],[30.846596018620676,-30.130249622295274],[30.846735549009519,-30.130310913816558],[30.846828652165502,-30.130346988405325],[30.84692227677991,-30.130380767740821],[30.847012453484474,-30.130411497568485],[30.847079193480123,-30.130433252305245],[30.846980287406748,-30.130626986983231],[30.846993442676986,-30.130716220785636],[30.846950972371062,-30.130774266180072],[30.847172442370809,-30.130810773332787],[30.847126718236183,-30.131157379725956],[30.847263412687525,-30.131216806387751],[30.847147715731474,-30.131443632498712],[30.847276476459044,-30.131476259022438],[30.847211899387602,-30.131747043468923],[30.847081599732082,-30.131708070758684],[30.847056316469015,-30.131950181339697],[30.846889660040453,-30.131909646081656],[30.846861824145286,-30.132164646172306],[30.846784295650185,-30.132151323114226],[30.846755058495713,-30.132367958767585],[30.846848829544278,-30.132401542568907],[30.84679328192361,-30.132607611234569],[30.846900811712956,-30.132649668053602],[30.846817748103291,-30.132866984247123],[30.846978749567981,-30.132942848389185],[30.846888154887477,-30.133157251142137],[30.846501071660906,-30.133018580665059],[30.846405049853349,-30.133185640979107],[30.846576763866459,-30.133281550636294],[30.846447258446734,-30.133484624381051],[30.84617933419473,-30.133336663715195],[30.846162542467439,-30.133452470233369],[30.846120968118885,-30.133552719298358],[30.846086941195271,-30.133619157309781],[30.84606647074844,-30.133653063252499],[30.846031463281907,-30.133732039914456],[30.845936547635258,-30.133856136890827],[30.84581592908151,-30.133969025039885],[30.845748774853579,-30.134036787998987],[30.845703730602267,-30.134070201342148],[30.845607904821243,-30.13411645561429],[30.845510968317139,-30.134191476743609],[30.845446123778622,-30.13423867122934],[30.845199731731228,-30.13444107834988],[30.844983857867017,-30.134630168445771],[30.844867236310524,-30.134700389336157],[30.844511132664284,-30.134958495198465],[30.844051617024501,-30.135347469212832],[30.843683479384122,-30.135663578469135],[30.843504900389838,-30.135819949650539],[30.843427100338285,-30.135889043708023],[30.843127605031192,-30.136172482303504],[30.842874021985512,-30.136445414505683],[30.842838995254112,-30.136479296191265],[30.842794127531963,-30.136524426744931],[30.84270775517394,-30.136626084197928],[30.842374619072373,-30.137059758165556],[30.842173718426096,-30.13731805552608],[30.842030555124939,-30.137508755260445],[30.841877234267173,-30.137723267419862],[30.841781011232591,-30.137813534447577],[30.841716658448654,-30.13787906060891],[30.841575355803695,-30.138012305925013],[30.84137003577364,-30.138192933052583],[30.841181262735944,-30.138405233834849],[30.840986039788792,-30.138617432708802],[30.840567477074551,-30.139108726090946],[30.84025002597442,-30.139504530692292],[30.840178215188562,-30.139633714848852],[30.840037869660794,-30.139859239619209],[30.839952021926919,-30.140005911385433],[30.839910791182135,-30.140083795338288],[30.839819262174501,-30.140297020890912],[30.839730836770556,-30.140500155896142],[30.839667929195745,-30.140680309965223],[30.839611503834643,-30.140860573853079],[30.839573652574593,-30.140950821201184],[30.839427016453744,-30.141220467280121],[30.839291632727917,-30.141424544016822],[30.839087755267919,-30.141648197480379],[30.838827908171481,-30.141904586915203],[30.838529037235613,-30.142172225464872],[30.838231336630194,-30.142441041072104],[30.83817803499084,-30.14249527510842],[30.838089581472918,-30.142608103596704],[30.837860527243343,-30.142833884526233],[30.837651981687429,-30.143055444325654],[30.837538129239132,-30.143172212869665],[30.837408407113209,-30.143297076757111],[30.837234868580676,-30.143467891300276],[30.837134922647255,-30.143550231758322],[30.836831882691808,-30.143903995246834],[30.83647243199972,-30.144308582117674],[30.836416928660359,-30.144376258155141],[30.836335229348013,-30.144489094738429],[30.836167478981618,-30.144669033254438],[30.83605831995996,-30.144803751379929],[30.835986451186709,-30.144893957846762],[30.835908102344721,-30.14498426171588],[30.835836004359621,-30.145074830446138],[30.835753907341068,-30.145198306168911],[30.835649718092927,-30.145344132036467],[30.835496610470283,-30.145547090090275],[30.835365921496422,-30.145727611621879],[30.835279612584653,-30.145851002367618],[30.835199710497793,-30.145974480480117],[30.835130967096628,-30.146087340662998],[30.834980523253027,-30.146313035605299],[30.834900287547171,-30.146436329081634],[30.834820244517974,-30.146559730997929],[30.834588332984918,-30.146919186805356],[30.834356476588766,-30.147233446336998],[30.834298313596026,-30.14731381212609],[30.834383019780581,-30.147397056336644],[30.833631634819202,-30.148322523038885],[30.833473464928115,-30.148583991793743],[30.83338142376612,-30.14872955784988],[30.833296874753209,-30.148852679735516],[30.833237400709312,-30.148988180160632],[30.833201045243907,-30.149055794307756],[30.833109219221004,-30.149202544861904],[30.833012266494642,-30.149358471074599],[30.832962530602234,-30.14944680869791],[30.832874008455757,-30.14960483113309],[30.832794351981327,-30.149751421943304],[30.832672325285056,-30.149965495440515],[30.832561662385942,-30.150157142329192],[30.832519386597166,-30.150247384552856],[30.832467776844062,-30.150348888111306],[30.832400170692758,-30.150462011631614],[30.83229180767885,-30.150664847874996],[30.832205162650045,-30.150833598825752],[30.832088896748566,-30.151036966031548],[30.831964543534266,-30.151249422930434],[30.831917070352993,-30.151337325516568],[30.831825285860578,-30.151495156282767],[30.831681067254639,-30.151732124846056],[30.831561280612494,-30.151923759129431],[30.831496747267757,-30.1520250652746],[30.831277306694858,-30.152431254871384],[30.831248204153304,-30.152485527016225],[30.831201467836948,-30.15258496783856],[30.831147252554224,-30.152697832754605],[30.831074889614356,-30.152855789875545],[30.83100902437215,-30.153013757122569],[30.830953202604213,-30.153180925825442],[30.830891684737097,-30.153403654206805],[30.830740167101162,-30.153763940612951],[30.830601987261808,-30.154046294663608],[30.830572634768846,-30.154113914353417],[30.830533411870604,-30.154203884681536],[30.830395542082645,-30.154497245133566],[30.830299929494213,-30.154767654403454],[30.830293020589266,-30.154823305417114],[30.830286432561518,-30.154879484559796],[30.830275702715774,-30.154947221166644],[30.830264821448075,-30.15501487278085],[30.830248773579992,-30.155195435176935],[30.830245394128948,-30.155228545143572],[30.830218148327667,-30.15532944868643],[30.830219506139915,-30.155727553156446],[30.830471225497526,-30.155738432840412],[30.830414917282212,-30.156070163757658],[30.830523214749892,-30.156088052006659],[30.830379445061684,-30.156376001292891],[30.830523314415899,-30.156494174267394],[30.830380833752894,-30.156643011456623],[30.83051039049877,-30.156731046507222],[30.830406760155959,-30.156934142372762],[30.830235279368541,-30.156790418327681],[30.830030525058824,-30.156990742669315],[30.829954059182946,-30.156934376591664],[30.829776692465927,-30.157074605395234],[30.829848786694303,-30.157148744933782],[30.829722838583848,-30.157285892064557],[30.829874791959167,-30.157408214048207],[30.829693310737685,-30.15758875209249],[30.82944726635305,-30.157397298809425],[30.829432532959157,-30.157472241315666],[30.829310240567136,-30.157612619519856],[30.829174701992571,-30.157779605151184],[30.828933417132198,-30.158016643407148],[30.828703863365227,-30.158229639045885],[30.828753459668611,-30.158279119513619],[30.827284407383122,-30.160095416467996],[30.826227173707782,-30.161353046402613],[30.825742103932296,-30.16244445883633],[30.824830550559689,-30.163571335867541],[30.82462013533312,-30.163947005609508],[30.824518953417563,-30.164127556958192],[30.824481044914801,-30.164183963552489],[30.824405795348266,-30.164308068743765],[30.824372076243616,-30.164420901216978],[30.824333422342097,-30.164511169776087],[30.824232483362803,-30.164725033049628],[30.824117071685954,-30.164961486455582],[30.82401697592503,-30.16509695041027],[30.823952374200974,-30.165187225539967],[30.823807701902833,-30.165355051905944],[30.823677588705507,-30.165500320532033],[30.823587052485756,-30.165590647222757],[30.823426935388792,-30.165748660364066],[30.82334779582796,-30.165861491856742],[30.823318425670909,-30.165906897057429],[30.823007508983057,-30.166381904120552],[30.82272669527482,-30.166827621911782],[30.822537917663169,-30.167012794571399],[30.822218681498079,-30.167349356896001],[30.822042834009572,-30.167539331849152],[30.821941888375626,-30.167639201635414],[30.821813456821825,-30.167808505512117],[30.821738734675066,-30.167932657615349],[30.821692678151919,-30.168001482884847],[30.821565510073494,-30.168226184638502],[30.821482131073253,-30.168398129364821],[30.821433298641303,-30.16844994123862],[30.821354453399319,-30.168562902672143],[30.821253600635973,-30.168717932101302],[30.821131473692603,-30.168918135412692],[30.821044257466458,-30.169075609840426],[30.820976516075493,-30.169210166509568],[30.820945165285607,-30.169322648523149],[30.820923921371442,-30.1693678035478],[30.82090334446119,-30.169396597649413],[30.820909521329742,-30.169480612682449],[30.820897733027859,-30.169615980852058],[30.82088112807924,-30.169706250439841],[30.820874167091112,-30.169796365404636],[30.820871332162387,-30.169863914291021],[30.820846444906604,-30.169999299745076],[30.820815059571554,-30.170134674513292],[30.820777188526879,-30.170270072886581],[30.82072398987069,-30.170382895735177],[30.82063562454583,-30.170493897914323],[30.820575002467393,-30.17055974765093],[30.820517133345067,-30.170627457593799],[30.820311605782319,-30.170898315501578],[30.82022375717349,-30.171031859134672],[30.820114640866958,-30.171210523273121],[30.819984640397781,-30.171469339540135],[30.819734503366575,-30.172009300717168],[30.819556388405161,-30.1723545313586],[30.819349951495031,-30.172684518283774],[30.819106805443681,-30.173033515983576],[30.81895266134752,-30.173236614624614],[30.818878986080289,-30.173338190213268],[30.818822389190121,-30.173417205920522],[30.81873374098943,-30.173560990439377],[30.818627957895536,-30.173727308469992],[30.818538120157946,-30.173862703720175],[30.8184719556542,-30.173975573499192],[30.818389958863673,-30.174132688801262],[30.81829730756079,-30.174312387145335],[30.818254762233188,-30.174402671816804],[30.818203909147599,-30.174538054066986],[30.818153695560589,-30.174684699572616],[30.81808792733608,-30.174932869035537],[30.818010234593366,-30.175181021914305],[30.817946333019989,-30.175305182189504],[30.817918558208486,-30.175372791958701],[30.817881402735285,-30.175463028044017],[30.817855557238925,-30.175580693840342],[30.81779779829424,-30.175666040016836],[30.817729058908419,-30.175801498243782],[30.817718730753114,-30.175852078500156],[30.817599948223769,-30.176027130390732],[30.817472058822215,-30.176242141281627],[30.817421439148163,-30.17633204005719],[30.81737394683682,-30.176432511859332],[30.81731087523502,-30.176590473648517],[30.817233335036455,-30.176793580264558],[30.81718321840285,-30.176951540184241],[30.817161417887966,-30.177019102170146],[30.817118276844049,-30.177131669520683],[30.817108355913209,-30.177221797186053],[30.817093823059455,-30.177266916680988],[30.817042324701294,-30.177469470412113],[30.816984207370503,-30.177650004291383],[30.81696889133568,-30.177717705182047],[30.816932531631775,-30.177920196082361],[30.816918168749812,-30.177965380738978],[30.816883154670641,-30.178134625778522],[30.816869922027696,-30.178236163624362],[30.816856591498563,-30.178337280964374],[30.816846620183039,-30.178393264145779],[30.816832059856566,-30.178540642591994],[30.816847953009546,-30.178558478924867],[30.816830962174997,-30.178698491251968],[30.816804732861343,-30.178847378800398],[30.81681145699099,-30.178925833380323],[30.817135768833396,-30.178971173017139],[30.817029135009737,-30.179236481022453],[30.817187722873363,-30.179286985482776],[30.817084090700348,-30.179580307975652],[30.81686287452316,-30.179503653277209],[30.816810400626871,-30.179685981904587],[30.816809929322108,-30.179687623019507],[30.816798590838452,-30.179727100848513],[30.816707755779909,-30.179614487249044],[30.81663359734393,-30.179846441017194],[30.81675953661108,-30.17993019857628],[30.816653177123534,-30.180128668414344],[30.816785508890124,-30.180223443779724],[30.816655906211263,-30.180460387936243],[30.816331478220697,-30.180302753290864],[30.816043157044231,-30.180636864117805],[30.816122864258084,-30.180722935303411],[30.816102691046588,-30.180726326783432],[30.815788887018378,-30.180984997023611],[30.81564615786132,-30.181120415960358],[30.815484147251226,-30.181266268957238],[30.815365168390972,-30.181389528568694],[30.81521955868422,-30.181570096230455],[30.815039002551032,-30.181782606465646],[30.814947125246597,-30.181866054830941],[30.814817376886094,-30.182040257728893],[30.814645792710337,-30.182288525601521],[30.814589883566367,-30.182423776436977],[30.814544869092064,-30.182536442119996],[30.814492447083751,-30.182671855700789],[30.814435614459668,-30.182829811225499],[30.81438967962016,-30.182965210481296],[30.814381020835704,-30.183010731245691],[30.814366903749402,-30.183088828951028],[30.814343841707355,-30.183211645968878],[30.814319708896164,-30.183301902057625],[30.814286988768142,-30.183369620329451],[30.814207306788777,-30.183561418012022],[30.814098728235958,-30.183752382670207],[30.814017395282583,-30.183886900793201],[30.813926021802811,-30.18402231300675],[30.813812855695414,-30.184202876323624],[30.813696491744199,-30.184382540139058],[30.813618251290471,-30.184483227460234],[30.813526898499511,-30.184618648430504],[30.813290082126965,-30.184967587646504],[30.813120487703387,-30.185231325857671],[30.813045731406522,-30.185305240672168],[30.812893643791735,-30.185485809914244],[30.812791349217502,-30.185609037664925],[30.812734924883955,-30.185664636625624],[30.812678528270382,-30.185754940121942],[30.812608943546181,-30.185845175138066],[30.812453468503094,-30.186059577540767],[30.812323853508321,-30.186239263524389],[30.812309748869417,-30.186260948099129],[30.812287159555797,-30.186294805719957],[30.812206700071446,-30.186407649819575],[30.81210883408,-30.18654306764326],[30.812015366612481,-30.186655915537536],[30.811855667367702,-30.186925856227223],[30.811643673802603,-30.187224812540894],[30.811496731146665,-30.187533438395445],[30.811350882093564,-30.18785455572819],[30.81126345732249,-30.188277061431776],[30.811188098261781,-30.188728186406109],[30.811154366611966,-30.188839077329888],[30.811114190580803,-30.188950008576292],[30.811059699284939,-30.189130549198019],[30.81098573074922,-30.189311062626086],[30.810968813103898,-30.189365533294648],[30.810925170091011,-30.189453844540616],[30.810876367393295,-30.189532829028881],[30.810728116982858,-30.189722400213146],[30.810717505656456,-30.189735959272721],[30.810640408632224,-30.189826243675828],[30.810621989459829,-30.189839324181406],[30.810619408550313,-30.189841211196789],[30.81036458428229,-30.19002754655348],[30.810141297988491,-30.190191889457935],[30.809993320028781,-30.190324293204434],[30.809788231557892,-30.190516161507109],[30.809688826540164,-30.190651570676998],[30.809647407956067,-30.190707049303597],[30.809542079208853,-30.190852853349],[30.809453760660173,-30.190981757356884],[30.809351732222719,-30.191067295040657],[30.809186106607587,-30.191173089057234],[30.809046695686533,-30.191284079075867],[30.808831329993058,-30.191564846242137],[30.808640806942964,-30.191874212472406],[30.808537922408441,-30.192032140374735],[30.808446029233938,-30.192144996923474],[30.808279637999288,-30.192334748023487],[30.808110914054367,-30.192479391935336],[30.807941911516355,-30.192614836798398],[30.807824122978076,-30.192724455327319],[30.80778795908974,-30.192795389912849],[30.807556767831034,-30.193133444789932],[30.80740651691892,-30.193347626664004],[30.807330752555171,-30.193471533001745],[30.807247683045432,-30.193606944394229],[30.80702999518514,-30.193933192888469],[30.806741676927111,-30.194371284831906],[30.806623908002489,-30.194562112099856],[30.806487551646949,-30.194799040120685],[30.806338533492887,-30.1950472928315],[30.80622131136159,-30.195224822194639],[30.805900439715007,-30.195717311254619],[30.805670620852297,-30.196049870136893],[30.805562390183592,-30.19626823179523],[30.805434724720314,-30.196504260439806],[30.805369023788121,-30.196605790208856],[30.80527870301151,-30.196729864918975],[30.805183758554413,-30.19685983674621],[30.805278378235709,-30.196867465363763],[30.804651479127795,-30.197578072605214],[30.804381712195962,-30.198182504090045],[30.803517171128721,-30.199313923025578],[30.80342376015777,-30.199595858530628],[30.803225362375585,-30.200041771694906],[30.803043939195142,-30.200689614008709],[30.803035636807977,-30.200734747428882],[30.802968608117702,-30.201003368826605],[30.802968601905722,-30.201496142483435],[30.80304825100621,-30.201680316843866],[30.803062180079586,-30.201734138017788],[30.803071597040219,-30.201770524602125],[30.803075585034989,-30.201844574278109],[30.803186359396243,-30.202175323877579],[30.803365730092938,-30.20216971600026],[30.803391618971833,-30.202372733124101],[30.803206498843679,-30.202393369005787],[30.803238178545904,-30.20272366513775],[30.803313771911228,-30.202733726573904],[30.803365639651769,-30.202880356395561],[30.803308510682722,-30.203054457638505],[30.803352693844079,-30.203060853730534],[30.803397574568464,-30.203320866802091],[30.803508441154175,-30.203331520447637],[30.803508430280161,-30.20355711989621],[30.803365682755803,-30.203557234257456],[30.803374430670196,-30.203716972307753],[30.803378648651606,-30.203794070390902],[30.803436362041435,-30.204076028363293],[30.803599251645913,-30.204076022579269],[30.8036122083113,-30.204301603539029],[30.80353849799544,-30.204313850565036],[30.803482445296289,-30.204606183176661],[30.803276200505032,-30.204599927457846],[30.803203408458796,-30.204879226077164],[30.803313652647493,-30.204888287705554],[30.803313696102883,-30.205123936232464],[30.803352540233657,-30.205136449366528],[30.803339603955187,-30.205328174707304],[30.802963193459171,-30.205294577621263],[30.802921457942901,-30.205560438587025],[30.80307991882551,-30.205610326560517],[30.803035488101525,-30.205894076044153],[30.803081637313753,-30.205919856137733],[30.803092891085928,-30.205926173992037],[30.802832918010171,-30.206410512853761],[30.803027941848349,-30.206490222340669],[30.802885211058516,-30.206648150467181],[30.802534748037939,-30.206524301254785],[30.802466725196268,-30.206680097970803],[30.802377437351918,-30.206884747520377],[30.80250869172707,-30.206930350934371],[30.802476771431369,-30.207166828043253],[30.802690416566172,-30.207234851811226],[30.802612570456823,-30.207460449427096],[30.802271575531424,-30.207332535519225],[30.802158613135951,-30.207514919506472],[30.802326920017283,-30.207618542345539],[30.802275044841068,-30.207810280953911],[30.802002464565732,-30.207708930796116],[30.801788636568059,-30.207917939100543],[30.801700920352634,-30.207865297936721],[30.80187256281253,-30.207990932367984],[30.801786000357666,-30.208241982591989],[30.801872536922797,-30.208272943397088],[30.801761360488523,-30.208494008614103],[30.801859534042968,-30.208566247647148],[30.801720596401132,-30.20875428040328],[30.801872489556665,-30.208803128827721],[30.801807657632452,-30.209006157768602],[30.801654520084568,-30.208957246948618],[30.801509073501535,-30.209186750344838],[30.801117184088731,-30.209029271375904],[30.801261769778726,-30.209110171647616],[30.801177859004358,-30.209426536109792],[30.801249362376339,-30.209457634190549],[30.801159733822455,-30.209680455366431],[30.801301268952205,-30.209728331644524],[30.801210445131534,-30.209999057188217],[30.800842712258454,-30.209915201179637],[30.800617624574361,-30.210339116315087],[30.800674754468439,-30.21034063206227],[30.800469525761986,-30.210643952512577],[30.799001054865755,-30.212088773945695],[30.798791524449165,-30.213556575559537],[30.798156566088963,-30.214622371433911],[30.797745914568843,-30.215354210315141],[30.797115075762775,-30.215531016805578],[30.797012574623249,-30.215623317355988],[30.797768646206553,-30.215710473718669],[30.797724357088647,-30.216178759801764],[30.797941891225388,-30.216810099663252],[30.798167037095684,-30.216979139450217],[30.798148876429199,-30.217170620414315],[30.798428976710181,-30.21783660670005],[30.798355165527962,-30.218617233356653],[30.798371511457411,-30.218798574923426],[30.798353987046465,-30.218984194306714],[30.798579311937878,-30.219519834628592],[30.798561684950855,-30.219705452960376],[30.798593570083774,-30.220057310836182],[30.798520809744019,-30.220007645765886],[30.798493557311147,-30.220181796634943],[30.798639044035884,-30.220186263534561],[30.798624470869871,-30.220377996247141],[30.798794859753034,-30.220378028781141],[30.798820733130974,-30.220626094531209],[30.798665696838945,-30.220623142167426],[30.798613115316879,-30.220863050000787],[30.798379470400974,-30.220846808125177],[30.798379329812256,-30.221111307471098],[30.798146197792523,-30.221071003332121],[30.798010009763519,-30.221366837462124],[30.79808072033795,-30.221416021554891],[30.798106632236674,-30.221427303928834],[30.797949465930643,-30.221618694132143],[30.798028711443486,-30.221641663814093],[30.797824918245045,-30.221846168417521],[30.797885869111351,-30.221878601512682],[30.797724850655481,-30.222095067456909],[30.797833902254503,-30.222205753315915],[30.797782068355229,-30.222363648700533],[30.797608914940078,-30.222248525796928],[30.79739259409239,-30.222386339508162],[30.797311474319969,-30.222310144607],[30.79710979471561,-30.22247288294254],[30.797210699048073,-30.222566936122224],[30.797007036310237,-30.222744092562856],[30.797132764977242,-30.222860270443004],[30.796964081939617,-30.223029483219765],[30.79681411151158,-30.222909050441892],[30.796612643539021,-30.223113333899526],[30.796743234019338,-30.22324392840083],[30.796639475604241,-30.223413125947349],[30.796454179287835,-30.223252339027162],[30.796364301745804,-30.223460582211235],[30.796522484260741,-30.223604999759875],[30.796345542461399,-30.223716951947392],[30.796457539260487,-30.223830612202086],[30.796301845090756,-30.223999831634444],[30.796189712496435,-30.223872931408557],[30.796029194523836,-30.224033758305453],[30.795787797093094,-30.223816148570766],[30.795584444088757,-30.223952059853204],[30.79571748953796,-30.224067763364488],[30.795496867267989,-30.224236986157965],[30.795349099787007,-30.224130207938593],[30.795075125684296,-30.224355779075008],[30.79513320687461,-30.224406361234998],[30.794916859450655,-30.224524005956756],[30.795120184168464,-30.22473350140806],[30.794977472546005,-30.224846307158803],[30.79476977637934,-30.224666027986419],[30.79459323319881,-30.2247682424006],[30.794406162012315,-30.224857863451607],[30.794295815139211,-30.224917090485825],[30.794180539763488,-30.224978962644101],[30.793696678031171,-30.225238756538609],[30.793696411808281,-30.225238899548078],[30.793677169771957,-30.225300064529886],[30.793647299184741,-30.22538553608808],[30.793536280074065,-30.225557927415242],[30.793534296853728,-30.225561010259529],[30.793531609133311,-30.225565189808499],[30.793445742666748,-30.225672365207668],[30.793341725346238,-30.225864583983945],[30.793232074370199,-30.226315481983246],[30.791954084369713,-30.227951580610739],[30.790734979858399,-30.228872820062982],[30.790469206832334,-30.229240708809687],[30.790470059404441,-30.229268772531327],[30.790420672902428,-30.22935911751923],[30.790336336802763,-30.22950466621247],[30.790209805962345,-30.229740234788977],[30.790117342651847,-30.229892590837803],[30.790110847563298,-30.229943161052031],[30.790052139080014,-30.230089737447852],[30.789993985113803,-30.230225088497701],[30.789963508328775,-30.230326699725058],[30.789839496265618,-30.230562989087279],[30.789745887876194,-30.230738285242921],[30.789664778431451,-30.230979901385524],[30.78958892005155,-30.231222409020827],[30.789575154034701,-30.23137483775529],[30.789559926101365,-30.231516645024833],[30.789517327463386,-30.231634295225117],[30.789471027704764,-30.231791274017187],[30.789601093614841,-30.231796880862046],[30.789640443158458,-30.232288027417734],[30.789795750480316,-30.232281904440566],[30.789810978964908,-30.232507474920684],[30.78989958502796,-30.23250748350301],[30.789977399454759,-30.232687900383439],[30.789600960691924,-30.232695038961964],[30.789600900257398,-30.232964915086495],[30.789808591513115,-30.232981264545302],[30.789808606783918,-30.2331533091224],[30.789873375149973,-30.233477572763316],[30.789665736074408,-30.233477696999714],[30.789665616170808,-30.233725808876006],[30.789418976845873,-30.233725944084838],[30.789418923225302,-30.233980195509886],[30.789561653636124,-30.23398531037898],[30.789536102957534,-30.234241324074926],[30.789587617985518,-30.234244761581504],[30.789639505960729,-30.234256009744279],[30.789626549854042,-30.234492859452097],[30.789314977421643,-30.234440421597796],[30.789314859223154,-30.234707287364721],[30.789010803156877,-30.234666207944983],[30.78890181219414,-30.234936732132351],[30.78900314644277,-30.234978153073332],[30.788959758512863,-30.235217225980811],[30.789132928110178,-30.235248853311649],[30.789003930005467,-30.235485403373744],[30.789119864505668,-30.235496978564978],[30.78917168824773,-30.235801499762417],[30.788817069925287,-30.235758911463414],[30.78876464099552,-30.235931837542779],[30.788763796649466,-30.235934629875764],[30.788745043147983,-30.235996653570581],[30.788937929469487,-30.236061070519231],[30.788815136504709,-30.236274596136841],[30.788924892167682,-30.236309241768154],[30.788795070294647,-30.236568683749514],[30.788588921405434,-30.236473335954166],[30.788574297142485,-30.236726679733376],[30.788260146351362,-30.236620738272244],[30.788123175434297,-30.236829003821082],[30.788210622812805,-30.236884760171222],[30.788119953947216,-30.237143811892988],[30.788249526019069,-30.237178040900904],[30.788197618054809,-30.237369789126276],[30.788045348741676,-30.237355546478923],[30.787950887772094,-30.237437590659098],[30.787715398707174,-30.237655907650847],[30.787859848155687,-30.237798585671637],[30.787668463681516,-30.237929351944182],[30.787768910639411,-30.238058065154355],[30.787652077032369,-30.238249822519791],[30.787558302326346,-30.238150364063689],[30.787409114818772,-30.238288446440784],[30.787212225509972,-30.238101946198153],[30.787168682650897,-30.238139738725959],[30.787009954618259,-30.238277701412841],[30.78710654174002,-30.238396677379168],[30.786892232947686,-30.23856969492298],[30.787015572115362,-30.238723840838016],[30.786821234830263,-30.238904874885705],[30.786898646397223,-30.239005892173093],[30.786690939592145,-30.239163835787114],[30.786559629273526,-30.238920525592903],[30.786338924347703,-30.238992456408596],[30.786405214075664,-30.239096288330014],[30.786164211315796,-30.239162495537752],[30.7862623298888,-30.239333210690823],[30.786015662081336,-30.239446033365081],[30.785897090340612,-30.239294663654753],[30.785668764955769,-30.239333434537023],[30.785616834828915,-30.239331497644091],[30.785501754083477,-30.239367434263126],[30.785308747275803,-30.239449267330791],[30.785202753776023,-30.239509052008767],[30.785039073975454,-30.23970454771062],[30.785285529883037,-30.239896498783043],[30.78428694753142,-30.240605116653473],[30.784074526342692,-30.240953867265951],[30.784011734498051,-30.241054513471919],[30.783997333985063,-30.241110035211676],[30.783944587764466,-30.241177751868229],[30.783783762775798,-30.241425980778011],[30.783563700247473,-30.241751266045732],[30.783395820276905,-30.242008832686661],[30.783280424611434,-30.242189348660769],[30.783183036571764,-30.242340529452072],[30.783026585689658,-30.242582702747402],[30.782861601687873,-30.242831709266888],[30.782734565885207,-30.243034819268864],[30.782659415555639,-30.243156481313434],[30.782559382444759,-30.243334585622261],[30.782484236074364,-30.243467928385023],[30.782643385714312,-30.243636989317594],[30.782297188729402,-30.243776425582652],[30.782194029239086,-30.243972853421344],[30.782104938976747,-30.24414010027176],[30.782040500792341,-30.244250489526653],[30.781951334845353,-30.244419313846617],[30.781866341185232,-30.244577278793564],[30.781801630031374,-30.244712684386503],[30.781736147967738,-30.244845654893357],[30.78168260566725,-30.245001164365689],[30.781653750141317,-30.245068872949187],[30.781618238040313,-30.245146835006626],[30.781584289551539,-30.245213518458431],[30.781546853887473,-30.245360196456279],[30.781492773523752,-30.245563282453428],[30.78145265596061,-30.245743770678647],[30.781424470050467,-30.245901678505728],[30.781439620754107,-30.246172451683005],[30.781454066894945,-30.246381814833686],[30.781566293700063,-30.246715615548087],[30.781689741425254,-30.24672322183995],[30.781747714035422,-30.246987927763001],[30.781936395858366,-30.246982648266638],[30.782027177941696,-30.247208187873792],[30.781739491265462,-30.247256892977994],[30.781770530628719,-30.24754119010041],[30.781897282947799,-30.247546661108728],[30.781921231454625,-30.247765648760065],[30.782066034376651,-30.247772200555527],[30.782143838022044,-30.247986520259953],[30.782014019809111,-30.248110595934872],[30.781911317769591,-30.248106034665305],[30.78192560043107,-30.248331182629752],[30.78201393102951,-30.24833625670351],[30.782064049398766,-30.248521427119275],[30.782299576866198,-30.248527962673144],[30.782338407152164,-30.248742280614369],[30.782130735849137,-30.248760850759439],[30.782130667872572,-30.249006395707898],[30.782299445690121,-30.249013026810726],[30.78235998047516,-30.249249861099216],[30.782442223987701,-30.249249891263979],[30.782494060268014,-30.249452899025876],[30.782331906044231,-30.249470034995323],[30.782368262107404,-30.249564946375063],[30.782369797271993,-30.249568949572815],[30.782432106782739,-30.249731473944006],[30.782520010050938,-30.249734902509896],[30.782586105906919,-30.249953207616201],[30.782701765654586,-30.24994921214358],[30.782714648488728,-30.250140936228096],[30.782453551369713,-30.250146876870929],[30.782506821300352,-30.25034406777732],[30.78192727532408,-30.250466621909261],[30.78179857784896,-30.250540834070019],[30.781721391820092,-30.250581918006528],[30.781401408878622,-30.250751876939599],[30.781364397692613,-30.250760194431091],[30.781169917552628,-30.250792434153606],[30.781001523250996,-30.250822363717955],[30.780781249800309,-30.250868191705724],[30.780652921929711,-30.250919931173808],[30.780589078996996,-30.250940661897904],[30.780530556864168,-30.250950211422111],[30.780117294809124,-30.251197293270259],[30.779700785504467,-30.251455199398855],[30.77931220674505,-30.251767463504216],[30.778680872826197,-30.252323396481],[30.778359263993163,-30.252652262324812],[30.778087587003515,-30.252913655630234],[30.77775773862254,-30.253230539242495],[30.777586147354079,-30.253434259230147],[30.777523821716194,-30.253559458806912],[30.777467172531694,-30.253662905752442],[30.777419482252341,-30.253751059003257],[30.777397015157163,-30.253807917473353],[30.77728913200022,-30.253913825585869],[30.777148918888088,-30.254067198322034],[30.776971513050615,-30.254264161057321],[30.776715247725026,-30.25455453204162],[30.776518132263448,-30.254783035408444],[30.776422798015858,-30.254897249630606],[30.776284751545937,-30.255100693135887],[30.776146813823267,-30.255304041956911],[30.775994327713132,-30.255554374879065],[30.775842152191345,-30.255804866905837],[30.775773274122514,-30.255936631308948],[30.775593629002362,-30.25615560217587],[30.775403842274756,-30.256313044731119],[30.775275713560418,-30.256408519252702],[30.775198703413611,-30.256461333601226],[30.775121591836808,-30.256508462036752],[30.775033674086096,-30.256558107561535],[30.774919981882551,-30.256611667886339],[30.7748174502001,-30.256690867645442],[30.774637979518289,-30.256833264185079],[30.774323357302432,-30.257097198742994],[30.774003169043723,-30.257432369525628],[30.773812228603497,-30.257681633957876],[30.773661000067186,-30.257920410808943],[30.773508947619995,-30.258113988277341],[30.7734707988377,-30.258159654097174],[30.773312178347854,-30.258365036066085],[30.773057163537565,-30.258637287516546],[30.772627528258091,-30.259113892323295],[30.772304721173072,-30.259495168517919],[30.772182061038269,-30.259604360774752],[30.771813685491566,-30.259965509952359],[30.771400546527644,-30.260365222421907],[30.771046533633694,-30.260712857223471],[30.770735230404828,-30.261013858013179],[30.770552309375219,-30.261185811418574],[30.770604769329072,-30.2611944016246],[30.768226130532561,-30.263538806536388],[30.765888467387473,-30.26370787667642],[30.767171101242454,-30.264525417291654],[30.764466062005372,-30.268935983181287],[30.764071941453871,-30.269434973827334],[30.762402645873753,-30.269433463286056],[30.760768007463422,-30.268857678463707],[30.758980032622848,-30.269152737746882],[30.757193662473252,-30.268791432281475],[30.756548358756394,-30.268444162280854],[30.756178342714637,-30.267966133271926],[30.755009325219934,-30.268142954209516],[30.754113091945758,-30.269191423628513],[30.75345300484797,-30.269261783595965],[30.753014200937258,-30.268807483248391],[30.752533244132316,-30.268309534869989],[30.750513839565091,-30.268098666309296],[30.749154766419615,-30.267320391703681],[30.745857103190897,-30.266609956307057],[30.745520408667293,-30.266666887636042],[30.745407957774422,-30.266750645353468],[30.745037450964357,-30.267122275535524],[30.743534131377416,-30.26729094864767],[30.741166699896727,-30.266723521612878],[30.74078836949014,-30.263429132809929],[30.739736240315317,-30.262763829626923],[30.739375313335714,-30.263125722592104],[30.737854879051191,-30.263290601916246],[30.737133703680183,-30.26256055233808],[30.735650768815933,-30.262169732581995],[30.73550694375804,-30.261751339516469],[30.736228667803157,-30.260926815301126],[30.736795648874015,-30.260720683409648],[30.737274932282304,-30.260203616334884],[30.737716260537514,-30.260043229735885],[30.738739490415526,-30.259299946134476],[30.739443636118157,-30.259126644170696],[30.740220102108534,-30.258288857629339],[30.741899486304863,-30.257875582892254],[30.742347053225473,-30.257392710856763],[30.743131508019108,-30.257132698332587],[30.743781667891596,-30.256972705912954],[30.744386166553433,-30.256591257347058],[30.744711192770453,-30.256511167649112],[30.74471164391398,-30.256329889567208],[30.744712593115143,-30.255967268531307],[30.744503740479384,-30.255966855002089],[30.744504214937592,-30.255785544478545],[30.739379457188878,-30.255691494239862],[30.73895127388943,-30.255258097348431],[30.739019373862082,-30.254543274397548],[30.738103837313442,-30.253855322759218],[30.737731854412996,-30.252773556317688],[30.73705870675531,-30.252023760782265],[30.737597326171535,-30.249478023316936],[30.738371373368196,-30.24789253453412],[30.738567253415802,-30.24691105425859],[30.737942011609039,-30.24644108579653],[30.73784603160324,-30.246162158556899],[30.73771498799055,-30.245235219179854],[30.735795595856079,-30.243895469573921],[30.734231009582029,-30.24371708684804],[30.732903991089405,-30.24439070901018],[30.731296281520571,-30.244213736824122],[30.73086890707015,-30.243327490613009],[30.730554150119815,-30.242859937425063],[30.729348675256418,-30.242558034127946],[30.728762741468177,-30.242620053358614],[30.727818361834583,-30.242018032606968],[30.726835663884863,-30.242343679441916],[30.725002821219288,-30.241885097105822],[30.72439997036053,-30.241500793368761],[30.723204479525169,-30.24106039536326],[30.722847570749323,-30.240671483714475],[30.72250032604164,-30.240428903269034],[30.722176978553701,-30.240076503248005],[30.721873226914607,-30.239446405474844],[30.721228314111809,-30.23899571250892],[30.720580189488256,-30.238289460760441],[30.720117250138905,-30.237965891748971],[30.719999667668382,-30.237886708307677],[30.719696152743186,-30.237543636619407],[30.718330612274464,-30.237339161534095],[30.717731565056273,-30.237133185551208],[30.716987442235936,-30.237052543603166],[30.717129808690729,-30.234955955107921],[30.718567654389048,-30.233523568320557],[30.719332336330176,-30.232623170912913],[30.719614182248257,-30.22989246295457],[30.720040171838598,-30.229718921863771],[30.720148143865231,-30.227086487767028],[30.719815950993983,-30.227011803392493],[30.719530847452493,-30.226344927618207],[30.718520449562561,-30.225329550068555],[30.717439392034507,-30.225086081508767],[30.717231024141629,-30.224904314612747],[30.717144178058675,-30.224798494651218],[30.715744638742752,-30.224630812211654],[30.715057783884195,-30.224249992149979],[30.714188594874777,-30.224096717106594],[30.713966551845232,-30.223122278966592],[30.713214028552098,-30.222825286247591],[30.712555246567547,-30.223186545879489],[30.710014803654069,-30.22333235316842],[30.708586530626548,-30.223721730992075],[30.708047099712786,-30.223796201930753],[30.707959498106032,-30.220073792148924],[30.707853764627643,-30.218537444151096],[30.706516092366616,-30.218625359724594],[30.706297793271307,-30.219724201854575],[30.706179769964667,-30.219802955452241],[30.706098220734251,-30.21661788428321],[30.705654252944708,-30.216458931244198],[30.704692936104152,-30.215780571728878],[30.70452409649311,-30.214903480154018],[30.705029657822529,-30.214540648244419],[30.70481865604366,-30.212694742679304],[30.70401236149517,-30.212388827818938],[30.703908091902598,-30.211456945956289],[30.703570340200784,-30.211386988901168],[30.702281000094594,-30.210363910133889],[30.702524409969239,-30.209691350637417],[30.701880205110381,-30.208996916314277],[30.700446396027427,-30.208841357000058],[30.700287972051999,-30.208616650399147],[30.700158985087349,-30.208547255465156],[30.699935167145892,-30.208378866346884],[30.69935720876736,-30.207793100495557],[30.698780990121733,-30.207359591183153],[30.698815542066885,-30.206997854821353],[30.698591149376856,-30.206646434792376],[30.698282068232025,-30.206040436123313],[30.697076704498588,-30.20476789664113],[30.696301539996156,-30.204465252837643],[30.696108873699202,-30.204270047746093],[30.695885071289041,-30.204101651715181],[30.695695321169605,-30.202999792740677],[30.695196517831029,-30.201963511724809],[30.693804885335808,-30.201739600654722],[30.693450939685093,-30.201380830275774],[30.692971528224973,-30.201193694493874],[30.692149966629458,-30.20063166464616],[30.692046457871449,-30.199099540973215],[30.692373200933858,-30.19902129320673],[30.692555967232423,-30.198757692440239],[30.691638857711236,-30.19813941511358],[30.691297117660042,-30.197062158957916],[30.691567059590835,-30.195658648068193],[30.691491429322756,-30.195205904188914],[30.690481509799813,-30.194524975425537],[30.689634172316786,-30.19422139928416],[30.689004886862538,-30.193301687434083],[30.689085499454041,-30.192836793592218],[30.688936101976239,-30.191941320902359],[30.689313165131143,-30.191114759281106],[30.688941855451681,-30.190287764141335],[30.6896086078,-30.188972072712161],[30.689042986887934,-30.189043339437763],[30.688647818172889,-30.188834921914911],[30.687786579807522,-30.188674999281417],[30.686979176305677,-30.188468293787615],[30.684983074230384,-30.188384552290778],[30.683896912638936,-30.188263841306707],[30.683734791377301,-30.187112326695768],[30.683409756664837,-30.186669887569497],[30.683232589582214,-30.185195486629421],[30.682942221744199,-30.183632949249297],[30.68364020112849,-30.182819902839441],[30.683844534624903,-30.181239623707842],[30.683220708495398,-30.180504369987787],[30.682923145455995,-30.179857408330715],[30.682420864475393,-30.179748839946754],[30.681045397257613,-30.179671511595263],[30.682116010120204,-30.178597875740699],[30.682831536200926,-30.178322594966652],[30.683557784926801,-30.177972826144419],[30.683973018306336,-30.177865315431973],[30.684089454811772,-30.177592182413171],[30.683819312579253,-30.177168730117494],[30.683464651077234,-30.176134736167018],[30.683121377519793,-30.175596722640027],[30.683557527183204,-30.174921847732826],[30.68340360403899,-30.173198078342683],[30.683043842037065,-30.172339381314849],[30.682622510952125,-30.170707153862534],[30.682857062831317,-30.170344372721232],[30.683262963260237,-30.169062622414291],[30.683488911528354,-30.168532576363731],[30.683684382399832,-30.167794348809657],[30.684006603121244,-30.167348517432586],[30.684215850724531,-30.167167708660802],[30.684130964361806,-30.167060157976703],[30.683788064358342,-30.165832427044979],[30.683323675362253,-30.165552202014705],[30.682758305551268,-30.164685805756026],[30.682916071220905,-30.164081985580506],[30.682846771577694,-30.163809843794773],[30.683042898353275,-30.163059439371636],[30.682492620865649,-30.161089070471224],[30.682777773753301,-30.160092527643151],[30.682246757992694,-30.160008967765204],[30.681204606844691,-30.159665807375376],[30.67892907455969,-30.159438413542212],[30.678201083073244,-30.159501029316814],[30.677146269535761,-30.159353464030797],[30.675979252534123,-30.159424543225928],[30.675371273401275,-30.159766541207151],[30.674455758953922,-30.159245302907507],[30.672973580662227,-30.159161767401915],[30.673080955168956,-30.157460016324404],[30.67460163281887,-30.156408033851136],[30.674328726255911,-30.156001964250724],[30.674028893407637,-30.154479157367277],[30.67346195803793,-30.153186341386029],[30.673548086078,-30.152598679054538],[30.673947578806299,-30.152011799032117],[30.674217248878865,-30.150943521428285],[30.674120415082577,-30.150250220830539],[30.674455917899795,-30.148983289997112],[30.675025186097997,-30.148589421497608],[30.675606010933397,-30.14796257370509],[30.67602703099319,-30.147101150866749],[30.677511069016731,-30.146943530787574],[30.679368204350556,-30.145753337747777],[30.67948664794708,-30.145397130428929],[30.677908763655701,-30.145314231428401],[30.677271899912984,-30.144901497858203],[30.676879510212732,-30.14495086376149],[30.674366060554416,-30.144585602667775],[30.674274435088844,-30.144296261861076],[30.674392392668686,-30.144217624907462],[30.675011127312462,-30.143324314239511],[30.676292549321921,-30.143092595745241],[30.677449159273127,-30.141797920124155],[30.676277427282578,-30.141945399006865],[30.67574310724822,-30.141761405967831],[30.675052380481272,-30.141672279958208],[30.674831217920207,-30.141102976854167],[30.674444703986399,-30.140894684571311],[30.674286340921025,-30.140669855882621],[30.674842316179156,-30.140610350429892],[30.675400542460906,-30.140370885406778],[30.675956514383866,-30.140311374310844],[30.676057447677632,-30.13839933527218],[30.677332513311224,-30.137149860577782],[30.67752483202268,-30.1362269816658],[30.677753273298787,-30.136062917597148],[30.677979559966623,-30.135827675076467],[30.67790631403798,-30.135185043454889],[30.678577030053102,-30.133121957455462],[30.678353032476657,-30.131156752140498],[30.677448123992725,-30.130704755104677],[30.677541228513359,-30.130604223800454],[30.677710212165543,-30.129449818342049],[30.678967622224203,-30.129140615349158],[30.679526007516888,-30.127838862809433],[30.680078540945804,-30.12718531675678],[30.680452004317139,-30.126420828385008],[30.681010250476231,-30.125600500984717],[30.681362094742614,-30.125356898907885],[30.681306847066015,-30.124961293850742],[30.681928678297112,-30.124530900044999],[30.682653735623312,-30.124267363479291],[30.683636411079739,-30.123206572618106],[30.683886264776493,-30.122695074536722],[30.684777979852502,-30.12165615033426],[30.685078995079433,-30.121757636236431],[30.685727331492171,-30.121920394870596],[30.686535633829894,-30.122849003694924],[30.687691850765983,-30.123657764555034],[30.687992796597953,-30.123193379179899],[30.688645890417902,-30.12303698547656],[30.689253106007058,-30.122356921001742],[30.68949681318518,-30.12184323340713],[30.691928535248845,-30.120998521679756],[30.692264353465099,-30.120290651695679],[30.692619050983375,-30.119782541219394],[30.692814557576821,-30.11917852751786],[30.693713623548557,-30.118861036578139],[30.694268628877349,-30.117263606648081],[30.693781814351144,-30.1161785604566],[30.694301058048744,-30.115434579758674],[30.694484497836562,-30.114867698807046],[30.694930092619497,-30.11434806770751],[30.695114070197771,-30.113639022203614],[30.694816569843237,-30.112976211392287],[30.695977335998478,-30.112899895493044],[30.696498309044379,-30.112628320796031],[30.697750457993443,-30.113439924748093],[30.699312384489694,-30.113609438673571],[30.699783211249287,-30.113857868191481],[30.700383080830211,-30.112991094788708],[30.700657038408391,-30.112808242046164],[30.700774458774408,-30.112887441443682],[30.701030738841695,-30.113435853610941],[30.702526985400532,-30.11366036447545],[30.702930786302186,-30.114117638890402],[30.703468566187965,-30.114187958656807],[30.703787747118362,-30.114147728076265],[30.704615489473163,-30.114267862702761],[30.704734473334824,-30.113826479825349],[30.704919478923657,-30.112715550104852],[30.705365010689359,-30.112195882100227],[30.705608817929882,-30.111681801811095],[30.706625930793653,-30.111322527736235],[30.707011525994119,-30.110576028545381],[30.706208371843264,-30.109629220335961],[30.706630310731942,-30.10838296752198],[30.7065163448944,-30.107699936322827],[30.70683892856626,-30.107484705089544],[30.707398977033023,-30.106857127590693],[30.707674541307124,-30.105735840855978],[30.708125172548566,-30.105089974019052],[30.707963712628317,-30.104122565735164],[30.707657517053967,-30.103678694668879],[30.707567475010361,-30.103394793725322],[30.707686432320543,-30.1029534072694],[30.707875415455291,-30.101636721066559],[30.708499750365078,-30.100937208445146],[30.708617629271185,-30.100858539690645],[30.708614952289533,-30.101765111881353],[30.708823481406647,-30.101765576896806],[30.708950323886501,-30.102165565205912],[30.709329084323965,-30.102594439882957],[30.709563915977995,-30.102752913457678],[30.709881046808668,-30.103431341541889],[30.711018515829569,-30.104569321869818],[30.711199050157482,-30.104955716172487],[30.711851066533001,-30.105115106573283],[30.712031180769529,-30.105682905262135],[30.71226507094606,-30.106204003512453],[30.71246554426439,-30.106836073296723],[30.713040177075356,-30.10806568263488],[30.713392558278255,-30.108303428210466],[30.71362470641726,-30.108142647162943],[30.71451124483082,-30.10718505532375],[30.714254674271093,-30.10535446876327],[30.715298410249176,-30.104631391993056],[30.715155788765678,-30.103613187244779],[30.714866500401481,-30.103410763457735],[30.714961636201192,-30.102584946622109],[30.71540225929132,-30.102424716284364],[30.715748502371529,-30.102050749721506],[30.716305310590133,-30.100750904837216],[30.716640890403575,-30.098780749151395],[30.717662287720515,-30.09767585079052],[30.718127764712545,-30.097353463957678],[30.718313828289542,-30.097152433629301],[30.71854583650552,-30.096991643167222],[30.719222336504288,-30.096260798840365],[30.721147425543691,-30.096081298558875],[30.721562317743491,-30.095446725918229],[30.721261427057353,-30.092632084260959],[30.720002878222466,-30.092454934273519],[30.719596468911597,-30.09149417209516],[30.720016727346799,-30.090459679837878],[30.720002037456965,-30.09011578017429],[30.71857273020732,-30.08858089917095],[30.718456006442672,-30.087824353083683],[30.718667598547562,-30.086700560412066],[30.718257437923107,-30.086413540213588],[30.718047175588822,-30.084922144768001],[30.718722489359045,-30.083082837029551],[30.719087951400944,-30.082741559476304],[30.719413351911733,-30.08248065849202],[30.719796593542863,-30.082122729230331],[30.721326491264811,-30.081510607525704],[30.721948414259636,-30.082055048407835],[30.722016867577278,-30.082029436912862],[30.722989676588611,-30.082404345340926],[30.725143551364418,-30.082297200012921],[30.725664808598417,-30.082325349726155],[30.726215573957965,-30.082297901184049],[30.729387499969331,-30.082503923528119],[30.729949124275791,-30.082942406140184],[30.730145371187128,-30.083134320676638],[30.730457842328718,-30.083270183299366],[30.73077094824427,-30.083135606302527],[30.731027303907787,-30.082814362413888],[30.732394112933907,-30.082372761538636],[30.733152887026421,-30.08194519012013],[30.733843371837441,-30.081722157062394],[30.735280331111209,-30.080350755439429],[30.735735764980209,-30.079660413695596],[30.736496062052961,-30.079232015649623],[30.736951590793286,-30.079084809388753],[30.737405231647333,-30.078516149280336],[30.738706957862419,-30.078265179978274],[30.739505413285922,-30.078422466361616],[30.740251889050917,-30.078151520306523],[30.741834769909616,-30.078080585610842],[30.74225230577003,-30.077900089555886],[30.742569667384373,-30.07834895380428]]]}},
{"type":"Feature","properties":{"sde_LDR_Mi":0.0,"CAT_NAME":"Little Manzimtoti River","MAJ_CAT":"Manzimtoti River","Id":0,"Phase":"Phase6","OBJECTID":0,"Shape_Area":40812051.213100001,"BlockName":"Kingsburgh"},"geometry":{"type":"Polygon","coordinates":[[[30.804585558521655,-30.058220406620638],[30.803197665212096,-30.057938420268837],[30.802710667377923,-30.058000294637488],[30.80150231338089,-30.058782013888006],[30.800765165998914,-30.058696915479356],[30.799719538387084,-30.058187365094771],[30.798367749530545,-30.058616858822077],[30.797673248576324,-30.057913070842375],[30.797425084920985,-30.05695512720775],[30.797514669580483,-30.056006285941329],[30.797897085658377,-30.054799253063933],[30.797854496627686,-30.054327576863717],[30.798768057559197,-30.053974638835733],[30.799404289779673,-30.053334499100163],[30.799075568299557,-30.050373354381982],[30.798602313399453,-30.049711041016131],[30.798735444125516,-30.048798063957818],[30.799762500515257,-30.048544253338147],[30.800272604496694,-30.048263038095968],[30.801031363438469,-30.048700889329425],[30.80185434217174,-30.048554011154501],[30.802479118515581,-30.048326905071793],[30.803227802873401,-30.048778258989397],[30.803482554349813,-30.049100413830391],[30.803605799814306,-30.049174659567665],[30.803885308604364,-30.04898762399381],[30.804534638551136,-30.047982587947516],[30.805722973006514,-30.048137171816645],[30.806325045961859,-30.047264753609237],[30.807453561029398,-30.046539423393028],[30.808371219052123,-30.046372345825134],[30.808705094496936,-30.045997294852622],[30.809031345753503,-30.045918747543418],[30.809158944603904,-30.046048021099867],[30.809976123355572,-30.046366738540314],[30.810689252586805,-30.04671425831458],[30.812298298178746,-30.046933787940443],[30.813086640842126,-30.046552519517501],[30.814978376907884,-30.046387335740061],[30.815726227708339,-30.046025749359067],[30.816645812228948,-30.046376231358511],[30.817046830768696,-30.046571549500264],[30.817478902385659,-30.046740028092096],[30.818504124743502,-30.04748022532436],[30.819865795976618,-30.047928722662412],[30.819865240350808,-30.048291358981185],[30.822366361228223,-30.048294767893861],[30.822882152838758,-30.049030121201902],[30.822723133450292,-30.049667924912065],[30.82269680356713,-30.049773529433676],[30.822686057381866,-30.049773842960974],[30.821601641469357,-30.050538912176005],[30.821410995477155,-30.050917776098082],[30.821136002844668,-30.051270646082088],[30.82125254743001,-30.051579021838705],[30.821651010072014,-30.051710514622169],[30.82272587394198,-30.05206521149934],[30.822636903292207,-30.052723845732107],[30.821814281835785,-30.053362579667311],[30.820396082902576,-30.053644778323882],[30.815735201681921,-30.053832177925159],[30.815168235698422,-30.054362799208086],[30.814534632868043,-30.054536368728993],[30.81359943295373,-30.055173177885283],[30.813505855119647,-30.055636355082065],[30.812948538562289,-30.056457973745129],[30.813110218774867,-30.057604120261381],[30.811926113601977,-30.058886184165143],[30.810557953608598,-30.059057333937133],[30.810255566733257,-30.059701615889423],[30.81108894207722,-30.05996306858458],[30.812778844371561,-30.059438313425108],[30.813075388608823,-30.059791270080076],[30.813308589099602,-30.061547675306748],[30.814212734043529,-30.061910153345387],[30.814725596881349,-30.062886301502278],[30.814945105029139,-30.063239145231993],[30.815584574848291,-30.064456144435081],[30.81680717099114,-30.064521183786393],[30.817125603445302,-30.064607235306269],[30.818490447144697,-30.064526861426408],[30.819878879952263,-30.064191216294493],[30.820709967489101,-30.064606771890897],[30.821271880919365,-30.064020192129394],[30.822354643549929,-30.063758436177178],[30.824934533400061,-30.06401367769098],[30.825960415625207,-30.064658047872282],[30.826932176061394,-30.064175637556296],[30.827598442266513,-30.064386339707809],[30.828268642984312,-30.064721350612068],[30.828983600771313,-30.064904956447609],[30.829517747772261,-30.06571887896412],[30.829298543529855,-30.066658654295654],[30.827450000931446,-30.067258194355375],[30.827112825858702,-30.068034983871829],[30.827745065339457,-30.068801412786094],[30.826890699572317,-30.070094144438563],[30.826786907926405,-30.070966861209072],[30.826874640152006,-30.07172742994657],[30.825910814408825,-30.072783395383702],[30.825750570556401,-30.074130460426904],[30.825655804870632,-30.074229292912399],[30.825993181638811,-30.074298930959142],[30.826543749745632,-30.074636227539997],[30.827445633869431,-30.074904885309749],[30.827738746610965,-30.075320047877867],[30.82794700993075,-30.075501640255979],[30.829002439572545,-30.076652815618203],[30.82856992077695,-30.076953095756146],[30.828746910586602,-30.077168473424809],[30.829900367711797,-30.076343124830789],[30.831115607036885,-30.076132886060496],[30.831786373182098,-30.075763713338564],[30.832446495727154,-30.075613098568073],[30.832621202782605,-30.075220735221656],[30.832742786709684,-30.075145205706097],[30.833216910779633,-30.074701443208738],[30.835245491999945,-30.074604366563957],[30.835453664914045,-30.074785946986996],[30.835894288165481,-30.074896103277734],[30.83561460585787,-30.075308583976998],[30.836368941638867,-30.077798617289293],[30.837439793199724,-30.078495625303695],[30.837624918851539,-30.078697290257171],[30.837905582743289,-30.078893388741712],[30.838248883254561,-30.079604742229339],[30.838896022465104,-30.08049201189203],[30.839195597217962,-30.081499730492933],[30.839763416087713,-30.081359338415513],[30.840745390860498,-30.080678278379118],[30.841057099453341,-30.080704304811317],[30.841811089065995,-30.081158702095038],[30.842153667480346,-30.081457461098736],[30.84257833528978,-30.081911458053],[30.84285657124131,-30.082308441273753],[30.84303642583194,-30.08341999132384],[30.843442418026026,-30.084007170333415],[30.843569577904443,-30.084406213725277],[30.843238632953348,-30.085025470946324],[30.842854591448191,-30.085961592982681],[30.842402336716439,-30.086475165014534],[30.842109034192504,-30.087738391602098],[30.842564871243631,-30.089846159733977],[30.842434265423996,-30.090105855851618],[30.842517848677137,-30.090207566348113],[30.842656237767216,-30.090268624723382],[30.843142034503018,-30.091114922784076],[30.843350256187144,-30.091296584238517],[30.843857700727245,-30.091580810266112],[30.844844812351955,-30.092920012385836],[30.845765356368364,-30.094009464549575],[30.846488324265401,-30.095079585281969],[30.84655325587164,-30.095690674848246],[30.846260047183279,-30.096399007511351],[30.847304586325158,-30.096197003315073],[30.847513106759557,-30.09619724726733],[30.847721347214346,-30.096378810609838],[30.848680314134448,-30.097002910255981],[30.849923700559945,-30.096846391065586],[30.850725627552102,-30.096573346643016],[30.851008451260608,-30.097176626848629],[30.851473567123776,-30.097289828375139],[30.851613638429338,-30.097622678363248],[30.851555967169219,-30.098236033826989],[30.851573318540495,-30.098240597599009],[30.851356175025046,-30.09953391320148],[30.851314587351322,-30.100328883789384],[30.850445724341789,-30.103120418826666],[30.848711723221044,-30.106161564151957],[30.848564515100879,-30.107315037810661],[30.849788284865536,-30.108530164088453],[30.849695374919886,-30.108630820602574],[30.849358690052274,-30.108714069966581],[30.84918936877342,-30.108517042559725],[30.847912826324897,-30.107031586535129],[30.846957244529733,-30.108468115331462],[30.846151837211874,-30.109678848346789],[30.845201876436658,-30.11110683515129],[30.845217442914837,-30.111130373925455],[30.84440009293083,-30.112807912261683],[30.844432649491054,-30.112820760246482],[30.844170080330553,-30.113223043165011],[30.84397822630071,-30.11327161456316],[30.843814162829826,-30.113495082071001],[30.843771835241633,-30.113641429692358],[30.843640887983685,-30.113812187853224],[30.843554263623044,-30.113940885879003],[30.843393581191311,-30.114058763515917],[30.843276785536212,-30.114275027719373],[30.843196649982826,-30.114439281377191],[30.84310304113092,-30.114705368779024],[30.842949353860934,-30.114918831803397],[30.842830711273827,-30.115179572031199],[30.842809182696374,-30.115323062410386],[30.842761760897403,-30.115431893138719],[30.842662839239651,-30.115528375258666],[30.842452563120002,-30.115774993421311],[30.841557860408322,-30.117359052407021],[30.839591051105973,-30.120841060122192],[30.839031121434921,-30.123161138756128],[30.838106013384213,-30.123488962432504],[30.837784665714018,-30.123849844057148],[30.83754895015111,-30.124007503514751],[30.837366910479393,-30.124211956833776],[30.837131193393674,-30.124369615527232],[30.836948252103614,-30.125118109558684],[30.83683044420383,-30.125196893527789],[30.83428001699048,-30.125271880538943],[30.833670739970351,-30.126036639619187],[30.833490498862769,-30.126643416901704],[30.833072715176542,-30.127005516661633],[30.832835899944765,-30.12780273864394],[30.83265400574189,-30.127911656020764],[30.832655544152232,-30.127004980299834],[30.832238374176832,-30.12700444261414],[30.830886717470779,-30.126882805246964],[30.830780662789131,-30.125551922631846],[30.830780974047375,-30.125370605672231],[30.830959520826642,-30.125268522501607],[30.823362878610123,-30.125100589909692],[30.822647067262892,-30.124634596199009],[30.822794544521351,-30.123816610620853],[30.82273217066993,-30.123127878716563],[30.823278333374489,-30.121552867534387],[30.823154405532637,-30.121163632156918],[30.821786237160463,-30.120242616895499],[30.820360246292271,-30.120423891442503],[30.819526051412872,-30.120315474092482],[30.818368363928286,-30.120462618761067],[30.817553918326819,-30.119441047365228],[30.817353663999448,-30.117997164385869],[30.817001499161528,-30.117487717929418],[30.816729987460441,-30.116908292212116],[30.816420981798391,-30.1164615088245],[30.816614383542166,-30.115741200519363],[30.81452867664904,-30.115738340520956],[30.813999651174573,-30.115653603215009],[30.813291795464984,-30.114936971966493],[30.810664221034788,-30.114742214752006],[30.810208516073725,-30.11452036300259],[30.809276107509259,-30.114584133744028],[30.809108953809822,-30.114098570867576],[30.80821392368232,-30.114596535144301],[30.807543799842097,-30.114509399864229],[30.80681366275105,-30.114602136435288],[30.805125494265745,-30.114382674003267],[30.804727184577921,-30.11499874103276],[30.804426809321654,-30.115463313621426],[30.803007144999789,-30.115670821466608],[30.802678261550664,-30.116895350824954],[30.803992937281979,-30.117314635666375],[30.804095027818622,-30.118261793821198],[30.801474200597404,-30.118336762696735],[30.801203697508335,-30.118640352180055],[30.799231648425987,-30.118383937199134],[30.798789877521742,-30.118151421821263],[30.797860787661303,-30.117992030899487],[30.797464428162026,-30.118436774106282],[30.796168985279316,-30.118249645022718],[30.795960419121286,-30.118249319378478],[30.795960794929865,-30.118068001677486],[30.795866366637991,-30.117968895758999],[30.795221712592355,-30.117803254348818],[30.794615626254739,-30.117604204688408],[30.793762413123783,-30.117438318233731],[30.793267564265982,-30.117190996123416],[30.79241665182505,-30.117264967908913],[30.792036327640822,-30.117230623937012],[30.791549202947426,-30.116718997836625],[30.789592855994712,-30.116525066696443],[30.789081596890725,-30.116243873596538],[30.788757410204187,-30.116162702960164],[30.788155584388718,-30.115778974361376],[30.787128687463579,-30.115234519285529],[30.785005521638983,-30.115068706490295],[30.78461187906996,-30.114866623263353],[30.783963521427484,-30.114704350281901],[30.783361325363174,-30.114501917425727],[30.781461418145909,-30.114337549340128],[30.780739655909944,-30.113967027292787],[30.780118345700508,-30.113871986442614],[30.779910194012011,-30.113690317723663],[30.779788860879286,-30.113614338648816],[30.779101044672878,-30.112732205826248],[30.777914203614827,-30.112523256325883],[30.777066935673986,-30.112053543514797],[30.776578566661296,-30.110946218974973],[30.776151015022901,-30.110513049008208],[30.776032464090616,-30.109907295353477],[30.776460424781547,-30.109144185843725],[30.773246714763147,-30.108964468823903],[30.772832361688806,-30.108855140522596],[30.772108553534146,-30.108502433173918],[30.770908125039242,-30.108185963477609],[30.770202011345869,-30.108526883434241],[30.769398105059548,-30.108135050210389],[30.768661389253833,-30.107940705861544],[30.767954446518111,-30.106955018246019],[30.765951593543171,-30.107091363718261],[30.76522181808366,-30.107039088517119],[30.76484772900357,-30.107064577099226],[30.763897690974471,-30.106836625642451],[30.762243139902203,-30.107056712894103],[30.76179830946991,-30.107503874430456],[30.761471988668131,-30.108583876576557],[30.762497092599805,-30.109355031496591],[30.76147363231663,-30.109620905808885],[30.759369014502642,-30.10928513140701],[30.758758317051075,-30.109579886711451],[30.758117655053994,-30.109827112869215],[30.757603227185864,-30.109661802777527],[30.75751269364844,-30.109559249497273],[30.757133889769264,-30.109303981548273],[30.756890079202314,-30.108288785851823],[30.756626552658034,-30.107907169505253],[30.757102139730659,-30.106861919554859],[30.75728520649302,-30.106294945214096],[30.758171871601572,-30.106081984181092],[30.758016037966193,-30.10515138682068],[30.758622533507399,-30.104443297618669],[30.758489602374372,-30.103649407158851],[30.758870370951175,-30.103136288818021],[30.758143130452261,-30.103036890357529],[30.757351294948769,-30.103090631406033],[30.756685787287832,-30.103411976950888],[30.755372147013428,-30.103317695707695],[30.754810400925031,-30.103588799405831],[30.753258226643396,-30.103791463467605],[30.752893299268653,-30.105174465169409],[30.752944473689571,-30.105744040006702],[30.751891428822724,-30.106846093828469],[30.750404686266798,-30.107040187441612],[30.749997532439252,-30.107010994088181],[30.749734578269287,-30.107028802959018],[30.749185153849339,-30.107580901320745],[30.74863733370292,-30.107989481113911],[30.747805640257031,-30.107830016637575],[30.747678870968596,-30.107377202807452],[30.747797168882592,-30.106923418002147],[30.74756563395032,-30.106016298804342],[30.74773160596342,-30.105379304450526],[30.747467913876758,-30.104633684100605],[30.746857865748542,-30.1039462083519],[30.746565360769676,-30.103475752907816],[30.746779544802198,-30.102891985114912],[30.747699132002378,-30.102378137033696],[30.747728059552465,-30.10177660060144],[30.74736947337696,-30.100575882065996],[30.748133891551479,-30.10012072658191],[30.750075593655275,-30.099502740123008],[30.750731551179115,-30.098976549567123],[30.751102233382884,-30.097452841338541],[30.750860155705237,-30.097224606736599],[30.750235765304485,-30.096719428767575],[30.751249429649604,-30.095606124912521],[30.752316467228216,-30.09541411246278],[30.752424886535415,-30.095327087178756],[30.752563531071072,-30.095266459540618],[30.752843281689742,-30.094783926970969],[30.755668300859636,-30.094706961855668],[30.756275488609752,-30.094328681446488],[30.757754959970434,-30.094166842039215],[30.758775175662961,-30.09346781461274],[30.760884971488778,-30.09326601277607],[30.761283284365497,-30.093068643957089],[30.762022921729912,-30.092987721809585],[30.762027043327386,-30.09299884437668],[30.763792694371976,-30.091640139471941],[30.764657727981792,-30.091409576321723],[30.766489957976308,-30.090073003975128],[30.767103497272139,-30.089478366344686],[30.767771833926073,-30.089300109195303],[30.768386498975723,-30.088928368852706],[30.769367597512122,-30.088666784008183],[30.769767937307812,-30.088029269423505],[30.770662051010753,-30.088397347694837],[30.772393120188141,-30.087541119962953],[30.774081748410627,-30.085819100884759],[30.77601107747056,-30.085410735603258],[30.77625359983103,-30.085593189439404],[30.776538440521691,-30.086039088494722],[30.776543051361969,-30.086031935448609],[30.776253632067412,-30.085578868867724],[30.776011109741653,-30.085396415031408],[30.775918603488545,-30.085295494456581],[30.770718446639751,-30.085119777818569],[30.770500398715122,-30.084016999019848],[30.770270518362057,-30.083311352783873],[30.770087839007161,-30.082114699809704],[30.770968187731878,-30.080818051229432],[30.770649193258173,-30.080343902861685],[30.77072013363356,-30.079855551843533],[30.7704714493,-30.07849640820443],[30.77060755764694,-30.077771286766076],[30.772548726002444,-30.077854958267245],[30.772959752690241,-30.078406389537825],[30.77269185273698,-30.079436367319296],[30.77309312095943,-30.080807677700495],[30.774034152645104,-30.081153356950615],[30.774261411771953,-30.081109457759929],[30.775245459303918,-30.081330842519353],[30.775478741683941,-30.081876187415375],[30.775932731401465,-30.082387721069498],[30.776134550425851,-30.082859672462597],[30.776556600931123,-30.083114097611972],[30.776736447684147,-30.083534682941909],[30.777557649385486,-30.084599631033768],[30.77851479611866,-30.084675314994868],[30.778424158718867,-30.084572775562382],[30.778189153280728,-30.08441442315533],[30.777881860629705,-30.084066782728925],[30.77827245882612,-30.08320785515366],[30.77899351146505,-30.082725741271005],[30.778798004429429,-30.081559656364778],[30.779058176289741,-30.080789306917779],[30.77926481498541,-30.079945582417167],[30.779686872532906,-30.079339737923476],[30.780100601818596,-30.078465329777654],[30.780289949273488,-30.0773228070709],[30.78082711825866,-30.076156782170262],[30.781990940871164,-30.076234440411973],[30.782592664074159,-30.076450675681262],[30.783658371673244,-30.076269409619158],[30.784857681934252,-30.076700321845802],[30.786259855699253,-30.076332421850477],[30.786977019481832,-30.076456903024695],[30.787989802954012,-30.076284444897077],[30.788627339674886,-30.076637915895581],[30.78991024832937,-30.076934506498169],[30.789994974517771,-30.078891787729546],[30.79020310970585,-30.07907339342005],[30.7903928025166,-30.080056435924895],[30.791079982327073,-30.081524041255353],[30.792282316848762,-30.081817272795039],[30.792906304416864,-30.082522874902928],[30.793690505029112,-30.082262150553071],[30.794689541955744,-30.082787649076273],[30.794875140012692,-30.083172496241055],[30.795706402099409,-30.084078582040963],[30.795937590036111,-30.084240235011425],[30.796539092859199,-30.085104911822857],[30.797487814696655,-30.085249905213104],[30.79863257301308,-30.084843933147525],[30.798835544978751,-30.084246346971774],[30.799169853304452,-30.083740704200739],[30.801011085951114,-30.083505008542687],[30.80149287457964,-30.083002380332065],[30.80095018305925,-30.082175160362738],[30.801570430896476,-30.081728671602296],[30.801917602105142,-30.081366470907327],[30.803031296154703,-30.081005514890862],[30.803221861258642,-30.080369744641406],[30.802656419410532,-30.07950767768822],[30.803870752202837,-30.078286822343173],[30.804123027279697,-30.077543795124793],[30.804030137247363,-30.076737376840352],[30.804084458950467,-30.076281095628726],[30.803970119316542,-30.075830695341494],[30.803970479880121,-30.075649378183982],[30.804178955872491,-30.075649599599874],[30.804479210668656,-30.075185115341835],[30.805757219254861,-30.075029041886442],[30.806095883016553,-30.074648774453284],[30.805577004108727,-30.073897744754532],[30.806896465394228,-30.073015113441514],[30.806682399138293,-30.071740336685927],[30.805737488251307,-30.071402373987084],[30.805465633521116,-30.071094992445246],[30.804904773652307,-30.07071708864714],[30.804210482133723,-30.070468702222364],[30.803818752153106,-30.070025699206777],[30.803982296609409,-30.069665472445863],[30.804302552521449,-30.069749880708592],[30.805061741015219,-30.07021973346103],[30.807139942454086,-30.070077555176379],[30.805432665332159,-30.069249427327641],[30.804130577333069,-30.068561294838986],[30.803358311336567,-30.06848536747194],[30.802638790452701,-30.067752754388771],[30.80213169831093,-30.067454935285774],[30.801172707932054,-30.06592529254301],[30.801334690297619,-30.064757185765437],[30.801463249934425,-30.063830080758226],[30.8024725554722,-30.062047838646219],[30.802985815063142,-30.060561108548615],[30.803221629641225,-30.059878021944467],[30.804252617964142,-30.058835343285878],[30.805574095156214,-30.058348976324961],[30.804585558521655,-30.058220406620638]],[[30.776096734301003,-30.087023074915066],[30.776801054735092,-30.08812580620204],[30.776802239674325,-30.088113290479644],[30.77609791906993,-30.08701055881388],[30.776096734301003,-30.087023074915066]],[[30.82638405515635,-30.087098021477313],[30.826585958712986,-30.087329564806339],[30.827612303003221,-30.087243145173677],[30.826575842500855,-30.087289216627557],[30.82638405515635,-30.087098021477313]],[[30.825682659650766,-30.087968265538038],[30.825619934766824,-30.088006778138787],[30.825711885299754,-30.087966725972944],[30.82571424724453,-30.087909186014937],[30.825682659650766,-30.087968265538038]],[[30.778961188239126,-30.092991051580352],[30.779215616701634,-30.09421740951759],[30.779532061486211,-30.094300808814882],[30.779536013894493,-30.094287521539751],[30.779215648522296,-30.094203088961841],[30.778961220094889,-30.092976731022141],[30.777762483749541,-30.091299347856229],[30.77752545537524,-30.090835096904712],[30.776648163889799,-30.08975464312935],[30.776646946259483,-30.089767503702976],[30.777525423315318,-30.090849417466188],[30.777762451723177,-30.091313668416905],[30.778957095526547,-30.092985324792863],[30.778961188239126,-30.092991051580352]],[[30.833418099911167,-30.119267067186744],[30.833501404046615,-30.120115523313132],[30.833321133682887,-30.117850870840019],[30.833310365318891,-30.118025813665241],[30.833418099911167,-30.119267067186744]],[[30.807100719383754,-30.059021022458658],[30.806438814015827,-30.058054731072556],[30.805574095156214,-30.058348976324961],[30.807100719383754,-30.059021022458658]]]}},
{"type":"Feature","properties":{"sde_LDR_Mi":0.0,"CAT_NAME":"Nkutu Stream","MAJ_CAT":"Umgeni River","Id":0,"Phase":"Phase6","OBJECTID":0,"Shape_Area":99617084.500699997,"BlockName":"Hillcrest"},"geometry":{"type":"Polygon","coordinates":[[[30.829873658296226,-29.729643715823375],[30.830142563569392,-29.730330295936653],[30.830565397156025,-29.730963367232352],[30.830811301829733,-29.731100928696808],[30.831241499303442,-29.731423709782696],[30.831746893089722,-29.73175553594999],[30.832212142227213,-29.73217976873492],[30.8327503536084,-29.732720519702802],[30.833139420182359,-29.73311141712761],[30.833492357811672,-29.733852747770253],[30.834667674218235,-29.734325325618201],[30.835071211739937,-29.734517353111389],[30.836087363614268,-29.734925932701845],[30.836315841211402,-29.735788286072378],[30.83653501201827,-29.735959691817317],[30.836632552327671,-29.736236944300575],[30.836929395000965,-29.736573444688311],[30.837968193681871,-29.737247532176585],[30.838722278408333,-29.737642405264683],[30.839829616001175,-29.738390445472525],[30.840043134619485,-29.739063507146618],[30.840485207880818,-29.739222006156265],[30.840575306887082,-29.739505833143884],[30.841272267076839,-29.740333200520748],[30.841029066895857,-29.742387123908493],[30.841701511326903,-29.743955459935208],[30.841511106971453,-29.744140976788938],[30.840922669812109,-29.744087942517265],[30.840661735081849,-29.744484288494522],[30.840188819095296,-29.74543238256679],[30.839036020998989,-29.747183161301031],[30.83889962806419,-29.747845329512884],[30.838803326923113,-29.747942640771718],[30.837956372698887,-29.748109482403741],[30.837538183971319,-29.748690201089126],[30.835967908521994,-29.750276158678762],[30.834634006352285,-29.750624778314972],[30.834530646917905,-29.750922708192917],[30.833919863323317,-29.751322503622951],[30.832606378505009,-29.751621597372441],[30.830602890502753,-29.752320794951839],[30.830005258127283,-29.752529354984425],[30.828911870648273,-29.752633689410427],[30.827730487305928,-29.752445978718939],[30.827055168628952,-29.752001205012689],[30.826971310686211,-29.751949691207436],[30.827047536012252,-29.752001195612738],[30.827767559905382,-29.752866732598601],[30.827559531113341,-29.753775252944511],[30.827141417561453,-29.754444254130114],[30.827132815247854,-29.755053622835344],[30.826946306809138,-29.756841463879194],[30.826233282089436,-29.757644939854618],[30.825291534863609,-29.758277245496686],[30.82486476857602,-29.760079572700175],[30.824629661989164,-29.760418513832043],[30.824239064354717,-29.761348071424386],[30.823380085900475,-29.761867618198146],[30.823289332184434,-29.761969795892174],[30.825268821644173,-29.762080701680137],[30.827059205135413,-29.763447252438205],[30.827651073431614,-29.763607615355443],[30.827892684308662,-29.763862059138869],[30.831377050191065,-29.764207532908845],[30.832845661194195,-29.765275081571527],[30.832998919606574,-29.76660647015574],[30.83289267727972,-29.767503306716758],[30.833141557900461,-29.768247056240472],[30.833254953773675,-29.768329473543499],[30.834151933450325,-29.768419630238427],[30.83566188705737,-29.769857254895602],[30.835831019287394,-29.770253315094571],[30.836076664440089,-29.770401751018724],[30.8362457993336,-29.770797900786992],[30.8376571797391,-29.770962316492607],[30.838446331912213,-29.771418682944351],[30.838318608399621,-29.772261367613844],[30.836683920312247,-29.773508666145609],[30.836252445153484,-29.773675918278904],[30.835653453170611,-29.774280753294963],[30.833301946331709,-29.775483625315932],[30.83089069866995,-29.775721659440535],[30.83005726547945,-29.776125896762974],[30.829193127113079,-29.776401447427975],[30.827837304555139,-29.77630133703077],[30.828168861345898,-29.775865060855796],[30.828339652527422,-29.775288023464025],[30.828794384995668,-29.774777844055112],[30.829010622946214,-29.774047235479749],[30.828959368229039,-29.77384653844501],[30.829297337595914,-29.773401878137179],[30.829214675937461,-29.772822974473961],[30.828744955381094,-29.772614872987006],[30.828605984214565,-29.772192502126561],[30.8259737372675,-29.772128219061401],[30.824062000675802,-29.772246180562234],[30.822755989907602,-29.773126411631623],[30.822120467968141,-29.773296678799717],[30.820602447132256,-29.773769560400897],[30.81937324341196,-29.774350184917218],[30.818593185549751,-29.776203488629719],[30.817749943632386,-29.777055514509961],[30.815885667364686,-29.779101104936977],[30.814834279526842,-29.779270841949074],[30.813817279541968,-29.779956108189896],[30.81359371949134,-29.781999452633226],[30.813361424249791,-29.782179994263899],[30.813387874669807,-29.782579303928124],[30.812503010691586,-29.783266798695504],[30.812665031667944,-29.785704251105507],[30.811476686092139,-29.787604454568179],[30.808997788463074,-29.787785524445663],[30.808800886554472,-29.788158076804706],[30.808274096543702,-29.788786885816382],[30.807993318463367,-29.788997206703257],[30.807410067568288,-29.789806057532005],[30.807253632806404,-29.791122271514201],[30.807305393745263,-29.79108727837534],[30.808751948007657,-29.791089500887672],[30.810379052716232,-29.791144434129897],[30.811463558223664,-29.791303702997631],[30.812727682933872,-29.792094032384135],[30.814112461487031,-29.792831953582343],[30.814505416150084,-29.793055532789857],[30.815316552814373,-29.793517038058809],[30.815320034984012,-29.793517678819175],[30.816483931573707,-29.793731844187274],[30.816798364860556,-29.793722128030392],[30.817952695762173,-29.793686452437917],[30.819039397752505,-29.794352192920474],[30.81990861531828,-29.794970180398192],[30.820723190864648,-29.79573042304845],[30.821701819316406,-29.796016434786839],[30.822244804044715,-29.796586486713768],[30.823059493330767,-29.79729927608712],[30.82362570126481,-29.797996755792315],[30.824528096552623,-29.798944201071755],[30.825370790463833,-29.799576154760537],[30.826274042243107,-29.800050483195324],[30.827177575635456,-29.800367105181554],[30.82814083798764,-29.800999217871961],[30.828923107205298,-29.801736231745995],[30.830609052890424,-29.802737244262126],[30.831391371351273,-29.803474168881309],[30.832355060395734,-29.803895936259128],[30.833620044426603,-29.804370659037737],[30.834885040863703,-29.804845384150273],[30.834944361998271,-29.805423714358422],[30.83518477347139,-29.805844573196005],[30.835485032573224,-29.806528356762477],[30.835846264735665,-29.806791672888739],[30.836569160395129,-29.807055449577554],[30.835709897573061,-29.807581430985554],[30.835371267968387,-29.808052391267637],[30.83503249105177,-29.808611745150593],[30.834862537902694,-29.809230243753099],[30.834658701079814,-29.809907627505901],[30.834433165895149,-29.810786664051168],[30.833441607339598,-29.810406943085191],[30.832732667180622,-29.81008194069258],[30.832091002545852,-29.809933798581696],[30.830841463396595,-29.80963754849666],[30.829511282342352,-29.809728764212828],[30.829512176083579,-29.80972721118972],[30.829211596445717,-29.809253710381476],[30.828067225272576,-29.808726528061747],[30.827465632995981,-29.808042354357362],[30.827225708828909,-29.80735865920548],[30.827106705154886,-29.806464855569583],[30.826565500450236,-29.805728190207073],[30.82578384655211,-29.804623227001532],[30.825677841101658,-29.804598745526963],[30.824953603012332,-29.805412008391496],[30.824732684998395,-29.805549178242725],[30.824448667362109,-29.80571375604476],[30.824038547363056,-29.805878162159864],[30.823722856209507,-29.806125176851662],[30.82347011711164,-29.806427264267324],[30.823028222711326,-29.806729093340724],[30.822523274118367,-29.807030834932629],[30.821924039372973,-29.807167482351158],[30.820914670479976,-29.807468524462141],[30.820347005906243,-29.807577714686261],[30.819709944768721,-29.807841196350555],[30.819644912538671,-29.807813960976972],[30.818907225027598,-29.807505015092932],[30.816858953460994,-29.806871326187455],[30.81565478019203,-29.806133669882886],[30.814932455211114,-29.805606993260895],[30.81427128991788,-29.804607287652662],[30.814010816225533,-29.805713438556797],[30.813810615844385,-29.806281542822678],[30.813574118477323,-29.806896963413511],[30.813463100237872,-29.807302812901955],[30.813421820895559,-29.80745371721072],[30.81341006355963,-29.807496698268238],[30.813405122163957,-29.80759422727504],[30.813372468864941,-29.80823870999042],[30.813307983442833,-29.80883858605662],[30.813328541145484,-29.809064269058272],[30.813226619767594,-29.80909620298771],[30.813225736663991,-29.809103633602323],[30.812485949036962,-29.809364553566091],[30.811779380676548,-29.809725470382872],[30.810981634408929,-29.810591259628158],[30.809348418224637,-29.810995930423047],[30.807492088472948,-29.811170756438493],[30.807306391596001,-29.811553249112574],[30.807075192210007,-29.811714116453597],[30.806797687227736,-29.812015373638562],[30.806312155959034,-29.813486809964981],[30.805108622413197,-29.813081333915161],[30.804900696154519,-29.813081024901923],[30.803618213223615,-29.813374461989014],[30.803148002620055,-29.81428903652823],[30.802928201967131,-29.815532894207525],[30.802527939636459,-29.817119383523341],[30.8023967704097,-29.817429421426024],[30.803907555661532,-29.818433638272133],[30.804151406821234,-29.819162996064943],[30.804605227441016,-29.819492851122746],[30.805306436656291,-29.820231456908015],[30.806871282597861,-29.820601019069468],[30.807475236865585,-29.820981243768227],[30.808266564711108,-29.821408558434296],[30.809156073602669,-29.822054952618043],[30.809455454927637,-29.822659619709892],[30.809758901962606,-29.822979226072956],[30.810212758903436,-29.823309061839442],[30.810589414351615,-29.823705812414268],[30.811259618932901,-29.824192834191596],[30.811146808323741,-29.82514186691699],[30.81206622655629,-29.82581002548179],[30.812889171409623,-29.827500396019904],[30.812982318727599,-29.828143549728299],[30.812663316613158,-29.828465417211973],[30.812667157357062,-29.82846569190859],[30.812986425307987,-29.828143554990952],[30.815084432712879,-29.828249824352568],[30.815698128582909,-29.829388424426892],[30.816419129103835,-29.829686319432451],[30.816518901486759,-29.82978054813973],[30.817554703657606,-29.829781995321035],[30.818453805991314,-29.830855486082605],[30.818590614819612,-29.832370579637526],[30.81820831118424,-29.833274138236106],[30.8184750789685,-29.834051399725389],[30.819445658425852,-29.834307585588622],[30.819765437976372,-29.834809145710807],[30.819956140224289,-29.83691988001863],[30.819765413087698,-29.837370516441812],[30.819631548888054,-29.837315827686751],[30.819257456471369,-29.837291150579446],[30.818907536878314,-29.837308788581684],[30.818471088817411,-29.837284024292941],[30.817993004930408,-29.837295442373584],[30.817785107362582,-29.837319315421801],[30.817681037880597,-29.837397697665541],[30.81734828402919,-29.837499922373102],[30.817049391894511,-29.837533590948922],[30.816952524226568,-29.837530698184803],[30.816909134261611,-29.837515752846361],[30.816759476766229,-29.837438696625529],[30.816440415173499,-29.837190633116588],[30.816380729734455,-29.837158685785461],[30.816001503426858,-29.837063123261235],[30.815648299427298,-29.836984101067223],[30.815253369550994,-29.836989585620824],[30.814955514149073,-29.836952922001345],[30.81458150429129,-29.836885947648696],[30.81429499710956,-29.836830485215224],[30.814211063436954,-29.836817123903341],[30.814153245366565,-29.836807919502782],[30.813958072090696,-29.836818620617191],[30.813784713984781,-29.83689690052837],[30.813712182592585,-29.836909233238654],[30.813706668080933,-29.83691017085917],[30.813573330452385,-29.836932843526174],[30.813386139909316,-29.836938976735873],[30.813383655252451,-29.83693905801951],[30.813219957772368,-29.836944421943922],[30.813161620112375,-29.836926989705606],[30.813140575410284,-29.836920701698794],[30.812915248752681,-29.836853370711815],[30.812712054061105,-29.836847783682213],[30.812672755151169,-29.836853024274941],[30.812601190732007,-29.836897067395931],[30.812600868907673,-29.836897264057871],[30.812531863238984,-29.836939731069986],[30.812486448977353,-29.836950401856445],[30.81219115831728,-29.83687517310187],[30.812157446694403,-29.83685946800901],[30.811883318083051,-29.836640476217543],[30.811607231610395,-29.836440673686432],[30.811271265339542,-29.836249904241711],[30.811217685840429,-29.83620996403592],[30.811084190707984,-29.836059440024393],[30.810780389363945,-29.835509316492075],[30.810628713667395,-29.835116464881228],[30.810612789706525,-29.835056087436211],[30.810498019802804,-29.834620954872513],[30.810498583453796,-29.834324971147666],[30.810623854713715,-29.834029166804527],[30.810770141044195,-29.833882225223277],[30.811002164080858,-29.833649160733195],[30.811432660982184,-29.833148419128165],[30.811576147779334,-29.832909287743774],[30.811776689984722,-29.832575065546283],[30.812028541146937,-29.832177004454657],[30.812053780339109,-29.832074099285521],[30.812032743293216,-29.831846349413897],[30.811995635777798,-29.831602979509757],[30.811970312644455,-29.831508920621182],[30.811881772223053,-29.831272155814005],[30.81174634964821,-29.830991211953329],[30.811667832826359,-29.830888157289468],[30.811334802729807,-29.830489871263143],[30.811271566063436,-29.830432149048693],[30.810853054531435,-29.830085046664731],[30.810380301999228,-29.829745529054286],[30.810488310483358,-29.829409409435488],[30.811505996288329,-29.828382926450896],[30.811502155624868,-29.828382651725846],[30.810484203852816,-29.829409403544357],[30.810374594117217,-29.829323635617445],[30.809796673064159,-29.829292787707356],[30.80975901533613,-29.829208542869829],[30.809387861750782,-29.828976929674401],[30.809196046983185,-29.828737671102623],[30.809032522535052,-29.828621429352637],[30.808920289633868,-29.828442798634132],[30.808831500090502,-29.828370298424129],[30.808767018181879,-29.828317647629486],[30.808644534535677,-29.828147924483716],[30.80857311815987,-29.828031817192652],[30.808563020944966,-29.827960415292544],[30.808430321209254,-29.827781753384222],[30.80829757084885,-29.827629861974742],[30.808164888430543,-29.827442277166519],[30.808124141798373,-29.827344061110601],[30.807950456540912,-29.827192108785599],[30.807914818950117,-29.827134167929234],[30.807879042274326,-29.827076001110044],[30.80773371168749,-29.826913381993009],[30.807710537609896,-29.826856916684985],[30.807701231911828,-29.826789382251686],[30.807751891961065,-29.826674262079308],[30.807864810539964,-29.826495960616683],[30.807916271161982,-29.826374795829107],[30.807936774179787,-29.826326521622573],[30.808019059098378,-29.826112481009499],[30.808039784857723,-29.825978660852854],[30.808041881542369,-29.825938585462165],[30.808051674106085,-29.825751425473126],[30.808041169356358,-29.825632871878319],[30.80802699131597,-29.825564223096688],[30.807938530320371,-29.825416340762331],[30.807918168788134,-29.825382469493967],[30.807836518844876,-29.825246646566622],[30.807703841043889,-29.825059061246442],[30.80760842761244,-29.824950529559569],[30.807601726513212,-29.824942907050058],[30.807376807929938,-29.824826573788769],[30.807182625479495,-29.824692437490697],[30.807049673490393,-29.824647625158402],[30.806834938291217,-29.824558074362752],[30.806742919584153,-29.824513322662785],[30.806599768843757,-29.824450647445367],[30.806517967958438,-29.824414833751685],[30.806333830480863,-29.824378867836753],[30.806200826381097,-29.824360824193491],[30.806057450335143,-29.824414153045048],[30.805903805478099,-29.824485311415305],[30.805805316353098,-29.824589962328393],[30.805752777096803,-29.824662984794379],[30.805684421405729,-29.824786240467571],[30.805616135643874,-29.82487294608163],[30.805573173092561,-29.824947550151997],[30.805568817086794,-29.824955113544679],[30.805490043645875,-29.82504637262803],[30.805432156519085,-29.825174211994749],[30.80537417250126,-29.825352307125353],[30.805311099479532,-29.825452726615218],[30.805258487285048,-29.825562299435699],[30.805226834233981,-29.8256719031336],[30.805184764448825,-29.82574950921363],[30.80511891967603,-29.825927592622886],[30.805113518867522,-29.826009822833296],[30.80506621835513,-29.82608285273442],[30.805060808628205,-29.82616965134784],[30.805023907556205,-29.826283816213071],[30.804924118037359,-29.826402454990713],[30.804824446849018,-29.826461700548862],[30.804698557060604,-29.826530045216785],[30.804635626063366,-29.826557364345121],[30.804520287836798,-29.826589173780341],[30.804441637953644,-29.82661646900624],[30.804347223461654,-29.826666584591333],[30.804268500984751,-29.826730429167757],[30.804200266741336,-29.826789721922214],[30.804121472794861,-29.826890116965224],[30.804032224718995,-29.826976790092452],[30.803963999717546,-29.827031513765181],[30.803843375447549,-29.82708615851087],[30.803770332108808,-29.827126946671861],[30.803769937631913,-29.827127166880945],[30.803686001795835,-29.827177297550868],[30.803591622135819,-29.827209138412261],[30.803467327331905,-29.827229211648465],[30.80336255368104,-29.827217633319513],[30.803270857182834,-29.827217495705174],[30.803159544380257,-29.827200195989857],[30.803048232250219,-29.827182895080639],[30.802943413881497,-29.827194159551063],[30.802818968033002,-29.827193973321602],[30.802694556475988,-29.827176652562802],[30.802576739607211,-29.827136498894365],[30.802465473207526,-29.827096354364674],[30.802386921251326,-29.827073392591895],[30.802321549383084,-29.827010472832313],[30.802256085121709,-29.826993241501171],[30.802170915442616,-29.827004534216844],[30.802125044790174,-29.827015887946484],[30.802000554769617,-29.827038544078718],[30.801941493254478,-29.82709556437036],[30.80189557621955,-29.82712976004693],[30.801843076866326,-29.827181080297478],[30.801744772406856,-29.8272094858469],[30.801679263643095,-29.827215097911406],[30.801600689846779,-29.827203557512984],[30.801444291785977,-29.827214385977591],[30.801239701057753,-29.827169458474625],[30.801116821381271,-29.827204966353662],[30.800963186458159,-29.827267196839443],[30.800737788047687,-29.827391780781529],[30.800430253745724,-29.827605495416453],[30.800020371947156,-29.827863650066416],[30.799713078858503,-29.827997032000191],[30.799525312884171,-29.828114020159532],[30.799334732831131,-29.828232761324077],[30.799133269713593,-29.828321556110488],[30.799049609850105,-29.828345727339311],[30.798950510290027,-29.828348275657724],[30.798839013216739,-29.828356205966504],[30.798674900220906,-29.828350553930587],[30.79854803559207,-29.828335264441222],[30.79843285847101,-29.828284830105208],[30.798307128487604,-29.828270931307031],[30.798212792014784,-29.828279922984493],[30.798066056349352,-29.828288835612547],[30.797997864610323,-29.828325279806659],[30.797835437386784,-29.828320461278697],[30.797735896888597,-29.828311170429416],[30.797599770886091,-29.828256135426081],[30.797442639188439,-29.828223910717423],[30.797275064906508,-29.828173395575977],[30.797217434919862,-29.828168738161079],[30.797039242794789,-29.828186737646408],[30.796965790916371,-29.828232311713627],[30.79690804017978,-29.828287047814491],[30.79679265070741,-29.828341694142765],[30.796585619723963,-29.828368785487772],[30.796535204868064,-29.828376946659901],[30.796551809709861,-29.828482023925314],[30.796412694571316,-29.829171649369123],[30.795602384854895,-29.829467813975022],[30.794167322339945,-29.830573721350945],[30.793727989274323,-29.830734238559664],[30.793542578041976,-29.830935387812467],[30.792083896811537,-29.831296545588316],[30.790813350016016,-29.832180397792179],[30.790164170245856,-29.832884539804027],[30.78967917279445,-29.833004646617681],[30.789359282430517,-29.833088030098363],[30.788851320352933,-29.833792301896356],[30.78755447197781,-29.834219073355019],[30.787291504265095,-29.834730233097538],[30.78592979943005,-29.835718626196019],[30.785930473019135,-29.835355980063916],[30.78551452513743,-29.835355301850925],[30.784875444406516,-29.835186375017496],[30.783534220400938,-29.833823884203685],[30.78152001831949,-29.833153712592711],[30.781359999325094,-29.832991066984366],[30.78105930992098,-29.833091331837299],[30.77922934245046,-29.833249477026058],[30.777254476798689,-29.832583843913113],[30.776198939899103,-29.833122504517821],[30.775513739306366,-29.833047002207792],[30.774936775703893,-29.832416252945645],[30.774590811580389,-29.832173804522771],[30.77426125634128,-29.831813387431318],[30.773631465942007,-29.831580822915761],[30.772269043304203,-29.830709467034247],[30.771915113422487,-29.829973092515228],[30.771340876529319,-29.829117525936816],[30.770647961992829,-29.828358906911586],[30.770464266017608,-29.827794496690299],[30.769862533761579,-29.827073289687466],[30.769013400298654,-29.826859984487516],[30.768006068220853,-29.826967477837638],[30.767578616378625,-29.826500060900223],[30.766576632611187,-29.826129863535279],[30.766009668776849,-29.825510007382452],[30.763806421991319,-29.824956515930211],[30.76354193536524,-29.823879549424223],[30.762548189344955,-29.823629948115361],[30.761940136466901,-29.823424880862568],[30.760504206265729,-29.823658356940129],[30.759865972007994,-29.824350467458828],[30.759750216200214,-29.824430814800891],[30.759881261620457,-29.8255255874904],[30.761101072248703,-29.82651517050347],[30.761300612477342,-29.826703803571135],[30.761710871282805,-29.827036614906248],[30.761922755530382,-29.827430229169885],[30.762552460104992,-29.828331133692579],[30.76275168023616,-29.828701088282674],[30.763970931684476,-29.829690097977679],[30.764276019386735,-29.830536465137889],[30.765099871398611,-29.830509522965283],[30.767524506955578,-29.832476183956668],[30.767549052106141,-29.833045098151239],[30.766282026268431,-29.834346965207246],[30.76654965422529,-29.834810223499098],[30.768005400049489,-29.835787507004834],[30.768751064418215,-29.83576302003938],[30.770944989400327,-29.835970465894309],[30.771468123717462,-29.836836589555194],[30.771222795348713,-29.837106886161365],[30.770638032286801,-29.837577310171238],[30.770371499944481,-29.838781039259072],[30.769388749134254,-29.84002080323058],[30.769727798495303,-29.841148693169423],[30.770182134103205,-29.8415778789165],[30.770747109169637,-29.841811530644335],[30.771246848858059,-29.842638914101986],[30.771045065677949,-29.843403903970593],[30.770312196927453,-29.844442691144419],[30.77051666250934,-29.845303569985795],[30.769990164506698,-29.845569494480952],[30.768119009031654,-29.84682844087866],[30.767917994264728,-29.847208054744506],[30.767489906235504,-29.847378519134114],[30.76739063565801,-29.847836705212959],[30.767027640385635,-29.847960373490356],[30.765986207252169,-29.847824369027244],[30.765427334922151,-29.848116919999875],[30.764244466578148,-29.84827276489354],[30.763555714917061,-29.847908881072652],[30.762380051512345,-29.847732565651462],[30.761893238257692,-29.847180587130467],[30.761242819468332,-29.847021449073324],[30.760291955342726,-29.846404120806326],[30.759787814868769,-29.844715625656448],[30.759286444425388,-29.84437677911821],[30.759190443620412,-29.844279265834817],[30.758950601416732,-29.844098314522423],[30.759064332426025,-29.842896381793583],[30.757307280676478,-29.84247592837999],[30.756288387155106,-29.841777255154483],[30.75445523072791,-29.841410590561619],[30.753898164961615,-29.841138283960898],[30.752456809180583,-29.840653579290088],[30.751636711542048,-29.84105049555022],[30.750289853770415,-29.840726431071904],[30.74735344187728,-29.840926503617187],[30.74713672010083,-29.840086038343873],[30.746084374730746,-29.838828086552883],[30.745832942520249,-29.838093999749457],[30.743286398807779,-29.83799993659785],[30.743432557391984,-29.837857957538695],[30.745859517104137,-29.83753302360093],[30.746092379329006,-29.836458956606251],[30.746315960468856,-29.835737326906546],[30.74609512507492,-29.835381110808374],[30.745889013589093,-29.833420288674013],[30.745904679816579,-29.833199214535078],[30.745599900727669,-29.829318119542936],[30.745736181385031,-29.827396604959041],[30.745646326566231,-29.826031269302973],[30.745994015505403,-29.825476240567806],[30.746666876067668,-29.824954324390774],[30.747835474437053,-29.824489362405313],[30.748225742241072,-29.824110230636965],[30.748201328571426,-29.823738965435187],[30.746173657846565,-29.82215221992605],[30.745505553644854,-29.821779893109781],[30.74447929304462,-29.8210423260401],[30.743636267203414,-29.820869558124866],[30.743440505209112,-29.820677659058902],[30.742597380709761,-29.820504884336803],[30.742499552813587,-29.820408889069839],[30.742587088314853,-29.820122098792286],[30.742861687996054,-29.819746815746505],[30.743215347305249,-29.818394339547833],[30.742923249168033,-29.817327024062791],[30.741109514929306,-29.817578319395665],[30.738903213879482,-29.817334645258544],[30.738568198649816,-29.816637010311904],[30.737727863125702,-29.816047525102228],[30.737839727109552,-29.816350315656621],[30.738462520724646,-29.817410450750934],[30.733866247976078,-29.817579685782341],[30.732877040006503,-29.818473299643689],[30.731798905102526,-29.817756545527789],[30.730964367157004,-29.817214480077354],[30.730557766896933,-29.816843693500218],[30.730240375309847,-29.816576470276644],[30.730373343338933,-29.815219604058505],[30.729401947939579,-29.81468626958285],[30.726907607262483,-29.814491051410251],[30.726085836248746,-29.814935892503527],[30.725585833557538,-29.814646266854329],[30.724561380683458,-29.814496003623798],[30.723678311539555,-29.814994918575348],[30.723503827057929,-29.815581828152016],[30.723380621396608,-29.815655632933915],[30.723059727443967,-29.816101595661863],[30.722824250367935,-29.816558832156211],[30.722225373602885,-29.81700646310281],[30.7219005437032,-29.817637257346462],[30.721593154024816,-29.817946934694049],[30.719312100833772,-29.817739123028943],[30.718582216088713,-29.817382044378121],[30.717678027202854,-29.817316693012305],[30.717344116353242,-29.817818904472738],[30.716973035443814,-29.818220901979469],[30.715354834418246,-29.81862057138947],[30.714957294493303,-29.818823145009201],[30.714560263836052,-29.818779255044866],[30.713504098914242,-29.819361984520807],[30.712232921729047,-29.819520423656691],[30.711838381330143,-29.820083752623667],[30.709819362831198,-29.820299349943387],[30.7089019703544,-29.820782483361608],[30.708809293029084,-29.820883044004205],[30.7084831421014,-29.820974519545253],[30.708045511671045,-29.821369668150709],[30.704233155536375,-29.821235509716878],[30.703610396777648,-29.820871462597434],[30.703749122307652,-29.820629467386652],[30.703891028449529,-29.819906563333383],[30.703613515503577,-29.819783433424547],[30.703702876800811,-29.818952608418449],[30.704076796889353,-29.817888956061815],[30.703815214860452,-29.816718870163854],[30.703086934005547,-29.816261125269005],[30.702916021369226,-29.81532416644712],[30.702259948992754,-29.814627248844527],[30.702089689754345,-29.813508965144297],[30.701595502661231,-29.813341408217273],[30.70183928190022,-29.812279991501828],[30.70143677614104,-29.811724011277903],[30.701351922874977,-29.811074206777995],[30.701684142381286,-29.810638245448011],[30.702065794972093,-29.809336546296855],[30.703355143817234,-29.808103285858252],[30.703526165956113,-29.807707822856042],[30.704273124534097,-29.807635435862828],[30.70584911074527,-29.805926296914372],[30.706243625916859,-29.805363083701614],[30.70673482333898,-29.805021825086211],[30.707931530460584,-29.80484296010685],[30.708117064458929,-29.804641928175538],[30.708464078644887,-29.804400748825007],[30.708742375889781,-29.804099245672358],[30.709181624235594,-29.803939007446708],[30.71028934776869,-29.803327737913321],[30.710617848628218,-29.802652684847409],[30.710965633932506,-29.802139512713808],[30.71124471516405,-29.801565988271591],[30.711685094919883,-29.801043094838345],[30.71191899265375,-29.799665265815801],[30.712937222189201,-29.799413669916031],[30.71312481359552,-29.798487338205174],[30.713449407450991,-29.798044746716926],[30.713865198347481,-29.7980456501963],[30.71395981001054,-29.797946803826445],[30.714603307113006,-29.797783564251695],[30.714792527993865,-29.797585960345568],[30.715596765197038,-29.797381927568217],[30.715834573978853,-29.796681498942355],[30.716478060069402,-29.796518250177186],[30.716672260430695,-29.794521118186879],[30.716232560448706,-29.792778099359296],[30.715638880921915,-29.792345788704505],[30.715199546383005,-29.791721027378326],[30.714591737423437,-29.791278487501707],[30.71504596165342,-29.789610288110676],[30.716085184474533,-29.78835732935179],[30.716274897522613,-29.787978308409908],[30.716890181910703,-29.787747067250297],[30.716288997226243,-29.787309335320771],[30.715884036398439,-29.785982801836678],[30.715657806255365,-29.785636351423229],[30.715470657323824,-29.785111726435463],[30.716674267534039,-29.784881576870578],[30.716912185899975,-29.783143521246096],[30.716288999991406,-29.782188820606301],[30.714949929100356,-29.78209038482893],[30.715022132986856,-29.78124480768281],[30.715160886296715,-29.781002803723545],[30.715010500681778,-29.779385183450849],[30.714638917247346,-29.779104454915672],[30.71435191307285,-29.778539583799837],[30.713332335597766,-29.77797950530627],[30.713091472570994,-29.77773432891658],[30.713229486462414,-29.777423491323773],[30.71318429394973,-29.777099895834024],[30.713262671531542,-29.776561325068517],[30.713627592872779,-29.776022835732327],[30.713819696455108,-29.773464493742974],[30.714132857840958,-29.772758996237396],[30.714029292527407,-29.772017771246844],[30.714429184114142,-29.771427659980851],[30.714567122583848,-29.770484068626089],[30.714774960837751,-29.770484518703849],[30.715929251524678,-29.769315060134424],[30.716249287360025,-29.767512429402579],[30.718636800392424,-29.767326152420736],[30.719448968014714,-29.76682639804584],[30.720838232153326,-29.7664646219933],[30.721133950700768,-29.766243508451332],[30.721326919625955,-29.766049059379618],[30.721438720292252,-29.765965308677366],[30.721647159427537,-29.765784423603538],[30.721947259100737,-29.765138781069677],[30.722610795431006,-29.764979061523153],[30.722987907971202,-29.764636148652297],[30.722574706640369,-29.763712682878591],[30.722397751765584,-29.76223833967433],[30.7214116263244,-29.761883799224641],[30.7208786355123,-29.760739419725699],[30.7193636574689,-29.759250227631821],[30.718638993861443,-29.758989592001438],[30.718455317254811,-29.757650814651623],[30.717965149485185,-29.757319048810874],[30.717633316250911,-29.756606746238536],[30.717399686908426,-29.75626686782724],[30.71710313766793,-29.755619952365141],[30.718211378160806,-29.75550135373971],[30.719020683081919,-29.754623967378841],[30.719599996593608,-29.754537246103919],[30.72033867404064,-29.754619466087849],[30.720600065094001,-29.755164360658572],[30.72191219922728,-29.756005027063903],[30.722183065646995,-29.755711327345836],[30.724908087756525,-29.755555750572942],[30.725717919662547,-29.75499334280828],[30.726376536525525,-29.754752854928824],[30.726966356549053,-29.754451958713343],[30.7281584573674,-29.754016534615495],[30.728422976526403,-29.75372957395415],[30.729435380955543,-29.753025565508196],[30.729555370562309,-29.75219955825845],[30.729261221567981,-29.750105307454884],[30.729587509335939,-29.750024606222595],[30.729918029037627,-29.75009934787337],[30.730650596357442,-29.750369588991926],[30.731660391400418,-29.750042192101375],[30.731997486592221,-29.749592718183703],[30.732242470364607,-29.749025419334849],[30.734493081077812,-29.74887244160886],[30.735318038412945,-29.748571975629371],[30.737027492149771,-29.749272625442],[30.73748643782929,-29.749183775743948],[30.738124706699477,-29.749309894288128],[30.738941272983485,-29.749136583067536],[30.739174295395824,-29.748901675156716],[30.740604652574369,-29.748777236915263],[30.740882535658152,-29.748657355153803],[30.74122849061148,-29.748597069826641],[30.741746083759359,-29.748690666590445],[30.742823137805726,-29.748673578667209],[30.74533138535794,-29.748902214804268],[30.745696718065407,-29.747606668468826],[30.74597029189939,-29.747145765197509],[30.74707709968472,-29.746887556674483],[30.749914594431797,-29.747610008751902],[30.751791347910626,-29.74719409140544],[30.752701548528943,-29.745334105776614],[30.753605498424584,-29.744361156955964],[30.754044332265494,-29.741878260518867],[30.754652426835108,-29.741098975363272],[30.755220959279484,-29.740345683914136],[30.755380469007065,-29.739919819157265],[30.755496029095827,-29.739839384848377],[30.755681347604593,-29.739638376740583],[30.756703865878016,-29.739098914661984],[30.757783950574098,-29.73893693240753],[30.758803850900978,-29.737286667742094],[30.759034957121742,-29.737125884025613],[30.759430646815062,-29.735837117876002],[30.759684443227627,-29.735264375837257],[30.759626415095315,-29.734850105146652],[30.759684852265565,-29.734447505696526],[30.760288624678026,-29.734226688571809],[30.760798534495631,-29.733401546360241],[30.763628302466834,-29.733337484986318],[30.764439123276393,-29.733106376848493],[30.764746659255103,-29.733227271896027],[30.765906373675897,-29.734040264954004],[30.767030142952262,-29.734138072162214],[30.766874060594159,-29.73489377274219],[30.765868154595235,-29.73610831172428],[30.765638723534842,-29.738034381945212],[30.765814989569758,-29.739574709009684],[30.765562543838499,-29.739756937464882],[30.76534268636539,-29.739927675926911],[30.765047818987508,-29.740214473643007],[30.764351273251464,-29.740400865122933],[30.762994286256749,-29.741720747675636],[30.762757020065191,-29.742386444680331],[30.762536292266581,-29.742919921115707],[30.762337814071596,-29.743922809636949],[30.762943138969124,-29.745911549857794],[30.762296020461097,-29.746945742033102],[30.762330068213863,-29.747462254079853],[30.761670365740294,-29.748389158774636],[30.760900997229637,-29.748347702711801],[30.759907054567169,-29.748578090656828],[30.759622699981819,-29.74963431368673],[30.75858794066956,-29.750921361003183],[30.756695256417814,-29.752338879749303],[30.756498565701396,-29.752530034667039],[30.756070237342534,-29.752700641344116],[30.75609416394175,-29.75306360863539],[30.755468628946591,-29.7535491358509],[30.755247933503121,-29.754084042458061],[30.755550796656649,-29.755333862925902],[30.755642978905968,-29.755434711153363],[30.756664473175292,-29.755978695154958],[30.758051550080161,-29.756144456708842],[30.758759501703842,-29.755783110271494],[30.759406274740179,-29.755623000766104],[30.760007238495053,-29.755422660018919],[30.761649122896348,-29.755176403045446],[30.762087177532479,-29.7547010616255],[30.762734045843469,-29.754540936869759],[30.76333543136797,-29.754159347083579],[30.765460395331363,-29.753840492655147],[30.766246578141821,-29.75343910508197],[30.768353050065265,-29.753212998314531],[30.769718898254141,-29.752458080579405],[30.76989845466742,-29.751914141346408],[30.770637484506654,-29.751834780307846],[30.770823191747816,-29.751452422739689],[30.771281258672417,-29.750907345015847],[30.774012093610498,-29.750565294980362],[30.774486318818123,-29.750050728969406],[30.775861348544606,-29.749325073762321],[30.77641722340109,-29.748721872577544],[30.776879425530939,-29.74840006161865],[30.776972473507321,-29.748118217167988],[30.777449099039746,-29.748282671604898],[30.778129041898097,-29.748041153809513],[30.778739788614729,-29.747721031488549],[30.779648877622847,-29.74820167878363],[30.780622648407174,-29.748045340860674],[30.781602427908449,-29.747357036407099],[30.782494882721021,-29.74714173377107],[30.783711724791267,-29.746245147857461],[30.784561951433908,-29.746030311423397],[30.785877327973928,-29.746367335533215],[30.787055242462909,-29.746217441501241],[30.787273722180881,-29.746245942706409],[30.788082766669497,-29.745314104393721],[30.789315812208098,-29.745133326072391],[30.79007120932474,-29.744875542137315],[30.790279375448954,-29.744694550733488],[30.790813654227911,-29.74388927465284],[30.792886603455091,-29.743708091506001],[30.793471672728131,-29.743424399397451],[30.793608540176873,-29.742523764386366],[30.794127394311374,-29.74241344246515],[30.794445450678293,-29.742476189401479],[30.795063512564553,-29.742344729338345],[30.795593960546885,-29.741719224389332],[30.795991434973935,-29.741159093754742],[30.796654607876931,-29.740680025538296],[30.797292798000932,-29.7404397048048],[30.798090106781288,-29.738842957622481],[30.798188825042715,-29.738178808110479],[30.799643335445232,-29.738181040496034],[30.799819255379809,-29.73798275440565],[30.801008532563056,-29.737559998512115],[30.802147583732406,-29.73692390872424],[30.803093641974012,-29.737538219907652],[30.806345624401501,-29.737060932317107],[30.806918592544246,-29.736740977957492],[30.808484879378444,-29.736659277569988],[30.81026160586573,-29.736421346609351],[30.811099456210297,-29.736830854320075],[30.812640581901629,-29.736665279565674],[30.812833208506305,-29.736470695736127],[30.813264563466898,-29.736303424241346],[30.813665060630587,-29.736109134997125],[30.814096412509549,-29.735941950982664],[30.814289034926237,-29.735747364994918],[30.814928587610179,-29.735399056498515],[30.815125542607923,-29.73284705102375],[30.815764966302559,-29.732498830109162],[30.815970460416253,-29.732098576435735],[30.817504089937469,-29.731503879131761],[30.818625273503898,-29.730739990514138],[30.819508477209137,-29.730509190326909],[30.820109092173197,-29.730217825412353],[30.820756045707054,-29.729966935239084],[30.821084392304872,-29.729635222415702],[30.823947364538586,-29.729839868958639],[30.824720406773316,-29.729260379994923],[30.825589674193822,-29.728382411048244],[30.826453948915535,-29.728047239038592],[30.826785136210773,-29.727798868418159],[30.826978143395067,-29.727422935829964],[30.827902806010304,-29.727374608875419],[30.828404007937859,-29.727454818078215],[30.82908330300253,-29.728028553899161],[30.829656386554277,-29.728748347452171],[30.829873658296226,-29.729643715823375]]]}},
{"type":"Feature","properties":{"sde_LDR_Mi":0.0,"CAT_NAME":"Island View","MAJ_CAT":null,"Id":0,"Phase":"Phase6","OBJECTID":0,"Shape_Area":11866911.146299999,"BlockName":"Bluff"},"geometry":{"type":"Polygon","coordinates":[[[31.06164910830449,-29.874328641569036],[31.061650354818418,-29.876404160657231],[31.060121393478507,-29.879888727017125],[31.056635832980422,-29.883225785189516],[31.054426169435136,-29.886858728825974],[31.051365243705455,-29.889602494461691],[31.049155070350391,-29.892864794821911],[31.047539630147948,-29.894718476598705],[31.04541366930404,-29.896498186100988],[31.042947498175867,-29.898648590847248],[31.041544447798653,-29.900316854145199],[31.039759425115317,-29.904394238453939],[31.038228559212829,-29.905877163274866],[31.037038042153902,-29.907359981061745],[31.036613346419884,-29.909361462687684],[31.034572052607047,-29.911437480998949],[31.033040816167738,-29.912327350480862],[31.031764970166364,-29.913736016536109],[31.031332169090007,-29.914120433988185],[31.030592557138593,-29.914407027162973],[31.029688850906489,-29.915910910003667],[31.027305756441184,-29.918131129585465],[31.025415569285641,-29.919635179142119],[31.024264884517901,-29.920065010037831],[31.022210227943468,-29.921640646785928],[31.020320227689769,-29.92464828158543],[31.018923082158405,-29.926366976927525],[31.017936787025899,-29.927297959894183],[31.015663486905122,-29.925739128883276],[31.014714724854329,-29.925182035290089],[31.014076133558319,-29.92419227641459],[31.013741296207716,-29.924533558201151],[31.013702918043922,-29.924570468648806],[31.013289498340942,-29.924968075278311],[31.013137894805581,-29.925113879887551],[31.012880841521145,-29.925255503499844],[31.011595384199506,-29.925593455971786],[31.011264594812246,-29.925443502750174],[31.0093771445522,-29.925809009852731],[31.007712037348188,-29.924969063024943],[31.006799603836953,-29.924508780035072],[31.006729323685402,-29.924473326318829],[31.006165532501129,-29.924457252202629],[31.006050698057706,-29.92448510139414],[31.005982625120048,-29.924501610117073],[31.00597396768622,-29.924503709673569],[31.005954462231919,-29.924508440033978],[31.005927427018417,-29.924554033776854],[31.00592661817209,-29.924555397861187],[31.005921931038877,-29.924563302507803],[31.005903578099655,-29.924827307809196],[31.008944705712345,-29.927053545064094],[31.00923073446949,-29.927565832947181],[31.008435128449158,-29.929027031621175],[31.008122961489512,-29.928783573201372],[31.008020919569073,-29.928972277699536],[31.008015884818793,-29.928981524471215],[31.007918515736716,-29.929160345282124],[31.007816123919334,-29.929348418228049],[31.007745059943691,-29.929478927532102],[31.007713687134743,-29.92953650285104],[31.007639910465564,-29.929478932997394],[31.007360462624856,-29.929260874904536],[31.00730865534101,-29.92934156196312],[31.007355883101209,-29.929378361621584],[31.007246544317756,-29.929482244717249],[31.007135673387229,-29.929587583195694],[31.007022911719325,-29.929692998654545],[31.006912900548837,-29.929798415705278],[31.006802888098218,-29.929903831772879],[31.006690125686351,-29.930009248783179],[31.006580113777595,-29.930114663785357],[31.006470101622313,-29.930220079609768],[31.006357337424227,-29.93032549637099],[31.006247324771049,-29.930430911132262],[31.006137311869381,-29.930536326716801],[31.006027298713303,-29.930641743122045],[31.005884280496709,-29.9307759079039],[31.005637057853786,-29.931011868340718],[31.005559102872958,-29.93108863976931],[31.00533931954757,-29.931056143058033],[31.004760409123225,-29.93122773261836],[31.004027332074926,-29.931493808732867],[31.003798442257327,-29.931507311132336],[31.003570808841047,-29.9315401491072],[31.003176185178663,-29.930952997492373],[31.003077512471691,-29.930236948892567],[31.002883367190723,-29.929687408591292],[31.002880196863803,-29.929692754584295],[31.002173173486405,-29.928045850539991],[31.00225533414471,-29.926012263388674],[31.002386853681021,-29.925668556373971],[31.003110198540547,-29.923892733396411],[31.003455416912274,-29.922890252389301],[31.001071528682672,-29.920799421787397],[31.001466078745377,-29.919940155528646],[31.001926387410212,-29.919395949990161],[31.003734750148261,-29.918751464200131],[31.004414056700714,-29.918298761545476],[31.005061583278199,-29.917956124099881],[31.005246734336108,-29.917754678831894],[31.005670679492184,-29.917458955425449],[31.005778570858336,-29.917130045470529],[31.005972420614089,-29.917013486776799],[31.006377366015776,-29.916070435506207],[31.007519935031439,-29.915383073865783],[31.007944984436634,-29.914846663150566],[31.008815716767909,-29.914335843130925],[31.008900724485816,-29.914228578010125],[31.009434525904602,-29.914149519032986],[31.009615829102813,-29.913944825357472],[31.011099643306292,-29.913242783384291],[31.011364713452636,-29.912147685966666],[31.01232136910572,-29.911043232365166],[31.012839695034963,-29.910456519774648],[31.01443952686326,-29.909253384978772],[31.015865113818542,-29.907878129136051],[31.016666220594896,-29.907324273217586],[31.015732668808123,-29.906444993651473],[31.014548543332623,-29.905319852646528],[31.01419942312523,-29.904170788153337],[31.014101994890741,-29.896094721123376],[31.014198219142102,-29.895634642809462],[31.014421800730066,-29.895285418991243],[31.014772365511043,-29.894600524464312],[31.015446702679004,-29.894183863690799],[31.01680043704156,-29.893531733869157],[31.017771131397748,-29.89271124124792],[31.019608292224319,-29.891281894709273],[31.023137690881562,-29.891104252561963],[31.022886146891722,-29.888382767884458],[31.024505754506627,-29.888295801396659],[31.025802601760802,-29.888367867434134],[31.025802808864942,-29.889202014429163],[31.026309676330069,-29.890337009750652],[31.027030738916512,-29.890271983810067],[31.029249414248564,-29.890056694043469],[31.032494851063372,-29.888552218411817],[31.033686254688767,-29.888193891895963],[31.034224023474952,-29.888310699173495],[31.038306456251711,-29.886530627872816],[31.043997144724379,-29.883822917080007],[31.046156442519607,-29.883102851781736],[31.04604602662965,-29.883859780354044],[31.045450870665562,-29.884452957642324],[31.0463867515756,-29.88489739248892],[31.05412266269273,-29.875851449160386],[31.054845661930635,-29.875888245529417],[31.055521400931138,-29.875003983068559],[31.056715510355584,-29.873441306581686],[31.058161285244271,-29.873218313847467],[31.060200379447277,-29.869436961197412],[31.060967358572626,-29.87210517321888],[31.061563476301693,-29.873365043500616],[31.06164910830449,-29.874328641569036]]]}},
{"type":"Feature","properties":{"sde_LDR_Mi":0.0,"CAT_NAME":"Umhlatuzana River","MAJ_CAT":"Umhlatuzana River","Id":0,"Phase":"Phase6","OBJECTID":0,"Shape_Area":16550636.9334,"BlockName":"Montclair"},"geometry":{"type":"MultiPolygon","coordinates":[[[[30.884604141501942,-29.853608147529773],[30.884578639830263,-29.854352866703994],[30.884512461580304,-29.85433213650429],[30.883878994045169,-29.854331556283896],[30.883447873746395,-29.854640396678413],[30.883168470371221,-29.855214421545586],[30.883167662108985,-29.855899132963469],[30.883217301544597,-29.85678269579968],[30.883241467837156,-29.857776643698841],[30.883335286127,-29.858582118378965],[30.883321713908444,-29.858584263132325],[30.881697421886379,-29.859585936256817],[30.881414118064555,-29.859684313853833],[30.87986088156697,-29.860223662844362],[30.879170358670006,-29.860602543291787],[30.878833989800732,-29.860940389953523],[30.878192361885166,-29.860931031140467],[30.877535492790102,-29.860651160962743],[30.877043051847902,-29.860271192666257],[30.876320355131266,-29.860084342615167],[30.875718636592126,-29.859928767388652],[30.874733196554242,-29.86009072287937],[30.873478093681559,-29.859966273591681],[30.873623587507666,-29.859659852329745],[30.87366997509881,-29.859440384879079],[30.873819854325728,-29.859008894014789],[30.874644570116221,-29.856634520710788],[30.876908640394404,-29.854627099433102],[30.876927127087381,-29.854588972402649],[30.877546493758281,-29.85385135783018],[30.877577293774948,-29.853832528411981],[30.878141658320143,-29.852811889312651],[30.878574497783763,-29.852029094149231],[30.879047804974242,-29.851216801216697],[30.879731113783063,-29.849950001318913],[30.880089326856524,-29.849202045109692],[30.880479887637055,-29.848876593200472],[30.881277031847823,-29.848562245926775],[30.882131833201875,-29.848108314372563],[30.882723758166474,-29.847672045494711],[30.88296362041844,-29.847346026197645],[30.882950079732122,-29.847334936938879],[30.882556311226448,-29.846723200066904],[30.883697937286222,-29.847230996213003],[30.884272372725466,-29.847704099946117],[30.884649576852272,-29.84778559554028],[30.884523224991653,-29.848455017403893],[30.884516058327218,-29.850081629402947],[30.884678796019777,-29.851427962308598],[30.884627797388614,-29.85291731990063],[30.884604141501942,-29.853608147529773]]],[[[30.89263152900336,-29.847465073845523],[30.893551981208443,-29.847504040879834],[30.895699890168995,-29.847429352947387],[30.89622589144761,-29.847429771407025],[30.898599007791852,-29.847437599831679],[30.898547394280175,-29.848321073452425],[30.898571992339669,-29.849027893959128],[30.898571484131246,-29.849513822864502],[30.898760825059142,-29.850176601677187],[30.899064190198882,-29.850839468795538],[30.899544948924472,-29.851480385297243],[30.900152405409106,-29.852121397738422],[30.900557411224597,-29.852519287483606],[30.901063773814958,-29.852917253643863],[30.901544780302601,-29.853337285953788],[30.902000474758591,-29.85373520956254],[30.902303987854879,-29.854287629266935],[30.90248092022123,-29.85472951461265],[30.903074836210966,-29.856298179410203],[30.903479613363974,-29.856961109745772],[30.903960263958798,-29.857778708146466],[30.904364967762387,-29.858529985707612],[30.904871031834031,-29.8593034259546],[30.905402515706463,-29.859988529496999],[30.905883284248109,-29.860717769018109],[30.905882833899213,-29.861181606762585],[30.905926604347638,-29.863109400636151],[30.905564011392553,-29.864297797564518],[30.904132928537905,-29.86597234073631],[30.903247205915644,-29.866361332634597],[30.902925900436411,-29.866060768458752],[30.903128223068641,-29.86648058281601],[30.903178517655611,-29.866878195733126],[30.903431632825516,-29.867187607354616],[30.903811419059434,-29.867541290403544],[30.904685130460781,-29.868160387573891],[30.905242278338701,-29.868558372558709],[30.905926311122212,-29.868779747170365],[30.906331768433546,-29.868802128919359],[30.906838616298124,-29.868802494921383],[30.907396270536932,-29.86864830013867],[30.907751248144205,-29.868449765941037],[30.908207716073498,-29.86811877778192],[30.908689441691262,-29.867876155813999],[30.908993770536469,-29.867633407554177],[30.909349024628405,-29.867125644278168],[30.909526922834615,-29.866573581226493],[30.909352079378884,-29.866104887646753],[30.909232256565183,-29.865655679953413],[30.909147007508473,-29.864966963751353],[30.909370724202024,-29.86450302612409],[30.909783252898205,-29.864173957053762],[30.909960186366217,-29.863901276616339],[30.909859486453058,-29.863172318531969],[30.909758747675941,-29.862487535317904],[30.909595137946287,-29.861272609542386],[30.909570504287984,-29.860499525382323],[30.909596349856084,-29.859947355035548],[30.909622174917054,-29.859417272190313],[30.909572202455255,-29.858644173385063],[30.909511619089152,-29.85829375401039],[30.90944617141276,-29.857915196352174],[30.909396140166272,-29.857208360038985],[30.909232257651311,-29.85630266497509],[30.909156850724635,-29.855639985372591],[30.909030868752183,-29.85486683227948],[30.909025755856877,-29.854483022737512],[30.909598787307406,-29.85461968522905],[30.91006773414373,-29.85462001377088],[30.910901622753673,-29.854393495937256],[30.91210020266249,-29.854212642001414],[30.913038053877905,-29.854258698935364],[30.913767446647352,-29.854350003412303],[30.913782653116979,-29.854364938547825],[30.914183933413121,-29.854759056504399],[30.914652529069016,-29.855168142725734],[30.914912431607103,-29.855895027438223],[30.915276433555533,-29.856758238731],[30.915952966668545,-29.857757911446701],[30.916681850332104,-29.858485097005659],[30.917983890847182,-29.859258063656117],[30.918192622846846,-29.858894839240644],[30.919078711125856,-29.858577460524291],[30.920850155421761,-29.858805673147856],[30.922986435816469,-29.858988675411467],[30.924653772506179,-29.859125920697778],[30.925799796143796,-29.859580783379805],[30.926633010908315,-29.860262557304747],[30.927257700323228,-29.86108046871108],[30.927726199318265,-29.86176202594439],[30.92809069110816,-29.862125591458945],[30.928514414349081,-29.86264181924923],[30.92873528067237,-29.862599168276059],[30.929225740068638,-29.862984418534111],[30.929569119968299,-29.863198496550201],[30.929814381062499,-29.863348345184011],[30.930206885434213,-29.863476884592444],[30.9306239490144,-29.863584044807038],[30.931065524791208,-29.863733988223348],[30.931458013109118,-29.863905290062881],[30.93185036875639,-29.86426907481027],[30.932095558322196,-29.864547233266947],[30.932193431150729,-29.864953637849425],[30.932242346438638,-29.865188920168087],[30.93238945987169,-29.865360091637683],[30.932708357090746,-29.865509964172546],[30.933100884210699,-29.865638487136724],[30.933444302048322,-29.86580974995417],[30.93356690755957,-29.865938134219991],[30.933677201016533,-29.866130673205532],[30.933603542659199,-29.866194796819531],[30.933505331404831,-29.866280294879736],[30.933357985490467,-29.866451315713263],[30.933136994820476,-29.866665072501906],[30.932744190105385,-29.866942901085594],[30.932474106804161,-29.867178026542859],[30.93215496861816,-29.867348940177827],[30.93173772438637,-29.867477043737701],[30.931369571532297,-29.867583784561237],[30.931001403451145,-29.86771191083227],[30.930535070821449,-29.867861381038537],[30.93019143959118,-29.867989516993724],[30.929896839856237,-29.868181839285967],[30.929626747434739,-29.868416948155247],[30.92918482091801,-29.868737509885655],[30.928791907576926,-29.869143645367966],[30.928472654126512,-29.869485660017911],[30.927907866862409,-29.870020019866868],[30.927637748222871,-29.87027651246142],[30.927441212064284,-29.870575817859631],[30.927342739215145,-29.871003502903264],[30.927416009903364,-29.871474059054378],[30.927513915325875,-29.871816306866624],[30.927636392452943,-29.872115794360081],[30.927758885956667,-29.872393894718321],[30.927807792253166,-29.87262917965435],[30.927783016319875,-29.872949971484289],[30.927660048993651,-29.873313482340482],[30.927561668125247,-29.87361284579039],[30.92727922045141,-29.873933492492263],[30.927125511046963,-29.874000364099725],[30.927082836451358,-29.874018929726738],[30.926998189736146,-29.874078698419819],[30.926271491927594,-29.874320390440516],[30.925227515626439,-29.87466759687495],[30.924466276937235,-29.874920763480784],[30.923959527783943,-29.875089290864601],[30.923685244688233,-29.8754646110891],[30.923882001580722,-29.876037569972336],[30.923728077148731,-29.87676308503719],[30.923689936823429,-29.876942855868517],[30.923544136297505,-29.877630066791969],[30.923280730158229,-29.877965800505734],[30.92340372279493,-29.878300031558865],[30.924927106461183,-29.87930292113079],[30.925347179910684,-29.879816797545253],[30.925620644294167,-29.880389796848732],[30.925792114813163,-29.880749081261968],[30.925839824737409,-29.880849047988111],[30.926468988633019,-29.881368882177629],[30.927071468040701,-29.881488559160328],[30.927742732254526,-29.881178637473525],[30.9281924449641,-29.880971002793018],[30.92824846818657,-29.880960187349043],[30.928253997941418,-29.880957514162411],[30.928711815494914,-29.88073619531378],[30.929700180129817,-29.879364092262314],[30.93020909281411,-29.879282416058786],[30.931030707756442,-29.87935445361498],[30.931302716349887,-29.879436450134531],[30.932180804326119,-29.87970114348877],[30.933577275574912,-29.880250830146288],[30.93411860545767,-29.880463905773627],[30.934323712241895,-29.880544638087397],[30.93493256985569,-29.880967561459443],[30.935055056228897,-29.881091660953885],[30.935057292627029,-29.881093375533517],[30.935450705550167,-29.881426199680963],[30.935863430819456,-29.881552796263051],[30.936247881152941,-29.881509543930541],[30.936084628633175,-29.881692240456019],[30.936014575810169,-29.881905446027382],[30.936014444140472,-29.882108531991733],[30.936037643660367,-29.882271012318984],[30.936196778564767,-29.882548754471159],[30.935859476144135,-29.882842354942927],[30.934991180868945,-29.883265457078966],[30.93430059258684,-29.884044258920269],[30.934199258048075,-29.884468268267046],[30.933898715434889,-29.885725792475366],[30.933331226584059,-29.88648213810221],[30.933242196442269,-29.887090768280302],[30.933215045867534,-29.88755086780797],[30.933116056932754,-29.887801328223091],[30.932849048710199,-29.888331630473989],[30.932775936861148,-29.888439790985892],[30.932717439764918,-29.888526330464913],[30.932774468585663,-29.888730497794473],[30.932786232970582,-29.888772615041876],[30.932828928855294,-29.888925468721585],[30.932813447854702,-29.889024519881403],[30.932793716665156,-29.889150769496371],[30.932785267937302,-29.889159323427691],[30.932797435448357,-29.889112141997032],[30.932811475953024,-29.889026853908167],[30.932700306153521,-29.889158433303002],[30.932434120436643,-29.889343915188526],[30.932104993480277,-29.889477302204465],[30.93180177168049,-29.889424563898718],[30.931795501340634,-29.8894282492037],[30.93170001997272,-29.88948436697817],[30.931630951575261,-29.88958247887264],[30.931550864881135,-29.889696242006941],[30.931506591075774,-29.889740623594189],[30.931305266765193,-29.889942437328589],[30.931241609200733,-29.890100891030741],[30.931280846376509,-29.890153058469771],[30.931287585457209,-29.8901620183481],[30.931357648235892,-29.890249890904247],[30.931420504887271,-29.890499798637062],[30.931286182611043,-29.890676952536676],[30.931129881156501,-29.890883093192532],[30.930301543932625,-29.89156164790975],[30.930252124038688,-29.891593336991015],[30.928999811358146,-29.892396333437311],[30.928793867749533,-29.89306756912719],[30.928777331022921,-29.892993501570867],[30.928661749456143,-29.892912880353542],[30.928624467520777,-29.893039631971156],[30.928586912606661,-29.893110835877117],[30.928548752460085,-29.893332594728765],[30.928129312792333,-29.892890941483824],[30.927640621782267,-29.892637749215123],[30.927190040574526,-29.892504382737691],[30.926685883516139,-29.892517415031083],[30.926387277100385,-29.892610625651173],[30.925814849944143,-29.89282975714028],[30.925425225172692,-29.892902752243479],[30.924959313452799,-29.892842584794177],[30.924279591681152,-29.892689110650316],[30.924088761577202,-29.892509290595306],[30.924070787590576,-29.892314331148356],[30.924067347566535,-29.892277018962524],[30.924188607743531,-29.891790508013909],[30.924242319552597,-29.891471054093703],[30.924239675835221,-29.891458800648923],[30.924187387540833,-29.891216447440378],[30.924166200368628,-29.891118245786984],[30.92410160284641,-29.890754997434946],[30.92390705372647,-29.890379288130415],[30.923762140870405,-29.890092999438458],[30.923380371542255,-29.889893100614433],[30.922996498142716,-29.889853521569279],[30.922861001406357,-29.889839550982423],[30.922456165800256,-29.889839313683833],[30.921896726048875,-29.889912563555093],[30.921478964251488,-29.889960052144431],[30.920677710175976,-29.890019243831222],[30.920396827959486,-29.890010730612403],[30.920075105797622,-29.890000978845123],[30.919465653938346,-29.88998270747847],[30.91899881981999,-29.889905169111987],[30.918426843708936,-29.889670278762264],[30.918297560887535,-29.889639710923419],[30.917824522926701,-29.88952786382573],[30.917386326225063,-29.889444050438669],[30.916887439848846,-29.889313465205312],[30.916431170094736,-29.889211213048199],[30.916353404458508,-29.889193785232052],[30.91599739992127,-29.889092117934187],[30.915395557728679,-29.888821048773035],[30.914955461149976,-29.888468878515948],[30.914261850482905,-29.888148495965073],[30.914215543261065,-29.88810486907779],[30.913994318948362,-29.888052505053068],[30.913615313716797,-29.887962793131308],[30.912951228229517,-29.887789310036638],[30.912876088771032,-29.887783083003495],[30.912225415815342,-29.887729157955093],[30.911561165757547,-29.887746615800744],[30.910801844348011,-29.887666582628146],[30.910471617625529,-29.887577796681907],[30.910096649299199,-29.887337697517509],[30.909546112297736,-29.88674420118425],[30.908925065718744,-29.88631201750858],[30.908459331093329,-29.886145812029284],[30.907501329221539,-29.88579754408914],[30.906761817099454,-29.885761220868716],[30.906148077873461,-29.885653598002833],[30.904412974098452,-29.885840420158225],[30.904018863180621,-29.886268449668226],[30.903365824924599,-29.885759086446761],[30.903007149320864,-29.885102305772186],[30.902268572856826,-29.884113604367954],[30.901825737010721,-29.883211045718387],[30.901629148554115,-29.882580770402424],[30.901399497880725,-29.882150965628163],[30.900939820236488,-29.881678024619415],[30.900891156545722,-29.881033537909051],[30.900483308618011,-29.880356563610981],[30.89986366491917,-29.879737400345714],[30.899832754562194,-29.879723241689401],[30.898908660015636,-29.879299949942844],[30.898407838428295,-29.879010884455148],[30.897819804094159,-29.879341303803283],[30.897227075293596,-29.880443569586646],[30.896231567605273,-29.881829956828341],[30.894528958596627,-29.883319984419579],[30.893410735421305,-29.883992178033985],[30.892473949052835,-29.88403438135947],[30.891620869388433,-29.88382743776765],[30.891368902046949,-29.883682039153566],[30.891518884345135,-29.883392127286545],[30.891628049163462,-29.883193975199937],[30.891897577604087,-29.882691737744064],[30.891998624234027,-29.88220784471131],[30.891967443183944,-29.882052210072075],[30.891847687353362,-29.881454465686883],[30.891670768503154,-29.881284340903147],[30.891667115758636,-29.881280828423293],[30.891657317579696,-29.881271406490811],[30.891267208034979,-29.881310239904082],[30.891065171143854,-29.88137407298937],[30.890801401557081,-29.881457409786687],[30.89079568210445,-29.881459216814282],[30.890087340348906,-29.881137164069955],[30.889307253251609,-29.880677043005893],[30.888917096653557,-29.880551405431778],[30.888616041782118,-29.880348269233959],[30.888452119140211,-29.87997816865299],[30.888511825306711,-29.879651518660253],[30.888520745536329,-29.879228032175316],[30.888422859750399,-29.876464146647699],[30.888339935434168,-29.874543476922419],[30.888178403864856,-29.872660738277389],[30.888429131309202,-29.871307603442041],[30.886720450465823,-29.871091331090902],[30.885685925219203,-29.870488951561384],[30.884638439676348,-29.869071749876383],[30.88311543314618,-29.869553439752551],[30.881169944344812,-29.870458707911407],[30.879225547208417,-29.870437136684323],[30.878908556111146,-29.870214109189288],[30.878437732649839,-29.870134310628512],[30.878051808991216,-29.870005305541934],[30.877830252272361,-29.869902001439971],[30.877683306357433,-29.869730770935153],[30.877374936582523,-29.869491886354126],[30.877232359646428,-29.869337952909319],[30.877018933458654,-29.869114037601594],[30.876680893314642,-29.868718966753615],[30.876080726937282,-29.867864322169002],[30.875810432135307,-29.867586781106404],[30.87553193602799,-29.86719598311317],[30.875309088841654,-29.866834922606092],[30.875253089962076,-29.866782532141528],[30.875080349880179,-29.866700494379057],[30.874885942837309,-29.866493394273061],[30.87479581010253,-29.866431233191378],[30.874691621228408,-29.866220081606446],[30.874520940171085,-29.866025419147135],[30.874307722799895,-29.865677598831159],[30.874028802588757,-29.864725525263683],[30.874057532309433,-29.864535191228679],[30.87433683133121,-29.864000984649739],[30.874347934324778,-29.863918866393309],[30.874329189893604,-29.863724349253815],[30.874414136556439,-29.863370907213707],[30.874416143536894,-29.863316906497289],[30.874357208663536,-29.863249138182344],[30.874249236780376,-29.863124221135205],[30.874230418769823,-29.862987638966832],[30.874206816542507,-29.862880020875114],[30.874111965507019,-29.862797164018627],[30.874097125077594,-29.862718117944112],[30.873988792521626,-29.862270472343411],[30.873962425872119,-29.862161520962538],[30.875348448227413,-29.862011717398492],[30.87593212182491,-29.861802516722406],[30.876301832163772,-29.861781381917101],[30.876926037614794,-29.861903695084131],[30.877591652755768,-29.861753941823636],[30.878495870489132,-29.861303660804552],[30.87918678024381,-29.860609718897329],[30.87987730312857,-29.860230838364387],[30.881713843475932,-29.859593111549202],[30.883338135451204,-29.858591438223652],[30.883351707669345,-29.858589293468661],[30.883257889242127,-29.857783818800584],[30.88323372278537,-29.856789870905118],[30.883184083201783,-29.855906308075621],[30.88318489135218,-29.855221596658055],[30.883464294653667,-29.854647571756569],[30.883895414932969,-29.854338731308747],[30.884528882513791,-29.854339311450463],[30.884595060771897,-29.854360041641943],[30.884620562323722,-29.853615322465004],[30.8846267342077,-29.853435083816631],[30.884644218099194,-29.852924494833385],[30.884695216490677,-29.851435137236006],[30.884532478566427,-29.850088804351465],[30.884539644965628,-29.848462192352549],[30.884732663534738,-29.847439560601497],[30.884913980498762,-29.846478905561803],[30.885225002840535,-29.84638883088941],[30.886101783949432,-29.84627496486862],[30.886803233660089,-29.846160941129416],[30.887548383098618,-29.846161586126719],[30.888118159807327,-29.846200288148992],[30.889126228731204,-29.846277581076201],[30.889827547307828,-29.846278173912314],[30.89022199591545,-29.846316718801951],[30.890616275124412,-29.846508108418643],[30.891054388550433,-29.846699533489318],[30.891580000879291,-29.847043875924168],[30.891974244118824,-29.847273472672295],[30.89263152900336,-29.847465073845523]],[[30.894769531414706,-29.862608713929486],[30.895458093729932,-29.862917788542443],[30.894637959462393,-29.862539513499474],[30.894769531414706,-29.862608713929486]],[[30.919570695956885,-29.873298741184389],[30.919173098612127,-29.873746001901154],[30.919187836061546,-29.873732242506748],[30.919570695956885,-29.873298741184389]]]]}},
{"type":"Feature","properties":{"sde_LDR_Mi":0.0,"CAT_NAME":"Molweni Stream","MAJ_CAT":"Umgeni River","Id":0,"Phase":"Phase5bExt","OBJECTID":0,"Shape_Area":13403602.963300001,"BlockName":"Marianridge"},"geometry":{"type":"Polygon","coordinates":[[[30.853936756228144,-29.76246729668425],[30.855061060102681,-29.76264749707072],[30.855291666703572,-29.76509137965223],[30.855398724102404,-29.765631867752184],[30.855994050610182,-29.766518042897861],[30.856212486054488,-29.767187751804176],[30.856650459711762,-29.767712182506706],[30.856834527972449,-29.768276478763898],[30.857102495545934,-29.768887054965756],[30.856646873063745,-29.770271041620823],[30.855906687471084,-29.771076213746078],[30.855588480368677,-29.771524126274983],[30.854973870466306,-29.773346988746571],[30.854753661072483,-29.773880528217358],[30.854440522110412,-29.775047617357497],[30.853825912718381,-29.77564612373304],[30.85308748531914,-29.776054681904231],[30.852156175327909,-29.776961620765114],[30.85017569591167,-29.777139438896398],[30.849978965285374,-29.777512059334629],[30.849302769799849,-29.778354358178934],[30.849893534841737,-29.779305734713709],[30.849547444174039,-29.779859821288003],[30.849570378357473,-29.780204422628739],[30.849148681350947,-29.781225530669392],[30.849820361103056,-29.782307187498958],[30.849673650280771,-29.784408244906011],[30.849956201750128,-29.784946952994936],[30.850273670738087,-29.785032928568928],[30.85091256450545,-29.785229039582131],[30.852164440339326,-29.784053555151825],[30.854141843513332,-29.784727767218548],[30.856566958041942,-29.785850531204392],[30.857910553533973,-29.784954123280158],[30.858696655785355,-29.78531077438706],[30.85903005126648,-29.78562543521522],[30.859935016365245,-29.786044360715682],[30.860458508942667,-29.786132155345641],[30.861318404810952,-29.787008364228026],[30.863091349857438,-29.78799925988821],[30.863879191039274,-29.78877021259877],[30.864918824490459,-29.788982348867258],[30.865384246240087,-29.789731490403927],[30.864972238551314,-29.791067137414988],[30.865376366946879,-29.79171770179661],[30.865303690040214,-29.792760537330054],[30.865839804569045,-29.793179302426552],[30.865643052141181,-29.795566988251618],[30.865536877459871,-29.795796193071091],[30.865333957964644,-29.796392868568372],[30.865099861496851,-29.796845898985488],[30.864503712635216,-29.797689577675637],[30.863380414138074,-29.798625271895233],[30.862051768290183,-29.799614448057586],[30.861592294852613,-29.799789132981015],[30.861295955959076,-29.7996975812008],[30.861137733093255,-29.799584572775526],[30.860911697193739,-29.799533888968082],[30.860711111011899,-29.799540155183262],[30.860425338054021,-29.799510445449481],[30.860359389275324,-29.799455424509205],[30.86025238433843,-29.7995204193459],[30.860111362477419,-29.800212370622216],[30.860068558628914,-29.800249066141582],[30.859343998250598,-29.800870223938492],[30.858400232797116,-29.801679287273579],[30.857653205882517,-29.801796272238072],[30.857056183526211,-29.801895259335822],[30.857046182946174,-29.801925258078477],[30.856884269991451,-29.802046888571137],[30.857691574954856,-29.802077596309385],[30.858091493483908,-29.802738951199643],[30.858032546424912,-29.803277369480078],[30.857627676711036,-29.804118308692178],[30.857110851403629,-29.804432639795031],[30.855676194941168,-29.805317485839453],[30.854422453320463,-29.805803702307468],[30.851698020318398,-29.8058883234037],[30.850909546440008,-29.805887423681384],[30.850976916082448,-29.80581081626946],[30.851087356618557,-29.805555063496325],[30.851339922011771,-29.804970146387344],[30.85134098683438,-29.804286766196881],[30.85098071451025,-29.803392704091749],[30.850945638774533,-29.803282363405501],[30.850065511257998,-29.800513756724474],[30.849960967603089,-29.800184893507261],[30.849843904228088,-29.800108107963045],[30.849238419195725,-29.799710951405661],[30.848696289791409,-29.799500054714407],[30.848093570710354,-29.799499355202148],[30.847309951061234,-29.799551010120929],[30.84640578796251,-29.799602518730708],[30.845501540669854,-29.799706589817962],[30.844917583512956,-29.799755532839804],[30.844385768190804,-29.799812869315826],[30.843887460924098,-29.799696333481364],[30.843271879905018,-29.799441109101977],[30.842669495386478,-29.79923010965641],[30.842326819062002,-29.798882883409227],[30.841994879140497,-29.798650602051637],[30.841663111326064,-29.798302373421993],[30.841430856814782,-29.79807020614577],[30.840600937037522,-29.79751846020595],[30.840103108973643,-29.797112061938957],[30.839737837362595,-29.796937714770948],[30.83971102225226,-29.796921588360998],[30.839206642864156,-29.796618240498191],[30.838576038717804,-29.796124732365179],[30.837845795361041,-29.795602109187616],[30.837314756509674,-29.795195665120151],[30.837011368799658,-29.794702317166671],[30.835923821479231,-29.796330579386694],[30.834836931412898,-29.797538317011771],[30.83453391049202,-29.798536735180932],[30.834230707653838,-29.799640290860268],[30.834228950359105,-29.800691657488297],[30.834287469345078,-29.80174309732692],[30.834286331006709,-29.802426482772614],[30.834525566276675,-29.803530721251509],[30.83488504095725,-29.804845383672298],[30.833620044952919,-29.804370659151587],[30.832355060923458,-29.803895935750763],[30.831391371120283,-29.803474169054102],[30.83060905348443,-29.802737244209997],[30.828923107022753,-29.801736231941192],[30.828140838814559,-29.800999218110057],[30.827177575608463,-29.800367104957083],[30.826274042087146,-29.800050483391569],[30.825370790686559,-29.799576154770048],[30.824528097141233,-29.798944201304057],[30.823625701958321,-29.79799675582419],[30.823059493745564,-29.79729927561592],[30.822244804736957,-29.796586486755565],[30.821701819020653,-29.796016434549937],[30.820723191203935,-29.795730422720961],[30.81990861516681,-29.794970180283084],[30.819039398202083,-29.794352192809264],[30.817952696181141,-29.793686452332718],[30.816798364860556,-29.793722128030392],[30.8164839315737,-29.793731844187288],[30.815320034984019,-29.793517678819175],[30.815316552814366,-29.793517038058827],[30.814505416150084,-29.79305553278984],[30.814112461487031,-29.792831953582329],[30.812727682933872,-29.792094032384124],[30.811463558223664,-29.791303702997624],[30.810379052716232,-29.791144434129905],[30.808751948007664,-29.791089500887672],[30.807305393745263,-29.79108727837534],[30.807253632691523,-29.791122271773766],[30.807410067061447,-29.789806057756145],[30.807993317768531,-29.788997206724058],[30.80827409644013,-29.788786886035094],[30.80880088655552,-29.788158076254081],[30.808997788463074,-29.787785524445663],[30.811476686092139,-29.787604454568179],[30.812665032299158,-29.785704251106399],[30.812503010691589,-29.783266798695504],[30.813387874670827,-29.782579303377506],[30.813361424249791,-29.782179994263906],[30.81359371949134,-29.781999452633226],[30.813817279541976,-29.779956108189896],[30.814834279526842,-29.779270841949074],[30.815885667364686,-29.779101104936977],[30.817749943632379,-29.777055514509954],[30.818593185549744,-29.776203488629726],[30.819373243412951,-29.7743501843666],[30.820602447132256,-29.773769560400897],[30.822120467968141,-29.773296678799728],[30.822755989907602,-29.773126411631637],[30.824062000675809,-29.772246180562227],[30.8259737372675,-29.772128219061401],[30.828605984845694,-29.772192502127357],[30.828744955381094,-29.772614872987006],[30.829214675937461,-29.772822974473971],[30.829297337927162,-29.773401878170979],[30.828959368071502,-29.773846538468554],[30.829010623739755,-29.774047234839337],[30.828794385346324,-29.774777843602283],[30.828339652269527,-29.7752880234877],[30.828168861755909,-29.775865061127153],[30.827837304441303,-29.776301336994045],[30.829193127113079,-29.776401447427968],[30.83005726547945,-29.776125896762967],[30.830890698669947,-29.775721659440553],[30.833301946331709,-29.775483625315935],[30.835653453170611,-29.774280753294963],[30.836252445153477,-29.773675918278904],[30.836683920312247,-29.773508666145609],[30.838318608399621,-29.772261367613854],[30.838446331912213,-29.771418682944343],[30.839502644336765,-29.772158816893445],[30.840637022974143,-29.773496685347393],[30.840728728555735,-29.773960211293772],[30.84106737370216,-29.773706409871068],[30.842984879873082,-29.771761277227945],[30.843324131231185,-29.770783103394034],[30.843548302186282,-29.770252847715572],[30.843743424440571,-29.768426256959177],[30.844063874126736,-29.767798795177487],[30.845208417160698,-29.767701877585868],[30.847099844113291,-29.767927737392682],[30.848123642503023,-29.767857098858599],[30.848524327987537,-29.768263871520073],[30.849026093700711,-29.768432328176047],[30.850052704302396,-29.767934173143722],[30.851547084109729,-29.767441320199769],[30.85206041265041,-29.766441137289984],[30.852343869529598,-29.765999237137621],[30.852224543153696,-29.764682997970024],[30.852799105924692,-29.76400064889927],[30.852377299267058,-29.763894897582649],[30.851652998092035,-29.76285156720698],[30.851554190682144,-29.762548523918301],[30.853632547591825,-29.7625508557765],[30.853632813028057,-29.762369530692251],[30.853936756228144,-29.76246729668425]]]}},
{"type":"Feature","properties":{"sde_LDR_Mi":0.0,"CAT_NAME":"Umgeni River","MAJ_CAT":"Umgeni River","Id":0,"Phase":"Phase5bExt","OBJECTID":0,"Shape_Area":5170756.1818399997,"BlockName":"Shallcross"},"geometry":{"type":"MultiPolygon","coordinates":[[[[30.965110537377502,-29.812412677380355],[30.965738058963424,-29.812573444050539],[30.966209299072027,-29.812366842377738],[30.966608890920178,-29.812421444254408],[30.967418800914647,-29.813223637989861],[30.967927630448212,-29.814059170136908],[30.968108051003693,-29.814780050789842],[30.968189859267408,-29.815744369467186],[30.968359389856019,-29.816285864801031],[30.968663399848904,-29.816749009802749],[30.968965608007991,-29.81739213596715],[30.968965595089291,-29.817423741174636],[30.968779116745861,-29.817452044477459],[30.968122064334018,-29.817845722095736],[30.967615500597869,-29.818406514805222],[30.967274731322938,-29.818710554960461],[30.967102102399437,-29.81886457700001],[30.96658880068091,-29.819134257525576],[30.966328726456339,-29.819241600739755],[30.965983875443815,-29.819680910041352],[30.965370548782666,-29.819659056563953],[30.964918879186126,-29.819718609025834],[30.964626077170376,-29.819718530963357],[30.964439859117547,-29.819718480979134],[30.964070265514533,-29.819897396913678],[30.963646041754949,-29.819754068584931],[30.962839744462929,-29.819467544133406],[30.962310262665984,-29.819203788075651],[30.961595992158728,-29.818738530585744],[30.959281798472485,-29.818579845298625],[30.958983505616995,-29.817933380354766],[30.958242233836483,-29.818012164499386],[30.957752789855647,-29.818269376051994],[30.95732754279215,-29.818507840525132],[30.956982640833218,-29.818648316782941],[30.9564843284716,-29.818851275954014],[30.955750652953999,-29.819070624022498],[30.954808928077505,-29.81932808865135],[30.953995561810398,-29.819420075327638],[30.952868790465601,-29.819805959802178],[30.952396504823209,-29.820054047103067],[30.952049324274128,-29.82029141312735],[30.951676977266292,-29.820453585010732],[30.951217150790491,-29.820377036644455],[30.950308451701975,-29.820223937578259],[30.949706213534959,-29.82030009022095],[30.948852190015774,-29.820290214209987],[30.948267605420913,-29.820072276952263],[30.948196623923998,-29.819738750471085],[30.947909576948582,-29.819034507975797],[30.945841273437356,-29.817903413330409],[30.945761086701896,-29.817859561532867],[30.94485251180766,-29.817534570288267],[30.945476785128321,-29.817181571796961],[30.94592756124726,-29.816339502987788],[30.946603985626833,-29.815655622652049],[30.947487027679156,-29.815480978880014],[30.948206287200247,-29.814753623649523],[30.950778826884065,-29.814582610622008],[30.951145224886112,-29.81437061553655],[30.951443220825226,-29.814075765501585],[30.951468358961083,-29.8140508919548],[30.951490462883097,-29.814039725917301],[30.951661678273023,-29.813953234943821],[30.952087045904594,-29.813836299104864],[30.953024625008961,-29.813264714372266],[30.953690703832457,-29.813132990478856],[30.953883311797554,-29.812938201137328],[30.954203003897788,-29.81285441914962],[30.954533898852215,-29.812928601417621],[30.955419641651538,-29.813253389771841],[30.956617202489578,-29.813801380275482],[30.957821295668282,-29.813994335097721],[30.958728215472629,-29.814113577681361],[30.959149320568173,-29.814259094760846],[30.959291336005137,-29.814369199096483],[30.959904455559617,-29.814423884083993],[30.960793126702409,-29.813810991198427],[30.962010117408596,-29.813499861725788],[30.962281156828794,-29.812955602058114],[30.96367394428848,-29.812775046792495],[30.964030586265945,-29.812058592030375],[30.965110537377502,-29.812412677380355]]],[[[30.953005977824446,-29.796995536294002],[30.954346400943376,-29.797108784636951],[30.95451997458586,-29.797104434590842],[30.955919398637132,-29.797064227545601],[30.956949793728697,-29.797248690595644],[30.957446660508225,-29.797337637599476],[30.958174160597835,-29.797436910012461],[30.958435381964826,-29.797472014825502],[30.958656110552436,-29.797502674013089],[30.958819372799304,-29.79750658808819],[30.960047168461625,-29.797534692739433],[30.961247726516003,-29.797494468701398],[30.962372361564196,-29.797654924023806],[30.962508048305668,-29.797657167238903],[30.964190526048629,-29.797574301422291],[30.9657316228704,-29.797403273145694],[30.966646259325014,-29.797287410440063],[30.967753713099562,-29.797364614409535],[30.968356820624628,-29.797442297217184],[30.969180065527024,-29.797555260986698],[30.970277621300355,-29.797293909029918],[30.971452017717507,-29.797262607155915],[30.973161065542179,-29.797901240947873],[30.973634565175644,-29.798122594836212],[30.97363444724628,-29.798529039553653],[30.973468321453666,-29.798722131223261],[30.971641562668108,-29.798673446502395],[30.971420134498761,-29.79867339716273],[30.970589595368114,-29.799252583619321],[30.969427011248694,-29.799493713835847],[30.968901263739017,-29.800279223377462],[30.968986399164038,-29.800339765311843],[30.96907784853121,-29.800422829365687],[30.969063155265186,-29.800572436237324],[30.968955921482042,-29.800706251794523],[30.968721551110168,-29.801384264338971],[30.968688751686287,-29.801463928876906],[30.968553621418618,-29.801853694039067],[30.968473085328753,-29.80204926806687],[30.968519458235374,-29.802239215310266],[30.968627283504553,-29.80230494194231],[30.96875497099099,-29.802227201716864],[30.969532943726477,-29.801960602793518],[30.969681543375749,-29.802061093311366],[30.969775006125413,-29.802098532288738],[30.969805919541734,-29.802444208097139],[30.970349950011432,-29.802408395934805],[30.970395118595619,-29.802494282126222],[30.970770046148544,-29.802534785640763],[30.970673566186186,-29.802585852501426],[30.970172572998116,-29.802772218164293],[30.970032622953617,-29.802824277958322],[30.969722426308415,-29.802897797464365],[30.969155986997087,-29.803032048404315],[30.968927601687419,-29.803086176492954],[30.968345308734175,-29.803224180923891],[30.968035336923279,-29.803297642558622],[30.967707106247389,-29.803375432342573],[30.967585868153883,-29.803404165121069],[30.967373172379435,-29.803454572762629],[30.967117110177963,-29.803515256412098],[30.966581428354662,-29.80364220555515],[30.966321699349258,-29.803703756705321],[30.966044961690034,-29.80379157665071],[30.966011644814515,-29.803802148146278],[30.965957382856249,-29.803819368417411],[30.965510922252498,-29.803961045280442],[30.965374030592233,-29.804004486013568],[30.965340078375835,-29.804015260900393],[30.964773508694375,-29.80419504918952],[30.964489176210023,-29.804285274435518],[30.964429505035522,-29.804304209440517],[30.9640833420478,-29.804402812927385],[30.963775335092159,-29.804490546376996],[30.96368967932472,-29.80451494537931],[30.963645036789394,-29.804532799446559],[30.963493623321838,-29.804570790857774],[30.963141943119069,-29.804670963455699],[30.963134784988156,-29.804684552276299],[30.9629942943678,-29.804713019979616],[30.961627677480401,-29.805401510616527],[30.960269932485204,-29.805948156957523],[30.959552712485259,-29.806334614390977],[30.958531700256479,-29.806701877636495],[30.957554503377523,-29.806992766389214],[30.956779568193493,-29.807899530483326],[30.956026482403704,-29.808877902882763],[30.955700509492566,-29.809500769789487],[30.955626294170688,-29.810219195413246],[30.955543836425697,-29.811004451110733],[30.954741620621,-29.811603285271207],[30.953933937322869,-29.812163923673225],[30.953348047052632,-29.81251220216706],[30.953238374560076,-29.812599999517616],[30.95323646530586,-29.81228093136788],[30.953269598315135,-29.811660354505001],[30.953240637450602,-29.811500825369919],[30.953227972692044,-29.811431058661942],[30.95322552853936,-29.811417596939609],[30.953160396949652,-29.811058823045883],[30.953001648759187,-29.810568903100961],[30.952996412680861,-29.810552746225756],[30.952991999800677,-29.810443711531835],[30.952989197893942,-29.810374510474663],[30.952985590185335,-29.810285411593238],[30.953062516378118,-29.809664850166971],[30.953040883394749,-29.809101538991044],[30.952789229532922,-29.808786381353901],[30.952395175698499,-29.808643026930412],[30.951902533307582,-29.808623753817933],[30.951486469650405,-29.808719076579457],[30.951216303338644,-29.808812866194426],[30.951060526333382,-29.808797126012397],[30.95092792714745,-29.808783726105304],[30.950809685523488,-29.808749400365997],[30.950804001355745,-29.808741520063958],[30.950629979458444,-29.808695608290243],[30.950424521262246,-29.808737777797322],[30.949745693532773,-29.808861638642686],[30.949428134204286,-29.809004730025968],[30.94877669005519,-29.809011857924951],[30.948585143673821,-29.809013952966303],[30.947982957843067,-29.809118740349287],[30.947468317535126,-29.809290391691022],[30.946909924860226,-29.809385643930813],[30.946340655063672,-29.809347223437779],[30.945519602113301,-29.809275281277962],[30.94510903571457,-29.809310915070725],[30.944629138536207,-29.809237346666968],[30.943029052652168,-29.8091071500758],[30.943371069526567,-29.80929108651706],[30.943896525006174,-29.809367690694096],[30.94420294453797,-29.809587413535755],[30.944420484163281,-29.810212970721683],[30.944548670138179,-29.810581576342372],[30.9445524770695,-29.811038783481738],[30.944442840461114,-29.811557831941169],[30.944222209318109,-29.812125249487298],[30.942266470694612,-29.812293869207458],[30.939836900800231,-29.812821635633618],[30.938495623962623,-29.813006001823481],[30.93730393437863,-29.812940700124003],[30.936811667106543,-29.812296008675585],[30.935908744377869,-29.811818197812858],[30.935224622369457,-29.811603045608052],[30.934513335452554,-29.811077581298161],[30.933665252997518,-29.810480438304111],[30.93344681445992,-29.80969265824875],[30.932872462466623,-29.809071779055294],[30.932402389540957,-29.808282756828028],[30.931970216834163,-29.807663058479228],[30.931478024599532,-29.806994478176968],[30.931013356232647,-29.80611109097525],[30.930165203809334,-29.805704874817291],[30.92934472983168,-29.804869030833945],[30.929873843446664,-29.804189137087871],[30.930756944713188,-29.803503374707876],[30.932079253989642,-29.802870343213126],[30.933976409182957,-29.802026349027397],[30.934686560565762,-29.802090073716947],[30.936746600796141,-29.803286902943043],[30.937373037187157,-29.803757416071779],[30.93781075980958,-29.804029727585252],[30.938013804478906,-29.804063285452372],[30.938300596654578,-29.804108413094259],[30.938775944217777,-29.804173794941587],[30.939197720270418,-29.804008728225181],[30.939236614056625,-29.803962780818669],[30.939556287853552,-29.803879034124137],[30.940372854075008,-29.803321896856868],[30.941844028563725,-29.802792045159475],[30.942377504046775,-29.802664966255428],[30.943780385871172,-29.802173275799618],[30.945171380869297,-29.801705443430588],[30.94581280218236,-29.801508780601132],[30.946131330990639,-29.801212473617721],[30.946279949937313,-29.800728759609679],[30.946526907780896,-29.79950438881967],[30.947105970163346,-29.799032018050358],[30.948371521589728,-29.798029431243211],[30.9493512941931,-29.797002665491121],[30.949790405500405,-29.796367379694722],[30.95172975694171,-29.796654540292852],[30.953005977824446,-29.796995536294002]]]]}},
{"type":"Feature","properties":{"sde_LDR_Mi":0.0,"CAT_NAME":"Palmiet River","MAJ_CAT":"Umgeni River","Id":0,"Phase":"Phase5bExt","OBJECTID":0,"Shape_Area":14729356.847899999,"BlockName":"StWendolins"},"geometry":{"type":"Polygon","coordinates":[[[30.8659436744096,-29.855016891352903],[30.866244978730695,-29.853737239337534],[30.865969629300576,-29.854902529115055],[30.8659436744096,-29.855016891352903],[30.865619310919264,-29.854250711598741],[30.865179036316519,-29.853288762877828],[30.864623372332325,-29.85224028492263],[30.864431399839223,-29.851863997254551],[30.863419519690986,-29.850795025805635],[30.863281095425364,-29.850690867396573],[30.86318573426141,-29.850049366991467],[30.862962687623309,-29.849699926214786],[30.862770724416748,-29.849323545720654],[30.862339901497222,-29.848792573547691],[30.862148090242219,-29.848234959508115],[30.861717301310513,-29.847703883956687],[30.8615261015463,-29.846783532541767],[30.861179573898351,-29.846240638170663],[30.860285093351898,-29.845567164654508],[30.860030610987454,-29.84506838913574],[30.858421665700874,-29.843856931943343],[30.857552933061399,-29.842644458806429],[30.856524562504337,-29.842439638486088],[30.85539122155356,-29.841620281645689],[30.854040227325346,-29.842983914181413],[30.853211456835947,-29.842785245575151],[30.852810999099518,-29.842593839378864],[30.852649654220837,-29.842464768721058],[30.852287422134712,-29.841945021691028],[30.851839653211858,-29.841568589724588],[30.851326457485733,-29.841466571301559],[30.850354978483903,-29.841161148423815],[30.849860629961036,-29.840968783864056],[30.849239960717618,-29.840727261276257],[30.848278302735416,-29.840726160085683],[30.847829739619765,-29.840886756537213],[30.847104242451561,-29.84086801777466],[30.845407041338099,-29.840516408325527],[30.844782517632922,-29.840882473302244],[30.844154974212667,-29.841543492636461],[30.843563336511661,-29.842239495372205],[30.843272841624145,-29.842395584873305],[30.842985018476643,-29.842617222108235],[30.842713723541578,-29.842680676489568],[30.842232660639997,-29.842633796932947],[30.842035555429515,-29.842620194716996],[30.841631321746995,-29.842698000240382],[30.841465465310506,-29.843007139061335],[30.841292991291446,-29.843345866105938],[30.841068756956183,-29.843518882851264],[30.840627910054248,-29.843546994347111],[30.839970964011741,-29.843453111594801],[30.839624378386969,-29.843323992104015],[30.839409822152771,-29.843264536937877],[30.839122935935819,-29.843071275994255],[30.838213426654232,-29.842551022122475],[30.837912395095746,-29.842467113331292],[30.837310268326512,-29.84234106290689],[30.83664030683881,-29.841838994485755],[30.836107020959528,-29.841474336894258],[30.835416519330167,-29.840984170668225],[30.83454221383283,-29.840477040387889],[30.833745791633987,-29.839975753487778],[30.832831197007433,-29.839418937363174],[30.832153373570556,-29.839137405711394],[30.831627684661392,-29.839158217043124],[30.831553807677448,-29.839133061812525],[30.831467777927323,-29.839007641390385],[30.831418924238324,-29.838753378713747],[30.831242886574614,-29.838427346678554],[30.830923316982663,-29.837982981287134],[30.830558286691975,-29.837710410603044],[30.830201508641693,-29.83741636799218],[30.829869063075634,-29.837304951435463],[30.829717191222151,-29.837233813965412],[30.829027877092162,-29.836913612881336],[30.828650470369347,-29.836680404409034],[30.828478287970306,-29.836508325452826],[30.828082653088995,-29.83639621500545],[30.828382049930234,-29.836163676770781],[30.829022776793508,-29.835540258334994],[30.829499468466768,-29.834569853717404],[30.829083978328885,-29.834245186504948],[30.829631583278903,-29.833689487337548],[30.829897265028837,-29.8330100548717],[30.830699533849113,-29.831991423357355],[30.831169844280581,-29.831504145336922],[30.831898947215667,-29.830748724329506],[30.832031492391302,-29.830578948444597],[30.832059431235905,-29.830528147688462],[30.832081697614917,-29.830487690655197],[30.832238996098454,-29.830487533157406],[30.833290258830885,-29.830724662121224],[30.834160810541182,-29.83124976623461],[30.834881258029792,-29.831669848960676],[30.835722076816989,-29.83198528574065],[30.836322990655191,-29.832012236344081],[30.837384925078002,-29.832336414638782],[30.837644378208573,-29.831999260919659],[30.838196872024344,-29.831629019598317],[30.839298792765508,-29.831360959985627],[30.84113836985442,-29.831041625292624],[30.842731998259413,-29.831575527746235],[30.844195753232292,-29.831890844156426],[30.845066735596401,-29.832153862035547],[30.846359922142454,-29.832519622657255],[30.846675452577628,-29.8329532051869],[30.847294443791778,-29.832419528699603],[30.84770763702819,-29.83217941832498],[30.848020057699063,-29.831957799203895],[30.848734713954734,-29.831860758229443],[30.849608019819051,-29.831849820292568],[30.849966595383666,-29.831881256629515],[30.850576510890871,-29.832261461168581],[30.850755774669096,-29.832827182320464],[30.850717848111312,-29.833478754234385],[30.850705001967565,-29.833833189592927],[30.850899864226182,-29.833687403022942],[30.851205895912123,-29.833556170195493],[30.851859652012603,-29.83333439142779],[30.852430883230188,-29.83305773583351],[30.852702409531947,-29.832920571628456],[30.853529093079402,-29.832641340934469],[30.854668325787891,-29.828749348939276],[30.855161661424539,-29.827917695719655],[30.855373809290079,-29.827970052891519],[30.855753403320087,-29.827980892630315],[30.855926781315038,-29.827970657089217],[30.856094152979459,-29.827981264240695],[30.856258509094641,-29.828010111867268],[30.856506513983867,-29.82807032381487],[30.856697812790234,-29.828070531457129],[30.856838280105851,-29.828083715626487],[30.856990661398747,-29.828125579591411],[30.85717892328783,-29.828159664039436],[30.857343268906824,-29.828196328991762],[30.857438878372047,-29.828225100898074],[30.857579285611703,-29.828279983139925],[30.857695777846029,-29.828337444968795],[30.857782374802323,-29.82839748111131],[30.857970578504919,-29.828473264394052],[30.85824624369468,-29.828623024009914],[30.858573895597917,-29.8288101129193],[30.858917447238969,-29.828946003952719],[30.859266894833947,-29.829141843260135],[30.859670143233348,-29.829340344845445],[30.859923913781415,-29.829556929651353],[30.860243396080367,-29.829810071427818],[30.860624552464753,-29.829919563950551],[30.861474982630252,-29.829488262534699],[30.861915546712094,-29.829281102979262],[30.862480272227021,-29.829059221803234],[30.862443021088978,-29.828414414503381],[30.863317796254904,-29.825604742896925],[30.863618933454894,-29.824581086959629],[30.863914361994198,-29.824688053952915],[30.865611242483855,-29.825770420407753],[30.866803984172023,-29.826291932924967],[30.867584028226037,-29.826492829254576],[30.868685353622425,-29.826734072947122],[30.870062041218745,-29.827015602556681],[30.871117630345491,-29.827136711794239],[30.872081777809854,-29.826977561718323],[30.873780198648856,-29.826939180656698],[30.874606558492765,-29.826859912432859],[30.875616400206454,-29.826860872548586],[30.87630482800164,-29.826941569627433],[30.876805888378495,-29.82719459527797],[30.877323691400676,-29.827533966675563],[30.877518732982843,-29.828048739116966],[30.877798725530528,-29.827706415354097],[30.878018334957272,-29.82770487286632],[30.878163337034941,-29.827735063476247],[30.87832969844894,-29.827737854775684],[30.878452577478178,-29.827696192404495],[30.878407991042529,-29.827635763007304],[30.878356105258931,-29.827565442838104],[30.878405516182866,-29.827356216672801],[30.878553288741699,-29.827111782302826],[30.878560254032092,-29.82703552893949],[30.879209029409871,-29.826054941236752],[30.879716417354608,-29.825249835439784],[30.880052810557213,-29.82436103135667],[30.880361746334994,-29.823537841025278],[30.88100165346416,-29.822732266774466],[30.881448786650171,-29.822833534314171],[30.881604618257363,-29.822868826242033],[30.882318969954348,-29.823133081133193],[30.883344772093334,-29.823739063166666],[30.884702634687304,-29.824817928395028],[30.885621410047307,-29.825470951440494],[30.885955931742728,-29.825943840999621],[30.886014737434252,-29.826228884210757],[30.885866840080666,-29.826620263795181],[30.88527431012017,-29.827708162570417],[30.886325471941287,-29.827712059935969],[30.887197491960137,-29.827446219183116],[30.887258589789869,-29.82742759292265],[30.887197127635098,-29.827437746053253],[30.887439589072564,-29.826176981675438],[30.887484397022959,-29.825187613707183],[30.887484582833427,-29.82518352722111],[30.887480598214612,-29.825176213899081],[30.88717758877312,-29.824619959859671],[30.8870472633626,-29.824380712615934],[30.887037813816022,-29.824379244313075],[30.887235151069614,-29.824233541360538],[30.887232973410296,-29.824238359562429],[30.888406715443626,-29.824152052154083],[30.888787342111332,-29.823781248779046],[30.889746310805432,-29.82339848376667],[30.890671687979697,-29.822886322518233],[30.891269380310618,-29.822304148746841],[30.892426632478735,-29.820518200531271],[30.892633616261364,-29.820570248162955],[30.892738014349167,-29.820547780957405],[30.893095006583575,-29.820266163717175],[30.893714563162419,-29.819534767008729],[30.894157255239957,-29.819150664661223],[30.894801225747567,-29.818927928537097],[30.895447077317545,-29.818892362790184],[30.896430580080363,-29.818629266562066],[30.897498013605642,-29.818465472255287],[30.898290533726115,-29.818273649837785],[30.899155111582317,-29.818142113627029],[30.899924867978726,-29.8181088565217],[30.901033964043183,-29.818209144663179],[30.901428483870738,-29.818218599551948],[30.902363301909102,-29.818241000412829],[30.903242355408654,-29.818230124344772],[30.903272962477008,-29.818229745356334],[30.903442722714477,-29.81822764503821],[30.903989452873365,-29.818312564167879],[30.904378154781288,-29.818421524917103],[30.904537998951927,-29.818466331546542],[30.90506576004282,-29.818703523257607],[30.905226944663919,-29.818735162657315],[30.905512812058198,-29.818791274971993],[30.905907628922709,-29.818868771915227],[30.906082479053875,-29.818867882629693],[30.906683245847894,-29.818864822336923],[30.90704814536674,-29.818899878822112],[30.907068192904308,-29.818901804651411],[30.907773084338537,-29.819060157611744],[30.908335961372082,-29.819143945125333],[30.908426780659024,-29.819152486435115],[30.909010447763446,-29.819224195122903],[30.909302047709222,-29.819260019707897],[30.90962866408594,-29.819281253233854],[30.909725355474279,-29.819287541255346],[30.909856787795444,-29.819296085646695],[30.910036847058766,-29.819304713680001],[30.910292249073532,-29.819269939917241],[30.910537119922562,-29.819208088194408],[30.910851735517713,-29.819237623726334],[30.911158161322401,-29.819386682268576],[30.911029208267582,-29.819443919267513],[30.910384987846829,-29.819569147009759],[30.909630145694461,-29.819859436372685],[30.9086723979437,-29.820016781196177],[30.907936736397136,-29.820232691267133],[30.907467935556486,-29.820392130175353],[30.906930973085881,-29.820544810754289],[30.905963209252988,-29.820601733415877],[30.90539076848124,-29.820595081375519],[30.903993652836405,-29.820855688479831],[30.903082721164061,-29.821175547257809],[30.901965325645872,-29.821584773577761],[30.901826636579781,-29.821661854390005],[30.901237334894589,-29.822123283443204],[30.901041747832625,-29.822417704402099],[30.900915088894688,-29.822743629409452],[30.900790076566821,-29.822899520293145],[30.900662728001869,-29.823274520061311],[30.900654143515833,-29.823651639146679],[30.900697712563929,-29.823936660125923],[30.900689233511503,-29.824152909010895],[30.900611728818994,-29.824289723631725],[30.900108090145469,-29.824446691230673],[30.899246920316386,-29.82483133167484],[30.898342758930873,-29.825155943631867],[30.897663354100231,-29.825551996022789],[30.897267845668217,-29.825952847040686],[30.897135729596769,-29.826654484165708],[30.896526909768593,-29.827236490935761],[30.895591975870122,-29.827732346974468],[30.895207158831269,-29.827940088883061],[30.89462107615762,-29.828256480685202],[30.893996974037229,-29.828213017681826],[30.893290963052149,-29.827968987361949],[30.892617725881856,-29.827796588114797],[30.892145923473755,-29.827753643672036],[30.891579498744559,-29.827517886414316],[30.892141451697075,-29.827753235871988],[30.891845743545613,-29.827810279802691],[30.89176327998587,-29.828125278558861],[30.892337797546411,-29.828455135702537],[30.894078464057589,-29.828814574409741],[30.894593783589077,-29.829086289087765],[30.894776887502275,-29.829201806992806],[30.895565207236515,-29.829699189717715],[30.896528835583599,-29.830196708994169],[30.897164312320921,-29.830821984547278],[30.897382771225807,-29.831190818812697],[30.89813175064895,-29.832455353255611],[30.898295122812858,-29.833329073655964],[30.898352956593897,-29.833914945313275],[30.898392678065807,-29.834317312196326],[30.898457873787681,-29.834818604985831],[30.898687461213765,-29.835191132891456],[30.8990815139001,-29.835363288656666],[30.899508363257919,-29.835592754372058],[30.899737741835821,-29.836180098023441],[30.899868365857621,-29.836967863840432],[30.900196294733323,-29.837569602655083],[30.900372272990552,-29.838134080190795],[30.900392786946774,-29.838199883802908],[30.900391621800658,-29.83937422221107],[30.900308677664821,-29.840190467679214],[30.900406784907915,-29.840648820836062],[30.900811807744276,-29.841098373064042],[30.900832592573291,-29.841168985269533],[30.900163008069494,-29.841651877671211],[30.899844565488259,-29.841730143791672],[30.899693660817089,-29.842052256184402],[30.899470406152904,-29.842763466424856],[30.899376287933784,-29.842954447926939],[30.899344474144701,-29.843084992799408],[30.899296841817677,-29.843174328894762],[30.898966374599279,-29.843794114979961],[30.898288124642857,-29.844727624627463],[30.898102314815603,-29.845712063078846],[30.897341811096396,-29.846415598821959],[30.896458540626753,-29.846677465159555],[30.894986791155713,-29.846753876364271],[30.891054388997404,-29.846699533598741],[30.89047576989492,-29.845713060159653],[30.89047655767936,-29.84499113980905],[30.890120585778988,-29.844872585063214],[30.889356949900272,-29.845136529135324],[30.888658013089678,-29.845107879852996],[30.888363831776047,-29.844999393019879],[30.888538897872458,-29.844706897937762],[30.888148017285175,-29.844718593352322],[30.887526646095889,-29.845235203532784],[30.886675924226967,-29.845238485270382],[30.886307950493361,-29.845322354057497],[30.885225004033355,-29.846388830352822],[30.884435750667276,-29.846617403039065],[30.883646674712868,-29.846693124445718],[30.882572730967315,-29.846730375225789],[30.882966500118947,-29.847342112110798],[30.882723758166474,-29.847672045494711],[30.882131833201875,-29.848108314372556],[30.881277031847823,-29.848562245926786],[30.880479887637048,-29.848876593200472],[30.880089326856524,-29.849202045109699],[30.879731113783063,-29.84995000131892],[30.879047804974242,-29.851216801216697],[30.87857449778377,-29.852029094149231],[30.877562913927029,-29.853858533699647],[30.87694354756265,-29.85459614830927],[30.874644570116221,-29.856634520710781],[30.873819854325728,-29.859008894014789],[30.873669975098803,-29.859440384879093],[30.873583222738961,-29.859850823992389],[30.873478093681559,-29.859966273591688],[30.8732599576173,-29.860859589111957],[30.87324961405384,-29.861251109081273],[30.873336260639736,-29.861605800473125],[30.873147251134863,-29.861653356255829],[30.87302788158652,-29.861790351976172],[30.87252799107662,-29.861953504661567],[30.872436422117417,-29.862036044464038],[30.872222709229511,-29.862294269446448],[30.872032490181688,-29.862744765829646],[30.872069787563881,-29.863275225065024],[30.872050444780246,-29.863548333125784],[30.871925899797414,-29.864076475341307],[30.87160502519508,-29.864447081859069],[30.871567101176371,-29.864551589618884],[30.87140249067194,-29.864786296516638],[30.870988211696105,-29.864935079758386],[30.870785968780009,-29.865050486676207],[30.870242877880205,-29.865067760666346],[30.870227566081351,-29.865057059400151],[30.869888338118276,-29.865056034477117],[30.869626286526291,-29.865020659211638],[30.868831288510638,-29.864891519276831],[30.868242278244345,-29.864890928311869],[30.867623747413376,-29.864941642779282],[30.867034770283315,-29.864915377079523],[30.866563595892959,-29.864889228429206],[30.866244748036394,-29.864769738056506],[30.866158301440841,-29.864711311240733],[30.866103010825633,-29.864631141598338],[30.865958112953123,-29.864321386139242],[30.865933940434079,-29.864191241173224],[30.865958042209126,-29.864072291749501],[30.866242144015434,-29.863700267031145],[30.86627443915059,-29.863662909553899],[30.866879734344984,-29.863301624264139],[30.866924635247461,-29.863265476359096],[30.867165662046482,-29.862984797887929],[30.867209521199719,-29.862908906434608],[30.867264012925766,-29.862863325665593],[30.867685691121117,-29.862657143423039],[30.868157231560371,-29.862400927338207],[30.868270434407808,-29.862290687840968],[30.868305298232627,-29.86224506392437],[30.868311199957798,-29.862164473870145],[30.868249552372941,-29.861938906041626],[30.868131210286407,-29.861673936140154],[30.867981760007172,-29.861476657730048],[30.867864817091942,-29.860834808619067],[30.867894983725392,-29.860295785320904],[30.867933330320803,-29.85962346161131],[30.867888069047567,-29.858617201616717],[30.867878496132377,-29.858549380099053],[30.867545303321805,-29.85776991094362],[30.867177378281163,-29.85711715070973],[30.866831062966895,-29.856530595549838],[30.866749537023111,-29.856383126160747],[30.866517266834492,-29.855962982449576],[30.866336985046605,-29.855647761135739],[30.86597951757544,-29.855045614496994],[30.8659436744096,-29.855016891352903]]]}},
{"type":"Feature","properties":{"sde_LDR_Mi":0.0,"CAT_NAME":"Umgeni River","MAJ_CAT":"Umgeni River","Id":0,"Phase":"Phase5bExt","OBJECTID":0,"Shape_Area":6677450.6791700004,"BlockName":"Umhlatuzana"},"geometry":{"type":"MultiPolygon","coordinates":[[[[30.975037428252115,-29.803181221423849],[30.975213315297644,-29.8032483755477],[30.975685539126658,-29.803111634972694],[30.976291157156599,-29.802982749745389],[30.976885388320579,-29.803042601090215],[30.977669132996041,-29.802996117483858],[30.978256142756749,-29.803157330702156],[30.978292071320716,-29.803231151454348],[30.978384156267946,-29.803468745190063],[30.978739769144163,-29.803503541142906],[30.979145670120072,-29.803447851673319],[30.979336694647522,-29.803411439246094],[30.979443460013279,-29.803261081388921],[30.979665366750236,-29.803123778659174],[30.980079375570362,-29.803454898746342],[30.981062805291977,-29.803877899893841],[30.981825702184487,-29.804221603697226],[30.981791674939132,-29.804558351560797],[30.980540716275911,-29.805859940985471],[30.979238027757656,-29.806860423268827],[30.978806239564893,-29.807121438973937],[30.978410754144129,-29.807736356600969],[30.978142381197774,-29.808397662942362],[30.978062406281055,-29.809410193330244],[30.978121850183818,-29.810043046527177],[30.977990631076057,-29.810738472833975],[30.977680934995259,-29.811584525697835],[30.977462864521048,-29.81227148579822],[30.977666560718504,-29.81282364731485],[30.977791621579236,-29.813097731461475],[30.977998064938319,-29.813345972229904],[30.978091073107713,-29.813587539191413],[30.978118136367009,-29.813746509721195],[30.978133596438532,-29.814062017255079],[30.977959394749355,-29.814492123337171],[30.977860970074769,-29.814647964694199],[30.977749705527057,-29.814965700745567],[30.977497600760739,-29.815364305628815],[30.977224487520083,-29.815425425404264],[30.976891010481438,-29.815658118483196],[30.976792090260133,-29.815886092610533],[30.97664163781667,-29.816328131696434],[30.976545262361523,-29.816685501340636],[30.976424882434987,-29.81688501674256],[30.976068857871059,-29.817508500462001],[30.975811418872322,-29.817852552284894],[30.975545239325015,-29.818117879674581],[30.97519561062764,-29.81838153793715],[30.975059382654809,-29.818682972550228],[30.974715719242845,-29.819048718206069],[30.974592771643355,-29.819226139667471],[30.974420750970062,-29.819226575050891],[30.974140187728477,-29.819108323589244],[30.973792884057886,-29.8187318889415],[30.973264719810917,-29.818451403664579],[30.972527986206785,-29.8182472475468],[30.971543468789715,-29.818216469139763],[30.970544391120317,-29.818192381667881],[30.969173539645649,-29.817392180784058],[30.96896559698358,-29.81742374117508],[30.968965608007991,-29.81739213596715],[30.968663399848904,-29.816749009802749],[30.968359389856019,-29.816285864801031],[30.968189859267408,-29.815744369467186],[30.968108051003693,-29.814780050789842],[30.967927630448212,-29.814059170136908],[30.967418800914647,-29.813223637989861],[30.966608890920178,-29.812421444254408],[30.966209299072027,-29.812366842377738],[30.965738058963424,-29.812573444050539],[30.965110537377502,-29.812412677380355],[30.964030586265945,-29.812058592030375],[30.96367394428848,-29.812775046792495],[30.962281156828794,-29.812955602058114],[30.962010117408596,-29.813499861725788],[30.960793126702409,-29.813810991198427],[30.959904455559617,-29.814423884083993],[30.959291336005137,-29.814369199096483],[30.959149320568173,-29.814259094760846],[30.958728215472629,-29.814113577681361],[30.957821295668282,-29.813994335097721],[30.956617202489578,-29.813801380275482],[30.955419641651538,-29.813253389771841],[30.954533898852215,-29.812928601417621],[30.954203003897788,-29.81285441914962],[30.953883311797554,-29.812938201137328],[30.953690703832457,-29.813132990478856],[30.953024625008961,-29.813264714372266],[30.953236136557102,-29.812987448006382],[30.953238374560847,-29.812599997865767],[30.953348047052632,-29.81251220216706],[30.953933937322869,-29.812163923673225],[30.954741620621,-29.811603285271207],[30.955543836425697,-29.811004451110733],[30.955626294170688,-29.810219195413246],[30.955700509492566,-29.809500769789487],[30.956026482403704,-29.808877902882763],[30.956779568193493,-29.807899530483326],[30.957554503377523,-29.806992766389214],[30.958531700256479,-29.806701877636495],[30.959552712485259,-29.806334614390977],[30.960269932485204,-29.805948156957523],[30.961627677480401,-29.805401510616527],[30.9629942943678,-29.804713019979616],[30.963134784988156,-29.804684552276299],[30.963141943119069,-29.804670963455699],[30.963493623321838,-29.804570790857774],[30.963645036789394,-29.804532799446559],[30.96368967932472,-29.80451494537931],[30.964429505035522,-29.804304209440517],[30.96534007837602,-29.804015260349782],[30.965342115660814,-29.804017250804907],[30.965374030592233,-29.804004486013568],[30.965957382856249,-29.803819368417411],[30.966011644814142,-29.803802149247488],[30.966321699349258,-29.803703756705321],[30.967373172379435,-29.803454572762629],[30.967585868153883,-29.803404165121069],[30.970032622953617,-29.802824277958322],[30.970673566186186,-29.802585852501426],[30.970770046148544,-29.802534785640763],[30.970867486858154,-29.802440287536687],[30.97114208411358,-29.802215536751557],[30.971553627200603,-29.801922301390324],[30.971767547892448,-29.801825417037982],[30.972129725125512,-29.802013855341009],[30.972358555987743,-29.802122032558032],[30.972711124437499,-29.802434517986658],[30.973103717244705,-29.802697347371588],[30.973613096633628,-29.802899412741915],[30.974522443954069,-29.803118837085936],[30.975037428252115,-29.803181221423849]]],[[[30.945171380869297,-29.801705443430588],[30.943780385871172,-29.802173275799618],[30.942377504046775,-29.802664966255428],[30.941844028563725,-29.802792045159475],[30.940372854075008,-29.803321896856868],[30.939556287853552,-29.803879034124137],[30.939236614056625,-29.803962780818669],[30.939197720270418,-29.804008728225181],[30.938775944217777,-29.804173794941587],[30.938300596654578,-29.804108413094259],[30.938013804478906,-29.804063285452372],[30.93781075980958,-29.804029727585252],[30.937373037187157,-29.803757416071779],[30.936746600796141,-29.803286902943043],[30.934686560565762,-29.802090073716947],[30.934426836097611,-29.802066767557282],[30.933976409182957,-29.802026349027397],[30.932079253989642,-29.802870343213126],[30.930756944713188,-29.803503374707876],[30.929873843446664,-29.804189137087871],[30.92934472983168,-29.804869030833945],[30.929070624270949,-29.804895884495931],[30.928534793027961,-29.804766320435586],[30.92772502696598,-29.804247515285205],[30.927466389236894,-29.80373018374107],[30.927147728430317,-29.80250472399495],[30.927487457842027,-29.801994117290796],[30.928566642544258,-29.801714085858013],[30.929030094411875,-29.801793175798036],[30.929346190653401,-29.801508366307988],[30.929355885605958,-29.801170063973665],[30.929375907350828,-29.801031722289736],[30.929427387593165,-29.800676016942418],[30.92943711673907,-29.800461203131928],[30.929277209219979,-29.800190206443677],[30.929070775448007,-29.799921570958936],[30.928882381273741,-29.799707444694434],[30.928768437423457,-29.799577938775577],[30.928369349280747,-29.799453966949706],[30.927838956962283,-29.799426520503815],[30.927352488128495,-29.799407458262632],[30.927042689721041,-29.799328386201296],[30.926756840945782,-29.798986229738279],[30.926547372068544,-29.798436900031835],[30.926448476749687,-29.798173513502348],[30.926387822446785,-29.797807578551296],[30.926248782058227,-29.797419948014426],[30.925728880094315,-29.797072694109705],[30.925482555559821,-29.796584931994634],[30.925404085151602,-29.795979584568059],[30.925351754811896,-29.795554472516315],[30.925082095711641,-29.795333102666234],[30.924986202019795,-29.795216223187538],[30.925079632082952,-29.795036122622875],[30.925593361073116,-29.794727360214242],[30.925951866429955,-29.794423455115144],[30.92611084778132,-29.793980777893598],[30.926305775400031,-29.793703101879697],[30.926664980734607,-29.793468432295754],[30.926734069058629,-29.793294704691558],[30.926804972786165,-29.793110428263123],[30.926743134844298,-29.792870798732515],[30.926674323851877,-29.792664534236355],[30.926606629989347,-29.792428671992123],[30.926680169937576,-29.792153744311001],[30.926739478243981,-29.791878807590471],[30.92659311964783,-29.791443358680468],[30.926461029229525,-29.790956360641829],[30.926341915727672,-29.790688962825087],[30.926495301641616,-29.790492368895539],[30.926632246423932,-29.790325361792405],[30.926653390187866,-29.789932508256761],[30.926736450279023,-29.7897767565427],[30.926918660437234,-29.789665717288848],[30.927187363807803,-29.789631045714685],[30.927093250549955,-29.78935061434904],[30.926907450458955,-29.787750337361711],[30.92665972907426,-29.787372391353717],[30.92609911448066,-29.786242880210789],[30.926550592830839,-29.785196681897297],[30.927720098321291,-29.78501556253736],[30.928329140546701,-29.784711797123521],[30.928547975082829,-29.783853283301191],[30.929386464273779,-29.782838305153216],[30.929282759316454,-29.78194542451201],[30.931119011963936,-29.781766795960969],[30.931257659861803,-29.781815785405893],[30.932591920812463,-29.782476476665309],[30.934224300476995,-29.783254919052887],[30.936454877843406,-29.784302481557432],[30.937186035279339,-29.784540844053584],[30.937840464656048,-29.784754189410478],[30.939040192705964,-29.785103606696165],[30.939257591884665,-29.785244185402384],[30.93945789173566,-29.78531877725953],[30.939486049256583,-29.785336832733442],[30.939788645224819,-29.78540914176002],[30.940228069830553,-29.785530272915683],[30.940326252874893,-29.785552067143733],[30.940498107386727,-29.785590214728987],[30.940901678528377,-29.785911518249783],[30.941242045409528,-29.786120225085519],[30.941720652446396,-29.786460990093037],[30.941933797412162,-29.786624666894571],[30.942750739650094,-29.787290282726804],[30.94407832917593,-29.788620335275837],[30.945256342092865,-29.790702475886988],[30.946531610577761,-29.792090017519328],[30.947791510469397,-29.793818090595352],[30.94837858591983,-29.794591896516568],[30.94886757595561,-29.795322182517275],[30.948911513860608,-29.795530316627541],[30.94892471844522,-29.795542892274291],[30.949790405500405,-29.796367379694722],[30.9493512941931,-29.797002665491121],[30.948371521589728,-29.798029431243211],[30.947105970163346,-29.799032018050358],[30.946526907780896,-29.79950438881967],[30.946279949937313,-29.800728759609679],[30.946131330990639,-29.801212473617721],[30.94581280218236,-29.801508780601132],[30.945171380869297,-29.801705443430588]]]]}},
{"type":"Feature","properties":{"sde_LDR_Mi":0.0,"CAT_NAME":"Umbilo River","MAJ_CAT":"Umbilo River","Id":0,"Phase":"Phase5bExt","OBJECTID":0,"Shape_Area":14600367.3412,"BlockName":"Welbedagt"},"geometry":{"type":"Polygon","coordinates":[[[30.973709988769933,-29.875971549217592],[30.973833068419218,-29.876604090172236],[30.974007120885229,-29.877434069363712],[30.974007096503193,-29.877520784679525],[30.974225800792002,-29.878301277519686],[30.974225515555371,-29.879324508680313],[30.974285107144958,-29.879723408454012],[30.974364647177801,-29.879948880928552],[30.974563531224138,-29.880399836692764],[30.974753810848775,-29.880454963781297],[30.974881882826047,-29.880625364557172],[30.975120622971961,-29.88088555231089],[30.975379250967332,-29.881197770846445],[30.97557821472741,-29.881371237807592],[30.975757266258338,-29.881579396275352],[30.976413907391063,-29.882065126253671],[30.976573039325597,-29.882412026646485],[30.976632652444781,-29.882793598649364],[30.976722066812464,-29.88340063770325],[30.976881212671259,-29.88369550686232],[30.977100036015141,-29.884111789717892],[30.977219359268009,-29.884493367301967],[30.977239162884924,-29.884909611515646],[30.977239085508906,-29.885239135401591],[30.977199195276381,-29.885603337933233],[30.977199079707692,-29.886019591303505],[30.977218882273629,-29.886435836524956],[30.977238702025982,-29.886782706808113],[30.977318246308609,-29.887060215744231],[30.977397769574193,-29.887424441460553],[30.977487151299997,-29.888187565242756],[30.977447254016596,-29.88862114918604],[30.977447147458321,-29.889072075221065],[30.977486844907649,-29.889522991504535],[30.977606189675122,-29.889835193552045],[30.978103693611313,-29.890164807862266],[30.978422088675615,-29.890407671004851],[30.978859887298938,-29.890737272659397],[30.979138450642406,-29.891118874648459],[30.979337379372993,-29.891604521745478],[30.979456709781005,-29.89202078072973],[30.979526219568175,-29.892731868234289],[30.979526159693783,-29.893009362114597],[30.979486292420919,-29.893286848148094],[30.979426554954415,-29.893442922746857],[30.979326983035644,-29.893685712245464],[30.979167706368202,-29.893893806203671],[30.978829244112216,-29.89432733114737],[30.978630134663714,-29.894639478356723],[30.978431009148128,-29.895055689964821],[30.977557356141915,-29.896211523086627],[30.976632906277985,-29.897204418333001],[30.976119667425227,-29.897742230137897],[30.975676900417092,-29.897386854274963],[30.975107062440443,-29.897496228428881],[30.974279660759453,-29.897920928330088],[30.973621979785218,-29.898780064789452],[30.972810966249806,-29.8993193272353],[30.972399765999715,-29.899693976424601],[30.971942188695454,-29.900018491089149],[30.971192115613551,-29.9016568742496],[30.971849431681729,-29.901947232526101],[30.973205207847762,-29.902985793248479],[30.973921069274926,-29.905006401615701],[30.974383987189675,-29.906673528693005],[30.974464473990455,-29.907191549985679],[30.974454287115616,-29.90762175734492],[30.974439845630762,-29.907917976663942],[30.974423895797681,-29.90824511604858],[30.974443947113816,-29.90864898931703],[30.974443882116063,-29.908903601544317],[30.974610828266787,-29.909241494856669],[30.977617430410337,-29.909793641148926],[30.979513678699725,-29.910133426925285],[30.980534681275632,-29.910113755902607],[30.983692631853419,-29.909144687461218],[30.988526957719134,-29.906739291604918],[30.992840829473174,-29.905090218354186],[30.996874463834562,-29.903530960810361],[30.999160343273047,-29.902664044605508],[31.001579391976893,-29.901385396511131],[31.003759726761526,-29.89864177345628],[31.004111233951903,-29.89906286804969],[31.004451572083493,-29.900026457111093],[31.005302352891267,-29.900693550452633],[31.006153175152029,-29.901953638059311],[31.00628082777212,-29.902954328276305],[30.991561606210869,-29.910440706947366],[30.991205123535522,-29.910457026185441],[30.990906165594836,-29.91042051561999],[30.990444970653549,-29.910011775551098],[30.990104854423628,-29.909812210402251],[30.989907608127133,-29.909672207247525],[30.989655708005991,-29.909511432872524],[30.989390721251642,-29.909301846858817],[30.989140881650773,-29.909108970237963],[30.988989663507105,-29.908976248486383],[30.98888007699717,-29.908968601288908],[30.988792408263251,-29.908950454159861],[30.988559007735244,-29.908769033727712],[30.988324502068313,-29.908668766024654],[30.987744510232314,-29.90867706775056],[30.987141750517566,-29.908896600230058],[30.986315074398242,-29.90955977953811],[30.985846408653313,-29.909681916102972],[30.985226073433299,-29.909763617984506],[30.985053606376521,-29.910375843482271],[30.984998214600914,-29.910572475002191],[30.984639074414563,-29.910656375149959],[30.984474905037477,-29.9102865036267],[30.983983252880414,-29.910259727796905],[30.98345655436345,-29.910808851754407],[30.983139938119955,-29.911596174947853],[30.982810859374467,-29.912028379866946],[30.982639316242096,-29.912358553887906],[30.982366822692228,-29.91311672022217],[30.982298965080098,-29.913040789245638],[30.982471680257266,-29.91242261944457],[30.982526501554091,-29.912277030099922],[30.980994950169364,-29.912336488515226],[30.980846213662957,-29.912474218037431],[30.980696970185999,-29.913019931662905],[30.980397894565709,-29.912841932411336],[30.979152464964589,-29.913992628457333],[30.977910916541148,-29.916031024841189],[30.976745974350386,-29.915716694930197],[30.975343687484614,-29.915870059065618],[30.97185847635361,-29.916155781819192],[30.968636462636102,-29.915839992551781],[30.966509335932841,-29.915153004646776],[30.96630808090498,-29.915060164284565],[30.966130311852506,-29.914953527625588],[30.966084782974303,-29.914828130439098],[30.966043490265879,-29.914760093631575],[30.965727005886119,-29.914679710386078],[30.96546105374793,-29.914627795456806],[30.965266224184472,-29.914494783017787],[30.965278007149347,-29.91436756656034],[30.965211555755072,-29.914288503597337],[30.96518867007952,-29.914405608006511],[30.965071215784889,-29.914484509525952],[30.964889691554678,-29.91505187713857],[30.964156270570758,-29.916015595213185],[30.963632737260284,-29.9166050024341],[30.963227037175265,-29.917134769156171],[30.962645990950527,-29.917626294517099],[30.961963631745849,-29.917931615878757],[30.961204563965133,-29.91820110695776],[30.960270064154468,-29.918649555250312],[30.959305302952487,-29.919377247193584],[30.958798212461257,-29.919849684341475],[30.958227829975783,-29.920610142856138],[30.957306854737936,-29.921387957552835],[30.956271070504943,-29.921506960043367],[30.954829016534216,-29.921481969271323],[30.953763749850474,-29.921353665394985],[30.953268389980924,-29.921271382946504],[30.95276737336005,-29.921103027734233],[30.952196065635768,-29.921127884281706],[30.95216167985209,-29.921126645614702],[30.951182976052113,-29.92120541927633],[30.950515961690943,-29.921386040438112],[30.94991939188429,-29.921438804305449],[30.949497518718523,-29.92125604967854],[30.949270776993718,-29.921049233154832],[30.94923940289253,-29.920900191657527],[30.949240760136234,-29.920862471352056],[30.949243949043485,-29.920773849996515],[30.949253951040951,-29.92049589646124],[30.949216423704723,-29.920225175531851],[30.949195178522263,-29.920071907058919],[30.949150532674757,-29.919749821833044],[30.949172915850127,-29.919327397077506],[30.949175808106297,-29.919272810676983],[30.949185602310703,-29.919087967040124],[30.949209005633193,-29.918646278064571],[30.949315986851612,-29.918402861555073],[30.94954620111092,-29.918288381614719],[30.949628124117542,-29.918100736485371],[30.949822587749743,-29.917655316692294],[30.950072873286249,-29.917082034202156],[30.950161175037994,-29.916499368873101],[30.950222550696303,-29.916094381805976],[30.950334019548688,-29.915358832969506],[30.950487617648829,-29.915024733387053],[30.95054151399885,-29.914940904145009],[30.950745362046728,-29.914623839530798],[30.950778776950738,-29.914380309941194],[30.950959960946427,-29.914140484226046],[30.951436761610285,-29.913509356429397],[30.95219470212826,-29.912063125773685],[30.952574724725849,-29.911528691115965],[30.952707064496135,-29.91129834326248],[30.952771767934404,-29.911185721364916],[30.952944895027333,-29.910884376810294],[30.953689771373593,-29.910308364532252],[30.953911094528213,-29.909744447888588],[30.954189278662607,-29.909430074628958],[30.95516899041171,-29.908833700030883],[30.954566810199413,-29.908187997355537],[30.954073048651573,-29.907770979206184],[30.953778092692708,-29.907519406776338],[30.953333211814829,-29.907085363890324],[30.953309341583026,-29.906734266545389],[30.952783027197771,-29.906768101678875],[30.951575223036834,-29.906830902526888],[30.95076607758941,-29.906842171763206],[30.950308995144027,-29.906694794769379],[30.950269018818734,-29.906681905435711],[30.950312270617719,-29.906594437614494],[30.950350844351533,-29.906155273980694],[30.950230497201275,-29.905759011470277],[30.950171100994655,-29.905563436922559],[30.949863607714715,-29.905324467516603],[30.949403438144444,-29.905161986363947],[30.948768506158654,-29.904872365877136],[30.948450284614403,-29.904727211161102],[30.948113448119528,-29.904473118649758],[30.947881269763879,-29.904209519153593],[30.947631522917977,-29.904016563840674],[30.947434388284918,-29.903798804398331],[30.947427894739885,-29.903646044395327],[30.94742356737391,-29.903544265325589],[30.947349068004847,-29.903506620950854],[30.94715839333363,-29.903512273212762],[30.947005005340838,-29.903516819700815],[30.946647683815822,-29.903620907608808],[30.946158964443324,-29.903592067053562],[30.945841667211763,-29.903414004378146],[30.945543712852849,-29.903246795863947],[30.945067271065515,-29.902813385769509],[30.944841428352539,-29.90250896871644],[30.944249970154956,-29.902011062874212],[30.943922360054312,-29.901624490349704],[30.943900913635805,-29.901599182523171],[30.943638055082396,-29.901362773372057],[30.94348201600728,-29.901165791617132],[30.943186253594479,-29.900986650883898],[30.942972727774752,-29.900718039589833],[30.94270980818284,-29.900596195958887],[30.942286601958575,-29.900524406227316],[30.94199078758535,-29.900441930539564],[30.941715558994847,-29.900295017558779],[30.941493791685666,-29.900072942416134],[30.941304948017475,-29.899768536151377],[30.94105031670702,-29.899535704390274],[30.940282131642864,-29.899155850617699],[30.939542772522763,-29.898682917827909],[30.939127864315168,-29.898524126472466],[30.939127835253128,-29.898524114896318],[30.938998833040905,-29.898476328183328],[30.938990343630039,-29.898473183597858],[30.938623219614538,-29.898337187480383],[30.938384762973428,-29.898160967569915],[30.937805751191654,-29.897971994740558],[30.937750272975361,-29.897950944763362],[30.937460638299658,-29.89784104821091],[30.937120944553822,-29.89774220978077],[30.936773252703851,-29.897641043082334],[30.935894926814132,-29.897394350495262],[30.935495637530064,-29.897269240847173],[30.935347733829193,-29.897233319551713],[30.935287298737979,-29.897218641031557],[30.935145715057072,-29.897031518319285],[30.93511543592453,-29.896925731343799],[30.935077895126653,-29.896868132083302],[30.935073848875838,-29.896772642233728],[30.935055324234884,-29.896335647428199],[30.935093863945635,-29.89580319170425],[30.935233165687411,-29.895106101690256],[30.934947424759571,-29.894674687305063],[30.934524298709565,-29.894486466681226],[30.9336239029873,-29.894509813439164],[30.932655264098265,-29.894543693088636],[30.93177823097184,-29.89445404418921],[30.931244828523006,-29.894418520196307],[30.931078362665666,-29.89441726880673],[30.9310003891032,-29.894416681848615],[30.930495533133769,-29.894398338775297],[30.930442774370075,-29.89439642183866],[30.930106664299611,-29.894402899944119],[30.92974769928103,-29.894322837161781],[30.929419309564388,-29.89421616792205],[30.92891543574531,-29.893816541699724],[30.928548752460085,-29.893332594728776],[30.928586912606661,-29.893110835877117],[30.928781465846402,-29.892741962805896],[30.928999811078729,-29.892396333441084],[30.929163481267693,-29.892333136849594],[30.929471084236848,-29.89215846574443],[30.929733589255168,-29.891925831180252],[30.930301545134164,-29.891561647628716],[30.931129881156501,-29.890883093192532],[30.931483008783918,-29.890417363730695],[30.931459033594681,-29.890228312967359],[30.931247629796733,-29.890139029943899],[30.931209899721811,-29.890037330197959],[30.931360054271369,-29.88980736360152],[30.931921209130458,-29.889551784943102],[30.932434120436636,-29.889343915188526],[30.932700306331625,-29.889158433253289],[30.933139980878092,-29.888638037744261],[30.933150551450034,-29.888643794193609],[30.933242196330831,-29.887090768191719],[30.933331226584059,-29.886482138102217],[30.933898715434882,-29.885725792475359],[30.934300592637953,-29.884044259016598],[30.934991181414105,-29.883265456368406],[30.93585947620177,-29.882842354279862],[30.936196779421202,-29.882548753642116],[30.936212234013325,-29.882575727132956],[30.936410168074172,-29.88281952829858],[30.936631382581673,-29.883124265645534],[30.937026622511798,-29.883501664685014],[30.93729528045095,-29.883840782547839],[30.937412517007495,-29.883988766132767],[30.93778485628809,-29.884256269965412],[30.938307777055119,-29.884633638251401],[30.938422591439547,-29.884998880218046],[30.93853380328115,-29.885352656185812],[30.938614781136838,-29.88561025766527],[30.938768350791733,-29.885898006620412],[30.938865656081873,-29.886080330377165],[30.939113723530252,-29.88654514023041],[30.93931039974046,-29.886841377293994],[30.939637317666829,-29.887333782462036],[30.939840123706688,-29.887639245834151],[30.939904319719442,-29.887735937527772],[30.940487711841083,-29.888072099999981],[30.940524337063952,-29.888093204227005],[30.941096868184399,-29.888423104746234],[30.941649626967028,-29.888931491020536],[30.942167126958307,-29.889275425575747],[30.942635374725924,-29.889533409458085],[30.942968246394564,-29.88964121400204],[30.942983964052019,-29.889646304001396],[30.943394291746959,-29.889729660365802],[30.943484982820454,-29.889748084569742],[30.94409082855007,-29.889850023322303],[30.944537856618922,-29.889879455287037],[30.944683500120778,-29.889889044134996],[30.945159077288231,-29.889900596179597],[30.94543028179428,-29.889850584087611],[30.945767219844672,-29.889814920868961],[30.946349772295939,-29.889661578680055],[30.946543344575495,-29.889606959915085],[30.946783054807131,-29.889496079704831],[30.947343521649412,-29.889236829201277],[30.947583765873777,-29.888906264210203],[30.947649605347923,-29.888712955575823],[30.947912719433859,-29.888412316834252],[30.948019637955614,-29.888233344407816],[30.94802811109788,-29.887739270052496],[30.948192643288987,-29.887381306635032],[30.94838174900482,-29.887173724626265],[30.948661249979779,-29.886951857338943],[30.948935180514592,-29.886823537172639],[30.948995084327915,-29.886795476051873],[30.949232564691453,-29.886538814915681],[30.949391518358716,-29.886367023085715],[30.94978606503674,-29.886128488168559],[30.950087428791914,-29.885994939749171],[30.950487373331875,-29.885913936913138],[30.950706653132489,-29.885598953599004],[30.950790873631078,-29.885307066604788],[30.951030169390698,-29.884968945389332],[30.951237129811926,-29.884676511669301],[30.951396451041997,-29.884468446219984],[30.951535861307288,-29.884277747688913],[30.95163546667855,-29.884087034421899],[30.951834616045819,-29.883826989668894],[30.951973998389764,-29.883688310421579],[30.951979215632019,-29.883539074469624],[30.951979283786414,-29.883402120701799],[30.951963720890522,-29.883087118330533],[30.951963808760055,-29.882909075996697],[30.951995316758168,-29.882758436733969],[30.952121137383163,-29.882580440068711],[30.952215498923938,-29.882457215178576],[30.952404186260068,-29.882279242084817],[30.952684750687968,-29.882096401829227],[30.952779090343579,-29.881841520091896],[30.952876049470202,-29.881485038267684],[30.95299481512092,-29.881205957038272],[30.953033392119007,-29.881115307100906],[30.952883676963957,-29.880651665412238],[30.952670222271468,-29.880264919532383],[30.952448693602776,-29.87958458610192],[30.952448894035214,-29.879162113313882],[30.952629894047405,-29.8786680983631],[30.952806727062679,-29.878686041617321],[30.953519449480776,-29.878415048954025],[30.953675531493243,-29.878486709337526],[30.95381475813954,-29.878628614095437],[30.954024517081784,-29.87863646632794],[30.954524015324715,-29.87865516240208],[30.955782167064847,-29.878702249032056],[30.956940689296999,-29.878745595517312],[30.957461630990238,-29.878719822546817],[30.957803450122338,-29.878702910775132],[30.958583403488738,-29.878495756918291],[30.958995038674441,-29.878259329811332],[30.959381307165138,-29.878037472613642],[30.960277038780735,-29.877715519885598],[30.961033083056783,-29.877393519890177],[30.961200565296096,-29.877215549277484],[30.961392062340853,-29.876988344012023],[30.961682709546938,-29.876907633534127],[30.962463575716249,-29.876979633042879],[30.962827981199531,-29.877020839099682],[30.962868758607868,-29.877163188362388],[30.962945779910715,-29.877106163672927],[30.963393668861645,-29.876774556986582],[30.963830828121289,-29.876483423804437],[30.96429365879089,-29.876281917552166],[30.964605702084285,-29.876130631616711],[30.964783680095362,-29.876044343259981],[30.965002647425379,-29.875870977437859],[30.965241500278708,-29.875732303172597],[30.965540009390931,-29.875715045538669],[30.96599770325221,-29.875784539821446],[30.966515065276056,-29.875906085130531],[30.966853368805367,-29.875906179887007],[30.96724139901535,-29.875975657297278],[30.967539891033077,-29.876010423788788],[30.967878178246288,-29.876062543465054],[30.968216483572654,-29.876062632525816],[30.968574689176862,-29.876062725459192],[30.969052324475626,-29.875976133995017],[30.969330956530229,-29.875889490303379],[30.969748890942114,-29.875802879125537],[30.970127024217284,-29.875716257069669],[30.970624597293444,-29.875542950728409],[30.970903217984464,-29.875490985992226],[30.971181827151998,-29.875473706803231],[30.972025802183719,-29.875356587279342],[30.973367739492137,-29.875595550401304],[30.973709988769933,-29.875971549217592]]]}},
{"type":"Feature","properties":{"sde_LDR_Mi":0.0,"CAT_NAME":"Cutshwayo Stream","MAJ_CAT":"Umlaas River","Id":0,"Phase":"Phase5b","OBJECTID":0,"Shape_Area":42553355.199500002,"BlockName":"Marrianridge"},"geometry":{"type":"Polygon","coordinates":[[[30.768482187443666,-29.827519639524684],[30.768904559402731,-29.82764640544147],[30.769060244204088,-29.827560750580439],[30.769253193108813,-29.827459884695266],[30.769595045412082,-29.827365006771252],[30.769695824434535,-29.827406952612275],[30.769784039142742,-29.827735300156384],[30.770016442613738,-29.827858031710058],[30.770197464657198,-29.828004542126664],[30.770460045230777,-29.828398831140738],[30.770538072717891,-29.828694341068775],[30.770862195506481,-29.829112604768685],[30.77120998187565,-29.829659202545383],[30.771393982552436,-29.830002632676958],[30.771666594528565,-29.8305043454063],[30.77174813045983,-29.830764057663679],[30.772069276383625,-29.830991364138782],[30.77235642758361,-29.831120153160331],[30.772865445376862,-29.831496960238468],[30.773142043379142,-29.831754023278471],[30.773442845595994,-29.831900734848777],[30.773747258879361,-29.831963911724756],[30.774270148457507,-29.832263164098428],[30.774591137473418,-29.832565053615326],[30.774833690174852,-29.832747465545992],[30.774994323111127,-29.832837246597467],[30.775507527303706,-29.833186601675436],[30.77605776964592,-29.833194696227824],[30.776509777081014,-29.833059410573949],[30.776772905062103,-29.832916643732862],[30.777118017033629,-29.83283846000689],[30.777372391052911,-29.832939137186521],[30.777831594457698,-29.833262136751497],[30.778521123724531,-29.833420827576482],[30.779136865589955,-29.833522106752667],[30.780073584178265,-29.833316012560047],[30.780599408286129,-29.833223799304267],[30.780924083818999,-29.833103018917793],[30.781379672629207,-29.833203611180682],[30.782183860644217,-29.833512844976973],[30.782881487651135,-29.83372881112437],[30.783636360952048,-29.834059436782198],[30.784152248934618,-29.834769178983485],[30.784586613289342,-29.83519952329755],[30.785152604122064,-29.835529832108293],[30.785290722342328,-29.835711133769081],[30.785563126221216,-29.835826926510276],[30.78569446363603,-29.835906712818705],[30.78572707127579,-29.835861074890456],[30.785823052942142,-29.835784850961385],[30.785929799430086,-29.835718626196019],[30.786100085003159,-29.835595026304041],[30.786571280941605,-29.835167167806613],[30.787050484149542,-29.834802044077904],[30.787334418672778,-29.834646815962042],[30.787504255891562,-29.834553964765057],[30.787958272652201,-29.834188797169222],[30.788460953524776,-29.833920766922628],[30.789168332804653,-29.833517483155859],[30.789789821714692,-29.83333552499127],[30.789975193868333,-29.832991876413281],[30.790038681824001,-29.832915616484676],[30.790370671001774,-29.832516838107647],[30.790808110389897,-29.832041865029172],[30.791361871584467,-29.831881208665084],[30.79203279887572,-29.831774857726803],[30.79275862384322,-29.831596983579534],[30.793320119066269,-29.831454651398051],[30.793785430665668,-29.831491181549886],[30.7942229023583,-29.831754418823135],[30.794482189728704,-29.832136720766229],[30.794700610426769,-29.832423484110901],[30.794819297278007,-29.832672932677479],[30.795077832645195,-29.832235474459196],[30.795493781175651,-29.831512179488975],[30.795627989776317,-29.831083945057312],[30.795840694766312,-29.830714667806838],[30.795873443493488,-29.830652144576291],[30.795954683877536,-29.830497041644971],[30.796190016748156,-29.830167399206896],[30.796323720981729,-29.830070099981523],[30.796428690289311,-29.82961920923535],[30.796373202595031,-29.829421870745044],[30.796229833098881,-29.829197247188933],[30.796079423483601,-29.829047685719811],[30.796063636346517,-29.82903198756917],[30.796010957191925,-29.828880104512233],[30.796018835220735,-29.828728313846518],[30.796049394239791,-29.828589759637151],[30.796077218100077,-29.8284319595517],[30.79622397267535,-29.828413912328088],[30.796306652813968,-29.828395078671502],[30.796551809709861,-29.828482023925314],[30.796542229299064,-29.828421398614243],[30.796535204751294,-29.8283769468839],[30.796585619723995,-29.828368785487772],[30.79679265070741,-29.828341694142765],[30.796908040179762,-29.828287047814491],[30.796965790916371,-29.828232311713627],[30.797039242794789,-29.828186737646408],[30.797217434919862,-29.828168738161047],[30.79727506490654,-29.82817339557597],[30.797442639188471,-29.828223910717423],[30.797599770886091,-29.828256135426056],[30.797735896888597,-29.828311170429416],[30.797835437386784,-29.828320461278697],[30.797997864610323,-29.828325279806677],[30.798066056349384,-29.828288835612547],[30.798212792014795,-29.828279922984493],[30.798307128487618,-29.828270931307078],[30.798432858471035,-29.828284830105208],[30.798548034960596,-29.828335264440287],[30.798674900220906,-29.828350553930591],[30.798839013216739,-29.828356205966497],[30.798950510290037,-29.82834827565771],[30.799049609849011,-29.828345727889918],[30.799133269713618,-29.82832155611046],[30.799334732831131,-29.828232761324077],[30.799713078858503,-29.827997032000198],[30.800020371947156,-29.827863650066416],[30.800430253745748,-29.827605495416432],[30.800737788047687,-29.827391780781529],[30.800963186458191,-29.827267196839443],[30.801116821381271,-29.827204966353662],[30.801239701057785,-29.827169458474621],[30.801444291786009,-29.827214385977584],[30.801600689846779,-29.827203557512984],[30.801679263643095,-29.827215097911406],[30.801744772406856,-29.8272094858469],[30.801843076866326,-29.827181080297478],[30.801895576219543,-29.827129760046901],[30.801941493254478,-29.82709556437036],[30.802000554769645,-29.827038544078707],[30.802125044790209,-29.827015887946484],[30.802170915441533,-29.827004534767472],[30.802256085121709,-29.826993241501146],[30.802321549383098,-29.827010472832299],[30.802386921251347,-29.827073392591895],[30.802465473207526,-29.827096354364713],[30.802576739607211,-29.827136498894358],[30.802694556476006,-29.827176652562802],[30.802818968033016,-29.827193973321577],[30.802943413881497,-29.827194159551045],[30.803048232250219,-29.827182895080639],[30.803159544380257,-29.827200195989857],[30.803270857182852,-29.827217495705167],[30.80336255368104,-29.827217633319531],[30.803467327331905,-29.827229211648465],[30.803591622135848,-29.827209138412261],[30.803686001795835,-29.827177297550868],[30.803769937631913,-29.827127166880945],[30.803843375447549,-29.82708615851087],[30.803963999717546,-29.827031513765181],[30.804032224718995,-29.826976790092452],[30.804121472163384,-29.826890116964265],[30.804200266741336,-29.826789721922182],[30.804268500984751,-29.826730429167757],[30.804347223461654,-29.826666584591333],[30.804441637953644,-29.82661646900624],[30.804520287836798,-29.826589173780317],[30.804635626063366,-29.826557364345152],[30.804698557060611,-29.826530045216764],[30.804824446849018,-29.826461700548862],[30.804924118037391,-29.826402454990699],[30.805023906924749,-29.826283816212172],[30.80506080862823,-29.82616965134784],[30.80506621835513,-29.826082852734395],[30.805113518867529,-29.826009822833264],[30.805118919674964,-29.825927593173503],[30.805184764448825,-29.82574950921363],[30.805226834233959,-29.8256719031336],[30.805258487285016,-29.825562299435685],[30.805311099479532,-29.825452726615218],[30.805374172501239,-29.825352307125328],[30.8054321565191,-29.82517421199476],[30.805490043645875,-29.82504637262803],[30.805568817086826,-29.824955113544679],[30.805616135643874,-29.82487294608163],[30.805684420774266,-29.824786240466647],[30.805752777096824,-29.824662984794351],[30.805805316353116,-29.824589962328357],[30.805903805477019,-29.824485311965908],[30.806057450335143,-29.824414153045023],[30.806200826381097,-29.824360824193491],[30.806333830480863,-29.824378867836753],[30.80651796795846,-29.82441483375171],[30.806599768843782,-29.824450647445335],[30.806742919584149,-29.824513322662753],[30.806834937659751,-29.824558074361832],[30.807049673490393,-29.824647625158402],[30.807182625479495,-29.824692437490672],[30.807376807929955,-29.824826573788744],[30.807601726513205,-29.824942907050044],[30.80770384104385,-29.825059061246442],[30.807836518844908,-29.825246646566612],[30.807938530320371,-29.825416340762331],[30.80802699131597,-29.825564223096674],[30.808041169356358,-29.825632871878319],[30.808051674106085,-29.825751425473111],[30.808041881644044,-29.825938585729439],[30.808039784857723,-29.825978660852854],[30.808019059098378,-29.826112481009467],[30.807936774179787,-29.826326521622573],[30.807864810539964,-29.826495960616651],[30.807751891961065,-29.826674262079301],[30.807701231911867,-29.826789382251704],[30.807710537609896,-29.82685691668495],[30.80773371168749,-29.826913381992984],[30.807879042274326,-29.827076001110044],[30.807950456540912,-29.827192108785599],[30.808124141798373,-29.827344061110576],[30.808164888430564,-29.827442277166519],[30.808297570848882,-29.827629861974742],[30.808430321209237,-29.827781753384222],[30.808563020944966,-29.827960415292544],[30.80857311815987,-29.828031817192652],[30.808644534535677,-29.828147924483702],[30.808767018181879,-29.828317647629486],[30.808920289633868,-29.82844279863415],[30.809032522535052,-29.828621429352637],[30.809196046983185,-29.828737671102623],[30.809298150255124,-29.828862746651332],[30.809387861513219,-29.828976930408256],[30.809757848533895,-29.829207815116373],[30.809759015572922,-29.829208543385803],[30.809796673040228,-29.829292787497369],[30.809819781489995,-29.829344483698048],[30.809860362002102,-29.829381976495981],[30.809971163166402,-29.8294382866749],[30.810389218803177,-29.829704993590532],[30.810376963363158,-29.829743131837603],[30.810853054531464,-29.830085046664731],[30.811271566063411,-29.830432149048693],[30.811334802729814,-29.830489871263097],[30.811667832826359,-29.830888157289468],[30.811746349016719,-29.830991211952444],[30.811881772223053,-29.831272155814027],[30.811970312644455,-29.831508920621182],[30.811995635777823,-29.831602979509746],[30.812032743293223,-29.831846349413922],[30.812053780339109,-29.832074099285521],[30.812028541146937,-29.832177004454657],[30.811776689984747,-29.832575065546283],[30.811432660982184,-29.833148419128165],[30.811002164080858,-29.833649160733195],[30.810623854713743,-29.834029166804537],[30.810498583453796,-29.834324971147627],[30.810498019802822,-29.83462095487252],[30.810628713667395,-29.835116464881203],[30.810780389363945,-29.835509316492075],[30.81108419070797,-29.836059440024361],[30.81121768584045,-29.836209964035906],[30.811271265339581,-29.836249904241711],[30.811607231610395,-29.836440673686425],[30.811883318082021,-29.836640476768146],[30.812157446694403,-29.836859468008996],[30.812187049684653,-29.836875167648316],[30.812210989141345,-29.836887863682804],[30.812486448977353,-29.836950401856445],[30.812531863238984,-29.836939731069986],[30.812600868898379,-29.836897264088346],[30.812672755151201,-29.836853024274941],[30.812712054061137,-29.836847783682213],[30.812915248752681,-29.836853370711815],[30.813140575711149,-29.836920701579441],[30.813162492731074,-29.836927250668268],[30.813219957772368,-29.836944421943901],[30.813383655014693,-29.836939058446646],[30.813573330452385,-29.836932843526174],[30.813608976296898,-29.836926782443285],[30.813706667908583,-29.836910171282636],[30.813784713984781,-29.83689690052837],[30.813958071459151,-29.83681862061632],[30.814153245320057,-29.836807919882357],[30.814211062549127,-29.836817123683279],[30.814294997140582,-29.836830485003194],[30.814581504290274,-29.836885948199328],[30.814955514149073,-29.836952922001295],[30.815253369551026,-29.836989585620767],[30.81564829942732,-29.836984101067223],[30.816001503426879,-29.837063123261235],[30.816380729734455,-29.837158685785461],[30.816440415173499,-29.837190633116588],[30.816759476766237,-29.837438696625497],[30.816909134261603,-29.837515752846368],[30.816952523595042,-29.837530698183965],[30.817049391894511,-29.837533590948876],[30.817348284029215,-29.837499922373102],[30.817681037880597,-29.837397697665541],[30.817785107362599,-29.837319315421801],[30.817993004930383,-29.837295442373616],[30.818471088817411,-29.837284024292941],[30.818907536877326,-29.837308789132287],[30.819257456471369,-29.837291150579425],[30.819631548256549,-29.837315827685867],[30.819765413014004,-29.837370516606164],[30.819943097643545,-29.837443107333904],[30.820032993350949,-29.837539878492443],[30.820071473369278,-29.837719238321682],[30.820072372401711,-29.837723428808349],[30.820101698131825,-29.837860118991184],[30.820081577288409,-29.837990271844966],[30.820047531165951,-29.838047393187342],[30.820143767195383,-29.838767382744344],[30.820142458688768,-29.839497761223775],[30.8201461924223,-29.840018446104597],[30.820256662560542,-29.839926221933062],[30.821206177196331,-29.839848584923679],[30.821595793682491,-29.839644330077679],[30.822193133412735,-29.839432143379494],[30.822419598285951,-29.839453234322043],[30.822986420227402,-29.839396710462609],[30.823454895558257,-29.839218322698457],[30.823792257850112,-29.838867904211423],[30.824187449252904,-29.838324225831517],[30.824331159142531,-29.838077087671302],[30.824393400613648,-29.8379700504683],[30.824537501249655,-29.837759004477459],[30.82508766318475,-29.837490633330169],[30.825466178961008,-29.83742368697958],[30.825613966488621,-29.837452524553303],[30.825823727505213,-29.837500175535471],[30.825663334085963,-29.837636015211327],[30.825341412337629,-29.838559306410342],[30.825217677163263,-29.838867048198903],[30.825167805036592,-29.839207110309054],[30.8251459090196,-29.83942386735259],[30.825130196470937,-29.83957941128001],[30.825412779024166,-29.840027322052293],[30.82576114611679,-29.840432355454023],[30.826027617183556,-29.840701228857593],[30.826342664435771,-29.841378319213234],[30.826657882849027,-29.841958741033078],[30.826727533772704,-29.842450526190014],[30.826739029620725,-29.842531694607644],[30.826742110572134,-29.843126027460276],[30.826585327531511,-29.843544716058862],[30.826284821707965,-29.843952474594523],[30.826184964962799,-29.844270653888923],[30.826374054887378,-29.8461972353597],[30.826804738250978,-29.846728320361933],[30.827544467228723,-29.847761269812736],[30.828242715038691,-29.848194262456328],[30.829057651295226,-29.848512500699943],[30.829105181669995,-29.848531061422332],[30.829585764998598,-29.849018843375983],[30.831346510354809,-29.849301181452855],[30.831982523867868,-29.850298223989746],[30.83223360782392,-29.851267962059246],[30.832605424720146,-29.851645345182728],[30.833223668041111,-29.851886823436519],[30.834251943707002,-29.852930257181562],[30.834885330090032,-29.853407285992912],[30.83527616502268,-29.85417395100405],[30.835388539847209,-29.854289704601332],[30.835662241447707,-29.854361651306888],[30.836527704232754,-29.854243382669317],[30.836999013776012,-29.854033921716802],[30.837207347983618,-29.853890967175509],[30.837843045113857,-29.853619647413513],[30.83825957799754,-29.853414888366061],[30.83833817526429,-29.853291805045735],[30.838467755421568,-29.85336740600799],[30.838828963040928,-29.853511058966305],[30.839052767655193,-29.853554459792772],[30.839056560413987,-29.853554896824861],[30.839056332300984,-29.853555157961821],[30.839204880655394,-29.853584252443984],[30.83928590908101,-29.853597717505298],[30.839527070043655,-29.853928272608584],[30.83959455144868,-29.854537003740873],[30.839511489223391,-29.855109749003763],[30.83934566297475,-29.855679893013367],[30.839003962454093,-29.857025665040815],[30.838853841707362,-29.857414623217785],[30.838853465539007,-29.85764879647909],[30.838978996644411,-29.857897759201581],[30.839002548534989,-29.858305719909694],[30.839003501616791,-29.858322228917554],[30.838904916573686,-29.858784072760006],[30.838901992666358,-29.85879777039516],[30.838918078514485,-29.859236865649407],[30.838958793697941,-29.859448878318151],[30.839026315733904,-29.85980047800911],[30.839193288106411,-29.860386115564925],[30.839333572675503,-29.860548950732955],[30.839591289390224,-29.860731025068848],[30.839704741081469,-29.860811177208326],[30.840090695072753,-29.860965321678858],[30.8406864835456,-29.861156308023386],[30.841161743899846,-29.861311532006987],[30.841199321946501,-29.861323805215999],[30.841323186029019,-29.861367269067248],[30.841559169761034,-29.861450075227385],[30.841623162141296,-29.861311463133887],[30.841790129990709,-29.861358207037362],[30.841843980480654,-29.861657860495296],[30.841764299469737,-29.862469222757767],[30.841160355486178,-29.86341130574009],[30.840761803898641,-29.86434169942731],[30.840472603327985,-29.864893277861192],[30.840279197371178,-29.865450544768049],[30.83994344942877,-29.865701912180029],[30.839654106751034,-29.865993750189361],[30.839586599910454,-29.866044299534742],[30.839330440839777,-29.866656010358323],[30.83895576256764,-29.868049476873114],[30.838906259444794,-29.869224331364851],[30.838933489281974,-29.869413138997377],[30.838821750518736,-29.870778282856026],[30.838589581589705,-29.871419068996524],[30.838492867135152,-29.87169770049514],[30.838128593615881,-29.871838818615856],[30.837498638674269,-29.871969766989114],[30.836885713365167,-29.87195437514842],[30.836608674528375,-29.871924760850071],[30.836272991415854,-29.871814576203672],[30.836038498359063,-29.871441071583035],[30.835677915815296,-29.871155224577432],[30.835266788178533,-29.870971764294005],[30.834712717089204,-29.870912528335868],[30.834116555357319,-29.870919098381052],[30.833235096011265,-29.870815536900427],[30.832840010742025,-29.871085799928888],[30.832361256822818,-29.871423223714235],[30.831876916058178,-29.871549379255928],[30.831096265392745,-29.871627148756865],[30.830332130345255,-29.871654810964881],[30.829649668128443,-29.871968996467018],[30.829188815074673,-29.872412355401945],[30.828842469690276,-29.873156604564983],[30.8281349636523,-29.873692726851186],[30.827633113511919,-29.874078742374984],[30.827172636859931,-29.874292956845181],[30.826660448700061,-29.874641214808822],[30.826605050151688,-29.874678882312647],[30.826037620617107,-29.87497171832263],[30.825232277667379,-29.875056581022537],[30.824558481423111,-29.875091489859848],[30.823901129843744,-29.875119256645451],[30.82358888646197,-29.875133160774688],[30.82297828421677,-29.875207204221624],[30.822812489702184,-29.875255094626318],[30.822524641056116,-29.875412240023422],[30.822204046944691,-29.875501315437496],[30.821871178704502,-29.875561731298607],[30.821724845125619,-29.875627424929871],[30.821697221528854,-29.876211862089377],[30.821827805038886,-29.876706116433418],[30.822062511497386,-29.877294679262743],[30.822729098415643,-29.878481688149243],[30.822760673742721,-29.878706687617026],[30.823163516087334,-29.878831632346834],[30.823734302295676,-29.878956800260603],[30.824178298232514,-29.879557460470416],[30.824479764199371,-29.880033525343034],[30.824630455647984,-29.88012219946841],[30.824861322336488,-29.880283714541054],[30.825046054492699,-29.880485401288144],[30.825161436643643,-29.880566203542436],[30.825983452105234,-29.880724945573011],[30.826722957679575,-29.880725918619312],[30.828020905992233,-29.880899469579958],[30.828940008013031,-29.881588076625636],[30.829530497104841,-29.882247610964697],[30.829578751030454,-29.882863480204829],[30.829357725343275,-29.883554368202066],[30.829335239628818,-29.883838192997562],[30.829679282013817,-29.884468765352256],[30.830237094333693,-29.885028006517803],[30.831023570302641,-29.885563356363345],[30.832158332686006,-29.88596133474978],[30.832996101172128,-29.88619153504759],[30.83389930250307,-29.886607986502643],[30.834474081660904,-29.886866488277409],[30.835180528366514,-29.887010583407971],[30.83627138269819,-29.887209266188329],[30.836954381986221,-29.887671556999624],[30.838142420643358,-29.888299544178029],[30.839382335672799,-29.888489077800422],[30.840711632554619,-29.889172160515578],[30.841333503604272,-29.889240306895484],[30.842424561363387,-29.889296485200791],[30.843164601593795,-29.888996624190348],[30.843762123528307,-29.888848655827296],[30.843809108193884,-29.888685083807008],[30.843948904174756,-29.888620804339308],[30.844121758875673,-29.888434834571449],[30.844228206147235,-29.888678418696475],[30.84444129123882,-29.889043857691625],[30.844718914198523,-29.889364361572806],[30.845236782907232,-29.889740253300655],[30.845425022036427,-29.89011990169227],[30.845832869150613,-29.89041600451489],[30.845887213130041,-29.890886876605578],[30.844891412003417,-29.891928616214106],[30.843964906663139,-29.892277525859889],[30.843274774619637,-29.89365899058879],[30.841900509761896,-29.893923811737224],[30.841786702449951,-29.894005945444867],[30.841258816810718,-29.893921416672352],[30.839423955328577,-29.893790708245653],[30.838886301579954,-29.893040305338978],[30.838346946929196,-29.89282980758237],[30.837734085043689,-29.892667359911965],[30.836611270184978,-29.89249889505162],[30.834837623454479,-29.892271873203111],[30.832953834510171,-29.891540445735348],[30.830969153426981,-29.891453990021489],[30.830857486924266,-29.891369949267649],[30.83064188327495,-29.891151082212772],[30.828310480352833,-29.890536225782512],[30.827753357448888,-29.890264408996156],[30.827449093846049,-29.890145627890384],[30.827224598359049,-29.890136495269754],[30.826916431775942,-29.890142058494256],[30.826573911949595,-29.89021321410295],[30.825991517277753,-29.890397427850644],[30.825669238630621,-29.890641654085918],[30.825476997036635,-29.890927821378636],[30.825046195692369,-29.891362257895107],[30.824640353898122,-29.891606962920086],[30.824119653197243,-29.891749480532336],[30.823365802166176,-29.892070697512235],[30.822775983294658,-29.892571143927274],[30.821871357410352,-29.89295182079265],[30.821090353429209,-29.893129777359025],[30.820731739883211,-29.893324634410497],[30.820643023916627,-29.893916451133119],[30.820423026575988,-29.894393520621797],[30.820312444799036,-29.894956665133417],[30.820184275373151,-29.895193924238324],[30.820113657869943,-29.895416895881286],[30.81971883633415,-29.895616851781931],[30.818863289317076,-29.896102595884024],[30.817990985675323,-29.896760163933109],[30.817184493757509,-29.897374854169691],[30.816327737609527,-29.898505027284912],[30.8159105155163,-29.899052964357001],[30.81551501591035,-29.899462213027142],[30.815170000962265,-29.899820306079668],[30.815093307600804,-29.899925415132582],[30.814618689458584,-29.900334758707231],[30.814193477800639,-29.900656384015889],[30.813713141176578,-29.901156943154252],[30.813369729257158,-29.901681562687592],[30.81325908177158,-29.902254247797899],[30.813284008480249,-29.902565692555051],[30.813325297294199,-29.902686315691625],[30.813324751597126,-29.902979029859807],[30.813274029176874,-29.90315458702716],[30.813198054426064,-29.903359379903019],[30.812920717306483,-29.903446801337306],[30.812651422909237,-29.903724498293638],[30.812315248608279,-29.903833788482981],[30.812125527928245,-29.90404263498673],[30.812355955611856,-29.904521726346967],[30.812439537174388,-29.904741381359788],[30.812229019477794,-29.905026478819867],[30.811901239674274,-29.905135779868061],[30.811828382039838,-29.905192636000852],[30.81177293484923,-29.905201971055202],[30.811721629922413,-29.905043135293763],[30.811686467490176,-29.904937457033466],[30.811681311576891,-29.904765597245611],[30.811615930267735,-29.904569783061397],[30.811501309136446,-29.904335709052749],[30.811403044894032,-29.904144621436483],[30.811326715354362,-29.903944017760242],[30.81126135326318,-29.903738656048429],[30.811196216465614,-29.903413952634683],[30.811274514727621,-29.903096608513685],[30.810923714684801,-29.902501266845125],[30.810818890896581,-29.902102513324817],[30.809863717434148,-29.901021844282521],[30.809234266156803,-29.900327052218479],[30.808606504647791,-29.899634112714004],[30.808561715451294,-29.899589046368938],[30.808234195534915,-29.899259498112507],[30.807805394836915,-29.898982917433866],[30.80749774347494,-29.898810378936073],[30.807158577682998,-29.898620164844203],[30.806497702068182,-29.898251255266715],[30.805857825840917,-29.897943696374483],[30.805253215871925,-29.897599393352277],[30.804922652961842,-29.89748238975282],[30.804756167797613,-29.897442838289201],[30.804584980649452,-29.897402169535543],[30.80431753381523,-29.897401773107223],[30.804264444428608,-29.897442109642114],[30.804204757419868,-29.897487458888428],[30.803979586223505,-29.897462594500567],[30.803955631383648,-29.897441651098799],[30.803874196117835,-29.897370453217686],[30.803656195263198,-29.897278143199014],[30.803522700902263,-29.897161429793215],[30.803461411209767,-29.897018278139718],[30.803438629966752,-29.896965068875556],[30.803241721363708,-29.896885053774405],[30.80304472866219,-29.896847965636585],[30.802875876166812,-29.896817052445929],[30.802566154373341,-29.896841118758775],[30.802150970604746,-29.896809834664715],[30.802058996277847,-29.896796336381861],[30.801904781665449,-29.896773703474345],[30.801728810086679,-29.896747877229476],[30.80139821767267,-29.896649261580595],[30.801123880680844,-29.896575260480734],[30.80081434217098,-29.896507337207122],[30.800399137187004,-29.896488312852942],[30.800274314667949,-29.896488123942728],[30.800019084092941,-29.896487737301459],[30.799624943356623,-29.896493271899441],[30.799153288874436,-29.896335167201737],[30.799055246377268,-29.896302301811236],[30.798605111268802,-29.896154438665612],[30.797972199821579,-29.89590204428735],[30.797297281225941,-29.895471321177574],[30.797191991056319,-29.895404125908911],[30.797068318886598,-29.895437523756559],[30.796988746066418,-29.89549279001632],[30.796894893525256,-29.89555546513121],[30.796885306757588,-29.895561867206059],[30.796763056617738,-29.89563956644551],[30.796439752459349,-29.895845048843512],[30.796185154372498,-29.896003897931852],[30.796002211885213,-29.89609362260099],[30.795811309223112,-29.896190257452425],[30.795564016196028,-29.896270055890973],[30.795409893497879,-29.89634833481826],[30.795011827981337,-29.896541111438083],[30.794821960589253,-29.896677804073587],[30.794741326564786,-29.896747811412041],[30.794632034850572,-29.896842699432025],[30.794349542561271,-29.897047741321],[30.794352985395381,-29.896648525104762],[30.794108122831403,-29.895831843531155],[30.793977637123611,-29.895344724197038],[30.793676352982978,-29.894692544105428],[30.793684535567401,-29.894012408533666],[30.793816993167873,-29.893540020891074],[30.794081139183152,-29.892967591299648],[30.794378094052774,-29.892423854365777],[30.794708180326971,-29.891751278755123],[30.794857241162607,-29.891192989367102],[30.794925561485368,-29.889932842355641],[30.79477917246798,-29.889187919557614],[30.794840258188049,-29.888742325913789],[30.79485170764854,-29.888658806643324],[30.794879276667352,-29.888457700998778],[30.794261240529831,-29.888370858445203],[30.793735645246148,-29.88821727986382],[30.793319458223142,-29.888140249615336],[30.793442181542204,-29.887793519121477],[30.793448521846713,-29.887747272665507],[30.793398475344297,-29.887352346640014],[30.793334267786911,-29.887098415157062],[30.793228030258781,-29.886882242473284],[30.792692559977937,-29.886432953131902],[30.792291745969901,-29.886208922440886],[30.792202690067263,-29.886156983427401],[30.791851012095499,-29.885946059965228],[30.791755552611338,-29.885858399340194],[30.791563771374218,-29.885675870027242],[30.79135495353767,-29.885532713825491],[30.791196858341916,-29.885458588139688],[30.791021664343369,-29.885453385762776],[30.790871459350392,-29.88544829964205],[30.790288149994957,-29.884895559751591],[30.790197869968519,-29.884801973115469],[30.790073728311746,-29.88470819989476],[30.789938180239936,-29.884663658815384],[30.78977440477215,-29.884604297505838],[30.789718084117826,-29.884510631978468],[30.789633494772492,-29.884421846405644],[30.789509374806212,-29.884318222602925],[30.789413759152044,-29.884253885608121],[30.788925989114706,-29.883791514329253],[30.788894534234377,-29.883750860619266],[30.788965829139897,-29.882897228893615],[30.789173006102875,-29.881934106652853],[30.789174601867426,-29.88192927291281],[30.790115732473325,-29.881053882917257],[30.790176224884384,-29.881011575198524],[30.79043120273117,-29.880960419378429],[30.790718015065075,-29.880921212154902],[30.790955260299512,-29.88082018338692],[30.79208098830745,-29.87925835608598],[30.791895080379447,-29.879062563838268],[30.79186856009731,-29.879038147439459],[30.791693328943456,-29.878982860430199],[30.791560332154603,-29.878854289205123],[30.791553662296501,-29.878689244284722],[30.79131557344358,-29.878505496235622],[30.791140381109848,-29.878431870052435],[30.790986090469197,-29.878425513505171],[30.790782842576064,-29.878351842963035],[30.790635859405096,-29.878204911778639],[30.790488863255707,-29.8780640932418],[30.790327866442279,-29.87791102828157],[30.790159765657311,-29.877800737811484],[30.78990769330666,-29.877598627577868],[30.789781727071567,-29.877463953454889],[30.789585754137111,-29.877268044779811],[30.78941770661196,-29.877133304309783],[30.789102397672874,-29.876986103271072],[30.788878191266239,-29.876875721496599],[30.788647086524929,-29.876710316636959],[30.788366978085225,-29.876502046262324],[30.788107988908063,-29.876257134391306],[30.787869964530223,-29.876048931063536],[30.787631851130488,-29.875883512601611],[30.787344589734854,-29.875742464768781],[30.78716953494115,-29.875607710622944],[30.787001507071366,-29.875466854318955],[30.786903576521667,-29.875344447789107],[30.786903758428796,-29.875258874991808],[30.786868912095549,-29.875154907677214],[30.786820076060263,-29.875032580350581],[30.786813348597132,-29.874898097005698],[30.786701391993965,-29.87477566766184],[30.786561369011753,-29.874659306224352],[30.786400317913291,-29.874536797221364],[30.786309388763286,-29.874420514200324],[30.786155418164221,-29.87426745513606],[30.786015433771599,-29.874132755769132],[30.785826435198302,-29.873961301909873],[30.785630410222456,-29.873795948101396],[30.785371422257949,-29.873557144194656],[30.785182424608472,-29.873385688856448],[30.785035431337366,-29.873250977583787],[30.784916543488666,-29.873091861149749],[30.784783550712199,-29.872969395879039],[30.784678663896731,-29.872822527729813],[30.784482761296481,-29.872602160717744],[30.784427114552059,-29.872388135943154],[30.784427705977002,-29.872113079575335],[30.784412220648555,-29.871769069207861],[30.784310225526003,-29.871573647990758],[30.784201880808993,-29.871397493666272],[30.784104454131111,-29.871183063586663],[30.783790552395455,-29.870873514046703],[30.783790500737592,-29.870874651120452],[30.783786861939475,-29.870869874742489],[30.783595195970403,-29.870702198690804],[30.783320475673374,-29.870461863942456],[30.783096806598035,-29.870294135724805],[30.782879587515417,-29.870104102733123],[30.782611295668385,-29.869852619570295],[30.782534714705484,-29.869746497709819],[30.782362121807136,-29.869640217535959],[30.782144808565302,-29.869494813179525],[30.781921131482999,-29.869332661697033],[30.781761403020621,-29.869198508232113],[30.781614499097135,-29.869053218838307],[30.781499576765892,-29.868919140275583],[30.781333435891575,-29.868790554976091],[30.781189962645026,-29.868591549699865],[30.780978397919469,-29.868370615695731],[30.780927695994372,-29.868324825762304],[30.780766769586119,-29.86817948946365],[30.780616364054666,-29.868143468835658],[30.780342925770199,-29.868065512845689],[30.780137930616206,-29.86796978438095],[30.77987151750844,-29.867808374223564],[30.779543714744211,-29.867569358647913],[30.779188644351787,-29.86728856447245],[30.778778658566697,-29.867097104193569],[30.778309906158889,-29.866949554549546],[30.778245499471069,-29.866929281481131],[30.777979263779244,-29.866690365421945],[30.777808815884313,-29.866439687783991],[30.777788494831761,-29.866350227799412],[30.777782156477191,-29.866123672514394],[30.777786678522048,-29.866018988755474],[30.777789366709118,-29.865956757035232],[30.777755680936519,-29.865724193722897],[30.777721931144089,-29.865521437965825],[30.777722287916355,-29.865360473462456],[30.777647430531989,-29.865187457785989],[30.777538018143378,-29.865175350049551],[30.777319072414898,-29.865204788586389],[30.777112342256899,-29.86518685772884],[30.777038686434096,-29.865180469069571],[30.776840380799783,-29.865156286635354],[30.776703740170731,-29.865084515715505],[30.776601445910472,-29.864947223241529],[30.776362207511376,-29.864875277754891],[30.776075048995956,-29.864821135938858],[30.775822197409866,-29.864719357600471],[30.775589759084706,-29.864665306540918],[30.77530254943138,-29.864635010315411],[30.774960498888838,-29.864658274476199],[30.774666113704146,-29.864777006337221],[30.774453727356242,-29.864931647865664],[30.774419519221468,-29.864956890710882],[30.77417967238577,-29.865133877725786],[30.774056082336873,-29.865342326047138],[30.773946360521819,-29.865467333638634],[30.773795517791083,-29.865628041431211],[30.773706369474088,-29.865729237818229],[30.773548618325947,-29.865919741150009],[30.773514000540043,-29.866104495278755],[30.773555241758999,-29.866239059549564],[30.773561531678986,-29.866259581008052],[30.773485887171127,-29.866438301662502],[30.773355400202838,-29.866670584237635],[30.773296751488196,-29.866735071402012],[30.773252542770354,-29.866783680707893],[30.773177045432256,-29.866896823559436],[30.773060453424108,-29.867033741417114],[30.773046503387558,-29.867152951957703],[30.773046125588021,-29.867319879417394],[30.773045720800621,-29.867498729672441],[30.773113906834503,-29.867594233507649],[30.773160234767442,-29.867681654276403],[30.773202451280575,-29.867761313764788],[30.773222648434484,-29.867904429216644],[30.773276762423876,-29.868172799400256],[30.773303530695785,-29.868435159517993],[30.773303085912552,-29.868631895594405],[30.773295827555991,-29.868816695467803],[30.773192590257015,-29.869096718708725],[30.773082836246683,-29.869233648831408],[30.773007161401715,-29.869424293562304],[30.772931675913448,-29.869531473718368],[30.772944924431805,-29.869722270791073],[30.772930852352697,-29.869895136049013],[30.772909750573721,-29.870151453500196],[30.772891599798321,-29.870179197941642],[30.772765604611102,-29.870371787898282],[30.772628419071541,-29.870538479686324],[30.772525502725149,-29.87067542108554],[30.772416305620407,-29.87074560886289],[30.772244737044574,-29.870812056747912],[30.772077246224093,-29.870843035121485],[30.771793141566739,-29.870960231325487],[30.77179293421937,-29.870960319051825],[30.771669523298886,-29.871085300945055],[30.771525495530376,-29.871251979722768],[30.7712926222448,-29.871382733156601],[30.770984355786361,-29.871578935398688],[30.770771961690052,-29.871727608239834],[30.770570668393582,-29.871919815656121],[30.77056629918593,-29.871923987636968],[30.77040178771686,-29.872072744193449],[30.770305817408232,-29.872162002898826],[30.770248575952145,-29.872206169295776],[30.770120797168417,-29.8723047614371],[30.769901642206257,-29.872417652018573],[30.769621005090571,-29.872494663675869],[30.769460317803649,-29.872549508745202],[30.769395091909054,-29.872571772006566],[30.769244464424531,-29.872631125684848],[30.769230921629493,-29.872637231910954],[30.769073273194252,-29.872708328567672],[30.768703570528974,-29.872844799885819],[30.768375144612957,-29.872879993557451],[30.768339003591219,-29.872879930130054],[30.768156249023125,-29.872879609244819],[30.767985457909798,-29.872783922608754],[30.767712003817262,-29.872711901336363],[30.767390873993506,-29.872550369824726],[30.767260043315822,-29.872499710793296],[30.767096997489091,-29.872436579164262],[30.76683735131035,-29.872310925487316],[30.766550468334888,-29.872131567069513],[30.766005205910062,-29.871836897549542],[30.765488183015492,-29.87174576528345],[30.764868099075194,-29.871474026326698],[30.764725735501514,-29.871418884876903],[30.764192269551639,-29.871382163312273],[30.763713624138063,-29.871303805063903],[30.763399079331279,-29.871255547522935],[30.763207661501493,-29.871207510724833],[30.762988769644224,-29.871207117862294],[30.762749256980019,-29.871248420248921],[30.762530266831185,-29.871289758022087],[30.762476875571032,-29.871308549912694],[30.762311189808798,-29.871366865429678],[30.762099054069168,-29.871402253961474],[30.761962202679147,-29.871419891486799],[30.7617295593992,-29.87144928102181],[30.76148319203277,-29.871496529047199],[30.761223142385994,-29.871543752962264],[30.760976774553974,-29.871591000589692],[30.760696318019622,-29.871590492422637],[30.760422702835363,-29.871589996077304],[30.760197040140024,-29.871559778108402],[30.759950943003656,-29.871493751340545],[30.75972535337289,-29.871433723964419],[30.759465431810906,-29.871427289146123],[30.759246682689781,-29.87136727341834],[30.758945934699504,-29.871271336902499],[30.758610885298008,-29.871217070196504],[30.758417703998472,-29.871197391032553],[30.758193723764041,-29.871174573974073],[30.758035715510761,-29.87100607092146],[30.757585851663908,-29.870770988557396],[30.757024260449601,-29.870153003681434],[30.756704063908987,-29.86950741824386],[30.756640698910871,-29.869100673716133],[30.756674644078625,-29.868371610662049],[30.756805386826581,-29.867530552690443],[30.757112920297367,-29.866759928136009],[30.757516159775058,-29.866325998256407],[30.757805124675446,-29.866097332931787],[30.758064182342796,-29.865892332529768],[30.758322425501618,-29.865542264213669],[30.758390646692408,-29.865463328742205],[30.758488106166542,-29.865367955632546],[30.758513283142403,-29.865321431575602],[30.758709601300673,-29.865094279505609],[30.75911262507886,-29.864744474134262],[30.75938691512685,-29.864408454587736],[30.759757759571489,-29.864058588536366],[30.759945277303611,-29.863739193052133],[30.760210042410947,-29.863288219571562],[30.760578154184884,-29.862723308745021],[30.760629843371248,-29.862643985007818],[30.760812558158257,-29.862232471064381],[30.760953318763061,-29.861915444665154],[30.760970842392211,-29.861312544836334],[30.76122979785702,-29.860653995146681],[30.761199193678749,-29.859994921445807],[30.761191441887245,-29.859982163133715],[30.76067041483142,-29.85912462051872],[30.760472663849949,-29.858936256907704],[30.76012472071211,-29.858604828423342],[30.759642402538574,-29.85849177788652],[30.759224093690342,-29.858519059035711],[30.758977437151131,-29.858622023219844],[30.758732920292008,-29.858723730895036],[30.75873259761714,-29.858716231371357],[30.758376381375552,-29.858814714421623],[30.757649373563684,-29.859715485644656],[30.757223402094635,-29.860087345432412],[30.756768115539611,-29.860411236270771],[30.756066090003024,-29.86107719231013],[30.755112059233269,-29.861485159406623],[30.753506009912503,-29.86188312269822],[30.752485980734811,-29.862002106667696],[30.751484954739677,-29.861918104720139],[30.750724937392008,-29.861679112429965],[30.750000920292234,-29.861435121663977],[30.749401905536416,-29.861355121433103],[30.74887189465748,-29.861027136279645],[30.748357895346945,-29.86055424539482],[30.748131223874942,-29.860542759755571],[30.748093629386339,-29.86051167559156],[30.74814347491192,-29.860335078781105],[30.748143853540576,-29.86018428395159],[30.748144187622291,-29.860051229687464],[30.748144521701782,-29.859918175420582],[30.748195693836255,-29.859802958775713],[30.748216536714381,-29.859607851324885],[30.748237424034993,-29.859395003293891],[30.748207139522929,-29.859297371934566],[30.748156524421479,-29.859190831459674],[30.748024698384988,-29.859004303043783],[30.747953819918358,-29.858862242500106],[30.747872742946281,-29.858729032769553],[30.747740605750209,-29.858666688068329],[30.747659439964131,-29.858568959349697],[30.747649169757569,-29.858534635900781],[30.747608982033022,-29.858400326655328],[30.747588919433245,-29.858284974025064],[30.747568901521014,-29.858151880817005],[30.747569191695799,-29.858036567091119],[30.747569504189844,-29.857912383076357],[30.747569839002708,-29.857779328772274],[30.747570151492695,-29.85765514475267],[30.747570463980736,-29.857530960730724],[30.747570776466816,-29.857406776706455],[30.747571155911576,-29.857255981816696],[30.74749005840405,-29.857131642117075],[30.747327595892546,-29.856989406020976],[30.74722619115893,-29.856847286631073],[30.747134851125317,-29.856749538092096],[30.747104568467179,-29.856651906451635],[30.747064132041988,-29.856545385020777],[30.746983169961457,-29.856367823272468],[30.746871634945336,-29.856207943525249],[30.746658406102064,-29.856021257601302],[30.746506301989051,-29.855808077701514],[30.74629309710603,-29.855612520896187],[30.746181564024578,-29.855452640559133],[30.746090518115253,-29.855239577528678],[30.746009603711048,-29.855044274585271],[30.745977924281505,-29.854997439812184],[30.746146026784576,-29.854747822044548],[30.746364779682022,-29.854557976765211],[30.746617851164533,-29.85407548054491],[30.746727836140472,-29.853739067643911],[30.746846566144171,-29.853263631072974],[30.7470495023816,-29.852685904917635],[30.747302971242085,-29.852042413884789],[30.747446383570491,-29.851764607539465],[30.747489057488053,-29.851486608422775],[30.747355551383155,-29.851164364830847],[30.747356269955613,-29.850878967539021],[30.747542059125859,-29.850440247971147],[30.747828233376094,-29.850140760243075],[30.747895795351983,-29.849979895099114],[30.747787105999311,-29.849804057570275],[30.747611241455964,-29.8496354094918],[30.747325989324786,-29.849569002743777],[30.747040737575546,-29.849502595381022],[30.746949097823354,-29.849224338987618],[30.746957125121718,-29.848893948544845],[30.747187841956688,-29.848701091128099],[30.747188707823803,-29.848357385756508],[30.747484737393844,-29.848229062008954],[30.748452987197922,-29.848631901485046],[30.749650203288422,-29.849450480797959],[30.751128142234919,-29.849696733587884],[30.752705011495294,-29.849799943896482],[30.753592843716543,-29.849515181014702],[30.754250433019415,-29.849467835131659],[30.754562286646276,-29.849445380768692],[30.755171075534868,-29.849059840393199],[30.755583280251042,-29.848444795373279],[30.755746993002823,-29.847897045873285],[30.756111833174995,-29.847271439720423],[30.756540278819848,-29.846728027166368],[30.757093126420802,-29.846484087234128],[30.757180661978605,-29.84647204288304],[30.757293957011655,-29.846444048979858],[30.75745579441881,-29.846409093598826],[30.757552881167101,-29.846395170788231],[30.757674195585331,-29.846395393449704],[30.75774701823169,-29.846381425970609],[30.757916722388053,-29.846438140955243],[30.757926130809871,-29.846445462574582],[30.758062028573764,-29.846551215365665],[30.758223560160712,-29.846643168796376],[30.758369121614095,-29.846650485201479],[30.758529351109484,-29.846661126412428],[30.758587454722718,-29.846664985588919],[30.758749241203226,-29.846651180157689],[30.758902923643326,-29.846644410826251],[30.759072764520599,-29.846644720787634],[30.759202065449418,-29.846687258770583],[30.759388014177361,-29.846715800417407],[30.759590139044477,-29.846744370700947],[30.759659452154068,-29.846737783949376],[30.759662943960624,-29.846737452125694],[30.759816542745455,-29.846765933741366],[30.759962035788863,-29.846801450988124],[30.760042879747107,-29.846815698993659],[30.760130270146774,-29.846870563045304],[30.760269596108888,-29.84697327480302],[30.76033064596648,-29.846888514990045],[30.760467850840442,-29.846518318298379],[30.760462765391424,-29.846515016654465],[30.760452554007838,-29.846334072736642],[30.760484616340552,-29.846120952304165],[30.76076099994636,-29.845997673155416],[30.760958353129706,-29.845936140461518],[30.761258269540274,-29.845867915821511],[30.761566138933578,-29.845772198099709],[30.761795159459652,-29.84566258380471],[30.761945410304449,-29.845504690178263],[30.761961675621137,-29.845298417423944],[30.76194622582755,-29.845160855774708],[30.761875705169555,-29.844961303658966],[30.761773502382791,-29.844816708428993],[30.761647521093217,-29.844720207175978],[30.761513764581679,-29.844575554790037],[30.761396048404645,-29.844320903644586],[30.761207142215593,-29.844148644529291],[30.761049872006815,-29.843942058515697],[30.760971432710271,-29.843756245771324],[30.760971858487977,-29.843577452289537],[30.761019727236256,-29.843350606578657],[30.761083485995314,-29.843075653707263],[30.761154772848798,-29.84295200191259],[30.761297230922693,-29.842752834975048],[30.761360759652277,-29.842574154396981],[30.761337357269369,-29.842464084475289],[30.761314020972744,-29.842326508996862],[30.761278455977511,-29.842157119797633],[30.761275023079673,-29.84214076711352],[30.761263704040672,-29.84210540086119],[30.761260290955917,-29.842094736409802],[30.761204554914109,-29.841920584438427],[30.761165475567612,-29.841769226245692],[30.761163533657935,-29.841754282509406],[30.761142236578213,-29.841590389912298],[30.761055765169893,-29.841466451636879],[30.76105007426597,-29.841461055834124],[30.760961322511466,-29.841376883859841],[30.760953603423058,-29.841370481938597],[30.76079089407569,-29.841041871753731],[30.761006761968822,-29.840859557819542],[30.761212566116882,-29.840663014241859],[30.761589864541737,-29.840305667050366],[30.76181010573908,-29.839792889785475],[30.761996065995881,-29.839303918927218],[30.762311686311886,-29.838976294155632],[30.76250361175423,-29.838857296436352],[30.763263845509925,-29.838643843885528],[30.763901088064763,-29.838340659916831],[30.764504091119079,-29.838043378952804],[30.764696571607068,-29.837685693021456],[30.764841615912005,-29.837125039237186],[30.764972076136232,-29.836946256926961],[30.765242470642182,-29.836781952990282],[30.765520397344716,-29.836613071004809],[30.765691865343719,-29.836458229356634],[30.766226048507086,-29.836315964224422],[30.766568758822633,-29.836101752868053],[30.766726953197551,-29.835983325803124],[30.766696306839169,-29.83591763300905],[30.766624796513003,-29.835765344314794],[30.766652693278296,-29.835541625402534],[30.766461826948056,-29.835210111142548],[30.766253664043159,-29.834959122547037],[30.766234083286324,-29.834550337940147],[30.766282026268431,-29.834346965207271],[30.76634092356268,-29.834225317134454],[30.766533230559439,-29.833936250227563],[30.76691754342643,-29.83348640880331],[30.76708269969205,-29.833098835097715],[30.766984714825604,-29.832558634805704],[30.766705082798147,-29.832140440408725],[30.766486576463869,-29.83192523674888],[30.766039210406682,-29.831533596508809],[30.765591722483553,-29.831195658928575],[30.765157548506139,-29.831018856703352],[30.764781415961981,-29.830898844391861],[30.76446995092568,-29.830928125218033],[30.764240695979876,-29.830921749118193],[30.764015115384055,-29.830807970382285],[30.763940555482527,-29.83050052864397],[30.763787566024369,-29.830076587089369],[30.763398418853196,-29.829673107637458],[30.763026243347337,-29.829329329039577],[30.762558928457619,-29.82870193845681],[30.76185271405194,-29.827811560805419],[30.761242052680885,-29.827034728037674],[30.760893733127912,-29.826738723738835],[30.760418909735545,-29.826400719058462],[30.760070644696441,-29.826083827620266],[30.759994329618301,-29.826000651969505],[30.759760682323417,-29.825436745470718],[30.759576867675829,-29.825092467615541],[30.759586013404771,-29.824777812544891],[30.759670709521384,-29.824455976960198],[30.759989754940293,-29.824216236442364],[30.760544720836858,-29.823959943456494],[30.760939517018162,-29.823814299422597],[30.76140150407825,-29.823646821711769],[30.761821180250241,-29.823625625087367],[30.762424885058092,-29.823860886379215],[30.763213228167995,-29.824096475951119],[30.76363385877892,-29.824253856216789],[30.763842116726494,-29.82433177590476],[30.764436597114834,-29.824925590992425],[30.765375419904871,-29.825367424951757],[30.765484659392769,-29.825413912239473],[30.766048589265541,-29.825873189990041],[30.766371942680891,-29.826198375720789],[30.766905000303943,-29.826753069755505],[30.76714317267745,-29.826982628701519],[30.767309082171568,-29.827210150465966],[30.767457534658757,-29.827410908415793],[30.767667735062698,-29.827426554169072],[30.768066254144319,-29.827450168295286],[30.768482187443666,-29.827519639524684]],[[30.816067271060852,-29.84432694534031],[30.816069478907504,-29.844327603359751],[30.816091295449478,-29.844303373614274],[30.816067271060852,-29.84432694534031]],[[30.808997428917426,-29.854417228897304],[30.80898097252086,-29.854431526235103],[30.8089980762125,-29.854417404215916],[30.808997428917426,-29.854417228897304]],[[30.800691734931288,-29.880145467215488],[30.800540985602971,-29.880212799415961],[30.800856186876963,-29.880086044288973],[30.800691734931288,-29.880145467215488]],[[30.80027509747973,-29.880431395037345],[30.800201911232854,-29.880530228788974],[30.800400024652795,-29.88034977374426],[30.80027509747973,-29.880431395037345]]]}},
{"type":"Feature","properties":{"sde_LDR_Mi":0.0,"CAT_NAME":"Umhlatuzana River","MAJ_CAT":"Umhlatuzana River","Id":0,"Phase":"Phase5b","OBJECTID":0,"Shape_Area":14718132.889,"BlockName":"StWendolins"},"geometry":{"type":"Polygon","coordinates":[[[30.831553806913465,-29.839133062095549],[30.831627684801372,-29.839158218368492],[30.831919281875031,-29.839144268577986],[30.832153373627346,-29.839137405672275],[30.832769134463113,-29.83928139859843],[30.833195930560567,-29.839460953112308],[30.833885218247158,-29.839844913532485],[30.834488270355564,-29.840228762310218],[30.83500925734085,-29.840573122577556],[30.835185534840793,-29.840763098353538],[30.83541651863414,-29.840984171303461],[30.836107020804825,-29.841474337040474],[30.836640307120579,-29.841838994442817],[30.837310267844728,-29.842341062764259],[30.837912395397204,-29.842467113440264],[30.838213426083438,-29.842551022764546],[30.83912293550161,-29.843071276573554],[30.839834470960383,-29.843269057616187],[30.839994782403497,-29.843230008725953],[30.840528640435107,-29.842970325046693],[30.841334805270904,-29.842403882196709],[30.843563336511661,-29.842239495372205],[30.844870710827454,-29.841793155544384],[30.844989663608974,-29.841422531219429],[30.845184207437168,-29.840816727242089],[30.846022625990237,-29.840709733727024],[30.846834632864351,-29.841629389639891],[30.847069178666594,-29.841787622206589],[30.847687340592113,-29.841452218038757],[30.848282859069407,-29.841742746465403],[30.849497768373116,-29.840993777149659],[30.849860629961036,-29.840968783864056],[30.850354978483903,-29.841161148423815],[30.851326457485733,-29.841466571301559],[30.851839653211858,-29.841568589724588],[30.852195231599417,-29.841867518684982],[30.852268903757565,-29.84209511831892],[30.852114585482443,-29.842772814797858],[30.851915090348793,-29.843202992892312],[30.852255921272491,-29.842871403541132],[30.852475857426167,-29.842700432202328],[30.85321145688431,-29.84278524536019],[30.854040227565541,-29.84298391399177],[30.855391220717927,-29.841620281793496],[30.856524562131167,-29.842439638655776],[30.857552933305918,-29.842644460080336],[30.858421664329139,-29.843856931689203],[30.860030610763282,-29.845068389408564],[30.86028509339755,-29.845567164932113],[30.861179572921323,-29.846240638861676],[30.861526101788296,-29.846783533237769],[30.861717300841597,-29.847703884233344],[30.862148089503695,-29.848234959362472],[30.862339901666459,-29.848792574025715],[30.862770723684296,-29.849323545715134],[30.862962686964828,-29.849699926951544],[30.863185734339869,-29.85004936750898],[30.863281094549791,-29.850690867345335],[30.863419519460724,-29.850795025537074],[30.864431399787357,-29.851863997996702],[30.864623372362573,-29.852240285502074],[30.865877185713774,-29.85356479733624],[30.865966127847862,-29.854851861784862],[30.865979517320117,-29.855045615450894],[30.866336983981736,-29.855647761783153],[30.866517266834514,-29.855962982449576],[30.866831062966895,-29.856530595549838],[30.867177378281163,-29.857117150709712],[30.867545302689408,-29.857769911493598],[30.867878496132377,-29.858549380099053],[30.867888069047599,-29.858617201616692],[30.867933330320078,-29.859623462161913],[30.867894983725392,-29.860295785320904],[30.867864817091942,-29.860834808619067],[30.867981760007172,-29.861476657730027],[30.868131209654706,-29.861673936139518],[30.868249552372959,-29.861938906041626],[30.86831119995783,-29.862164473870116],[30.868305298232627,-29.86224506392437],[30.868270434407833,-29.862290687840943],[30.868157231560371,-29.862400927338189],[30.867685691121117,-29.862657143423039],[30.867264012925798,-29.862863325665593],[30.867209521199719,-29.862908906434608],[30.867165662046503,-29.862984797887929],[30.866924635247461,-29.863265476359068],[30.866879733448844,-29.863301624512172],[30.86627443915059,-29.863662909553877],[30.866242144015434,-29.863700267031128],[30.865958042209126,-29.864072291749483],[30.865933940434079,-29.864191241173224],[30.865958112953123,-29.864321386139242],[30.866103010825633,-29.864631141598309],[30.866158301443054,-29.864711311342127],[30.866244748035662,-29.864769738607119],[30.866563595892959,-29.864889228429206],[30.867034770283315,-29.864915377079498],[30.867623747413397,-29.864941642779282],[30.868242278244345,-29.864890928311851],[30.868831288510638,-29.86489151927681],[30.869626286526291,-29.865020659211638],[30.869888337459724,-29.865056034381738],[30.86988498958555,-29.865079142418072],[30.870785968780009,-29.865050486676207],[30.871906284532681,-29.86564958751633],[30.871992345734313,-29.865705369474988],[30.872275552392392,-29.865983101035454],[30.872568828364045,-29.866444414086736],[30.872711069774351,-29.866832401165922],[30.872676621981853,-29.867512934517634],[30.872654016970611,-29.867754758172328],[30.872600164305759,-29.868109154411709],[30.872390180719769,-29.868488461263702],[30.872250247923066,-29.868695982402883],[30.87190477543545,-29.869017873046548],[30.871851065852251,-29.869257700093538],[30.871504208422689,-29.869832051070691],[30.87074781713843,-29.870549477664653],[30.869911200730002,-29.871575002820212],[30.869526561244033,-29.872517430662864],[30.869539182685486,-29.873340908397015],[30.86966777888016,-29.873895977878711],[30.869444409538122,-29.875226315047836],[30.868979826261647,-29.876184250994019],[30.868146276850311,-29.877090303290085],[30.868096492414178,-29.87742624484212],[30.868128303647552,-29.878228258195033],[30.86835421117539,-29.878728859426268],[30.86865450798005,-29.879475049103778],[30.868516491566112,-29.880292409111615],[30.868392981968675,-29.880489201402593],[30.867831490076188,-29.880500574129364],[30.867380367788233,-29.880494382578114],[30.866696516851874,-29.88079570011671],[30.865989599363839,-29.8810026402376],[30.865155332523351,-29.881198705798081],[30.864502210084876,-29.881115689090244],[30.863669035227861,-29.880506184649846],[30.862576526973321,-29.879885493185359],[30.861597537378515,-29.879765127615613],[30.860850933433078,-29.879949322944292],[30.860517716659754,-29.880140970191864],[30.858907503081515,-29.88101754055177],[30.857102568467784,-29.882231271550157],[30.856689453303417,-29.883421615004],[30.856577530382364,-29.883505479158416],[30.856498657983167,-29.88321184385298],[30.85617430347251,-29.88279267364415],[30.855741924687528,-29.882529648536394],[30.855128762788432,-29.882275970645384],[30.854701575009603,-29.882213442608066],[30.854164698755394,-29.882241492983475],[30.853879806319959,-29.882269820425474],[30.85366977918294,-29.882189681257788],[30.853276768990462,-29.882487366789345],[30.85271185288661,-29.883056182286527],[30.852420667750895,-29.883263512884003],[30.852124540666509,-29.883477997840409],[30.851992900020441,-29.883592419034827],[30.851672544022424,-29.883520453855624],[30.851409770925891,-29.883405589459375],[30.850835138073926,-29.883032592645346],[30.850636481167065,-29.882874148650998],[30.849962375284669,-29.882527864765525],[30.849296035646461,-29.882454835119912],[30.847299148585112,-29.882668921450023],[30.846858856771188,-29.882562602518302],[30.84639902934283,-29.882354412191326],[30.846062731598462,-29.881967350688306],[30.845751373409602,-29.881394143174788],[30.845497348323377,-29.8809427313738],[30.845144215978102,-29.880820588120308],[30.844886957790262,-29.880817471733508],[30.843786059978893,-29.880843011839055],[30.842816898976739,-29.880865488124392],[30.842361464161772,-29.880839565352485],[30.84191778254684,-29.880824713526899],[30.84136475607875,-29.880676065222914],[30.840795123415653,-29.880637189665709],[30.840143278282277,-29.880626854289819],[30.839628180115824,-29.880740798131768],[30.839233638986066,-29.880826244680218],[30.838598134051633,-29.880873205967017],[30.838077732442198,-29.880877342176603],[30.837847794854572,-29.880795906962579],[30.83767803636535,-29.880762282374729],[30.837108202995353,-29.880847506839157],[30.836133102672573,-29.880874941851776],[30.835116420693506,-29.881025719827665],[30.834253163867025,-29.881325381453841],[30.833935899115467,-29.881644823442738],[30.833297157391797,-29.88222020040979],[30.832705089679568,-29.882491551926559],[30.831817474813693,-29.882604992429446],[30.830798484382992,-29.882660974209028],[30.830109287201545,-29.882865357708003],[30.829578751030461,-29.882863480204804],[30.829530497104841,-29.882247610964711],[30.828940008013031,-29.881588076625619],[30.828020905992233,-29.880899469579965],[30.826722957679575,-29.880725918619326],[30.82598345210523,-29.880724945573022],[30.825161436643636,-29.880566203542436],[30.825046054492699,-29.880485401288144],[30.824861322336485,-29.880283714541054],[30.824630455647991,-29.880122199468381],[30.824479764199371,-29.880033525343034],[30.824178298232514,-29.879557460470412],[30.823734302295673,-29.878956800260603],[30.823163516087334,-29.878831632346834],[30.822760673742721,-29.878706687617033],[30.822729098415643,-29.878481688149243],[30.822062511497386,-29.877294679262743],[30.821827805038886,-29.876706116433422],[30.821697221528854,-29.876211862089356],[30.821724845125619,-29.875627424929878],[30.821871178704505,-29.875561731298632],[30.822204046944691,-29.875501315437496],[30.822524641056116,-29.875412240023422],[30.822812489702184,-29.875255094626343],[30.822978284216777,-29.875207204221624],[30.82358888646197,-29.875133160774695],[30.823901129843744,-29.875119256645451],[30.824558481423111,-29.875091489859837],[30.825232277667372,-29.875056581022537],[30.826037620617114,-29.874971718322644],[30.826605050151688,-29.874678882312647],[30.827172636859924,-29.874292956845174],[30.827633113511919,-29.874078742374977],[30.8281349636523,-29.8736927268512],[30.828842469690279,-29.873156604564983],[30.829188815074673,-29.872412355401938],[30.829649668128436,-29.871968996467018],[30.830332130345269,-29.871654810964881],[30.831096265392745,-29.871627148756865],[30.831876916058174,-29.871549379255928],[30.832361256822818,-29.871423223714235],[30.832840010742025,-29.871085799928888],[30.833235096011265,-29.870815536900427],[30.834116555357319,-29.870919098381044],[30.834712717089204,-29.870912528335861],[30.835266788178533,-29.870971764293991],[30.835677915815296,-29.871155224577457],[30.836038498359056,-29.871441071583035],[30.836272991415861,-29.871814576203647],[30.836608674528378,-29.871924760850046],[30.836885713365167,-29.871954375148412],[30.837498638674255,-29.871969766989139],[30.838128593615881,-29.871838818615849],[30.838492867002699,-29.871697699988495],[30.838589581453455,-29.871419069264714],[30.838821750814233,-29.870778282419238],[30.838933489147035,-29.869413139014767],[30.838906259479451,-29.869224330925057],[30.838955762701527,-29.868049476816221],[30.839330440904302,-29.866656009271669],[30.839586599718796,-29.866044299318705],[30.83965410704938,-29.865993750146728],[30.83970249410984,-29.865944945726884],[30.839943449211397,-29.865701912159754],[30.840279198202605,-29.865450544332003],[30.840472604067426,-29.864893277282057],[30.840761804110514,-29.864341699289955],[30.841160355956394,-29.863411305812942],[30.841764299156981,-29.862469222329345],[30.841843980483585,-29.861657860487707],[30.841559169761034,-29.861450075227385],[30.841248703178415,-29.861339933393264],[30.8406864835456,-29.861156308023372],[30.840090695072753,-29.860965321678858],[30.839704741081469,-29.860811177208326],[30.839333572675503,-29.860548950732955],[30.839193288106397,-29.860386115564882],[30.839026315733904,-29.859800478009092],[30.838918078514485,-29.859236865649436],[30.838901992666365,-29.85879777039516],[30.839003501616791,-29.858322228917537],[30.838978996644411,-29.85789775920157],[30.838853465539014,-29.85764879647909],[30.838853841707355,-29.857414623217768],[30.839003962454093,-29.857025665040815],[30.83934566297475,-29.85567989301336],[30.839511489223391,-29.85510974900378],[30.83959455144868,-29.854537003740873],[30.839527070043655,-29.85392827260856],[30.839285909081006,-29.853597717505274],[30.839204880655394,-29.853584252443952],[30.839052767655186,-29.853554459792772],[30.838828963040935,-29.853511058966305],[30.838467755421568,-29.85336740600799],[30.83833817526429,-29.853291805045707],[30.83825957799754,-29.853414888366054],[30.837843045113864,-29.853619647413499],[30.837207347983618,-29.853890967175523],[30.836999013776012,-29.854033921716816],[30.836527704232761,-29.85424338266931],[30.8356622414477,-29.854361651306881],[30.835388539847209,-29.854289704601353],[30.835286115355974,-29.854184200528582],[30.83527616502268,-29.85417395100405],[30.834956960947753,-29.853547798636242],[30.834885330090032,-29.853407285992894],[30.8346835526999,-29.853255320132174],[30.834251943707002,-29.852930257181548],[30.833596174526352,-29.852264824576508],[30.83323117601898,-29.85189444219936],[30.833223668041104,-29.851886823436534],[30.832605424720146,-29.851645345182728],[30.83223360782392,-29.851267962059246],[30.832073444268129,-29.850649379558053],[30.832067487646189,-29.85062637378644],[30.831982523867868,-29.850298223989739],[30.831453496753461,-29.849468899603611],[30.831346510354809,-29.849301181452876],[30.830773363126351,-29.849209279212527],[30.829585764998594,-29.84901884337598],[30.829518410179183,-29.848950480045275],[30.829105181670002,-29.848531061422371],[30.829057651295226,-29.848512500699943],[30.828242715038691,-29.848194262456321],[30.827811221711993,-29.847926688651675],[30.827544467228723,-29.847761269812761],[30.827404724226891,-29.847566136164517],[30.826804738250981,-29.846728320361933],[30.826714668871706,-29.846617254437906],[30.826576487058944,-29.846446859740521],[30.826374054887371,-29.846197235359707],[30.826302027767603,-29.845463380862753],[30.826264709449045,-29.845083155814763],[30.826184964962799,-29.844270653888923],[30.826284821707965,-29.843952474594467],[30.826585327531511,-29.843544716058855],[30.826742110572127,-29.843126027460269],[30.826739029620725,-29.842531694607644],[30.826727533772736,-29.842450526190014],[30.826657882849034,-29.841958741033078],[30.826342664435785,-29.841378319213213],[30.826027617183556,-29.840701228857593],[30.82576114611679,-29.840432355454023],[30.825412779024166,-29.840027322052293],[30.825130196470937,-29.839579411280017],[30.8251459090196,-29.839423867352608],[30.825167805036592,-29.839207110309054],[30.825217677163263,-29.838867048198903],[30.825341412337629,-29.838559306410342],[30.82566333408597,-29.837636015211338],[30.825823727505213,-29.837500175535471],[30.826008524246383,-29.837500419090667],[30.826149147067269,-29.837448938042424],[30.826349588312002,-29.837375557529032],[30.826682852460156,-29.837010804940306],[30.826823249676714,-29.836784519224604],[30.826778168457963,-29.836509688347533],[30.826790871062386,-29.8362877265583],[30.826844422858031,-29.836191128734544],[30.827218204341612,-29.836141494027935],[30.827604028437772,-29.836252987378103],[30.828129396363124,-29.836411205116192],[30.828478287991882,-29.836508326662123],[30.82865046998009,-29.83668040441977],[30.829027877332337,-29.836913612807752],[30.829462833300912,-29.837114671750911],[30.829717190467534,-29.837233813867972],[30.829869063104852,-29.837304951371241],[30.830201508956485,-29.837416368370551],[30.830558286963601,-29.837710410907793],[30.830923316470109,-29.837982981254093],[30.83124288619728,-29.838427346762749],[30.831418924340817,-29.838753378569212],[30.831467777369276,-29.839007641973666],[30.831553806913465,-29.839133062095549]]]}},
{"type":"Feature","properties":{"sde_LDR_Mi":0.0,"CAT_NAME":"Heron Stream","MAJ_CAT":"Umhlatuzana River","Id":0,"Phase":"Phase5b","OBJECTID":0,"Shape_Area":9777489.5279399995,"BlockName":"Shallcross"},"geometry":{"type":"Polygon","coordinates":[[[30.874520940171085,-29.866025419147128],[30.874691621228408,-29.86622008160645],[30.874795810102523,-29.866431233191378],[30.874885942837309,-29.866493394273053],[30.875080349880179,-29.866700494379081],[30.875253089962079,-29.866782532141528],[30.875309088841654,-29.866834922606092],[30.875531936027961,-29.867195983113163],[30.875810432135314,-29.867586781106422],[30.876080726937257,-29.867864322169002],[30.876680893314642,-29.868718966753608],[30.877018933458654,-29.869114037601594],[30.877232359646428,-29.869337952909326],[30.877374936582523,-29.869491886354133],[30.877683306357437,-29.869730770935153],[30.877830252272361,-29.869902001439971],[30.878051808991216,-29.870005305541952],[30.878437732649839,-29.870134310628519],[30.878908556111146,-29.870214109189263],[30.879154770675747,-29.870303961769562],[30.879191666309758,-29.870342484723611],[30.879225547208417,-29.870437136684327],[30.879249126038914,-29.870569583433962],[30.879232593125973,-29.870771843664542],[30.879212209973662,-29.870812761646377],[30.878994315499032,-29.871055674943872],[30.878777129104165,-29.871235117144096],[30.87857063793269,-29.871537482768463],[30.878126552151802,-29.872199031283859],[30.877718150219579,-29.873046909023046],[30.877555120672248,-29.873526888754053],[30.877479816926499,-29.873713667744841],[30.877459753690353,-29.873932150242506],[30.877446495066895,-29.873983888487015],[30.877433128452505,-29.874121876634739],[30.877302387867886,-29.87438326646906],[30.877077610809732,-29.874613411910108],[30.876874465478618,-29.874842213283625],[30.876552789893914,-29.875103503923935],[30.876504851121382,-29.875161924286658],[30.87620611673692,-29.875666446774208],[30.876181998087482,-29.875729360290219],[30.876098775542481,-29.876202974592793],[30.876098633472818,-29.876316892480965],[30.876101613875797,-29.876358628053559],[30.876109613641301,-29.876425624170782],[30.876118611401449,-29.876551617756611],[30.876132254056376,-29.876612254139999],[30.876216757802538,-29.876786583742405],[30.876377773093896,-29.877134352111888],[30.876448534761419,-29.87724254508684],[30.876496607400611,-29.877287579695356],[30.876563608195191,-29.877329578319493],[30.876622610131335,-29.877362576905369],[30.876687610775953,-29.877405574601475],[30.876726793828013,-29.877427738481792],[30.876967294852676,-29.877473898457385],[30.877028538804719,-29.877465567576426],[30.877274914207828,-29.877391787508341],[30.877673036449103,-29.87699728374816],[30.877705055852484,-29.876948793857363],[30.877980912406475,-29.876485226462847],[30.878159977332722,-29.876104925121663],[30.878378731320069,-29.875724642472566],[30.878597502038598,-29.875327083574547],[30.878916429857856,-29.875083530976287],[30.878971007762484,-29.875062387581284],[30.879464303850188,-29.874871285772002],[30.879513648465238,-29.874851168660975],[30.879552734070199,-29.874844756715103],[30.879645729942112,-29.87481578155629],[30.879807735252708,-29.874758786529764],[30.879967739747627,-29.874695792260894],[30.880093808996836,-29.874637519270443],[30.880235813349923,-29.874580523163562],[30.880309815042544,-29.874545525917025],[30.880329534691523,-29.874536207687317],[30.88063568895377,-29.87442776019175],[30.88075455683342,-29.874362225241203],[30.881246628864993,-29.87409093442368],[30.881926624051214,-29.87372929662487],[30.882293890078177,-29.873568498535484],[30.88256832693671,-29.873400924217503],[30.882629925375543,-29.873373294977437],[30.883296055698676,-29.873341791792164],[30.883798024400775,-29.873354128361086],[30.884026864634492,-29.873307913907684],[30.884530908347784,-29.873327644731646],[30.884718770243584,-29.873343195692811],[30.885164907343608,-29.87338012571491],[30.885367896553245,-29.873396927781297],[30.885579901600988,-29.873438928779471],[30.885772905465071,-29.873541926442737],[30.885882905059145,-29.873652922348473],[30.88606403427978,-29.873898054881266],[30.886130100148442,-29.873952630365224],[30.886632781589935,-29.874507606458113],[30.886792193604727,-29.874845965898476],[30.886893900847902,-29.874996869616162],[30.886941900671776,-29.87515786175052],[30.886958849631355,-29.875259863203372],[30.886975917851178,-29.875362586601863],[30.886979198092906,-29.875371002702373],[30.886959162633936,-29.875608675891804],[30.886963647327494,-29.875840425156856],[30.887091642148246,-29.87602675861309],[30.887086337852427,-29.876515072351854],[30.887050387755881,-29.876966055591566],[30.88704608415857,-29.876980994307036],[30.887019892172809,-29.877031512191827],[30.886945868513202,-29.877112753775009],[30.886830884147138,-29.87732349621955],[30.886605872206516,-29.877853468561405],[30.886494844734088,-29.877983698699328],[30.886414841550163,-29.87803169573322],[30.886372864055488,-29.878095453575479],[30.886313837940584,-29.878130687896494],[30.886082826526302,-29.87843966766091],[30.88569181286547,-29.878802642073019],[30.885495089773208,-29.879024144025365],[30.885375275110086,-29.87908064029185],[30.885140752372816,-29.879157209282678],[30.884979267777652,-29.879222104776499],[30.884850764456818,-29.879282492395351],[30.884670090474046,-29.879432071301615],[30.884532431091479,-29.879508329581984],[30.884262565287365,-29.87957078813896],[30.884172623074424,-29.879581157562892],[30.883986668190143,-29.879664589690435],[30.883812673335363,-29.879774155666041],[30.883668723298999,-29.879826274917182],[30.88344680840299,-29.879899224593316],[30.883367500144583,-29.879917571803233],[30.883278872029265,-29.879943402290806],[30.883002523423905,-29.879975253059641],[30.88296334887945,-29.879981093858689],[30.882829087021651,-29.880055400910521],[30.882733005768007,-29.880185935120725],[30.88268490663264,-29.88030083722208],[30.882714662649146,-29.88039983649233],[30.882797843428566,-29.880508812869142],[30.88286540851599,-29.880613236674289],[30.882875290416486,-29.880667140569038],[30.882897878832225,-29.880790348052209],[30.882885708962394,-29.880898748032518],[30.882899991841843,-29.880939976437357],[30.882954534139447,-29.881097413244728],[30.883285653735197,-29.881410663030287],[30.88364452029348,-29.881621624753247],[30.883968744837908,-29.881928846935537],[30.884203242315785,-29.882193861527885],[30.884400649214331,-29.882338885663231],[30.88449953201529,-29.882404534178885],[30.884496195263072,-29.882409078345109],[30.884637968162583,-29.882513230658169],[30.885010674166292,-29.88270614577155],[30.88544081745945,-29.882832793992367],[30.885925114841751,-29.882899431779531],[30.886619543656824,-29.882918199738107],[30.886895795896589,-29.882912422512955],[30.88732134904793,-29.882801330946435],[30.887659831987335,-29.882667442542591],[30.887717927889671,-29.882644461726965],[30.887727622689244,-29.882641722444056],[30.888053765090447,-29.882549439642197],[30.888695985594442,-29.882154029718286],[30.88901777164212,-29.88202025453209],[30.88908350392057,-29.881941015126738],[30.889609428578712,-29.881556932358709],[30.890686364702674,-29.881493754946924],[30.891267208034982,-29.881310239904067],[30.891657317579696,-29.881271406490804],[30.891667115758668,-29.881280828423304],[30.891670768503186,-29.881284340903147],[30.891847687353362,-29.881454465686883],[30.891998624234027,-29.882207844711289],[30.891897577604087,-29.882691737744064],[30.891628049163462,-29.883193975199944],[30.891518884345178,-29.883392127286434],[30.891368902046949,-29.883682039153548],[30.891278496091928,-29.88381703495882],[30.891023230806109,-29.8842394192462],[30.890738748957414,-29.884788912043305],[30.89046700204911,-29.885315939508637],[30.890310024170962,-29.885555827084694],[30.890108294419832,-29.885731702146842],[30.889814796783249,-29.886029513759404],[30.889594690974612,-29.886231579375494],[30.889252296253797,-29.886550634711138],[30.888946511317986,-29.88690165572023],[30.88867450004561,-29.887259411992513],[30.888384473283956,-29.887561258116673],[30.887955957795072,-29.887858846049365],[30.887699039419552,-29.88819926068318],[30.887272095699611,-29.888532780307809],[30.887008147449123,-29.888907212920142],[30.886931249229022,-29.889049271478932],[30.886818272850224,-29.889262970706842],[30.886701904284184,-29.889539636153476],[30.886677217945987,-29.889763156945993],[30.886884577295412,-29.890040104576489],[30.887348632469173,-29.890178891118264],[30.887690707757624,-29.890157897370745],[30.887871575897851,-29.890139473172692],[30.887910348335168,-29.89013544208704],[30.888162763357787,-29.890099369632591],[30.888475401057903,-29.889977002541755],[30.888807237888521,-29.889791279337341],[30.889154465954352,-29.889476026380613],[30.889372047921199,-29.889197228012684],[30.889503339567717,-29.889014793162488],[30.889707453277271,-29.888731167629832],[30.889739537842512,-29.888686584451509],[30.890265751422071,-29.888240371806937],[30.891252050262924,-29.8877143730207],[30.892106656183202,-29.887417311205795],[30.892655956375251,-29.887393044656864],[30.893071541976262,-29.887293739260155],[30.89327363858725,-29.88722415306281],[30.89353277979443,-29.88727750976313],[30.893933855900677,-29.88709813496024],[30.894676845013517,-29.886750305314532],[30.894966763318148,-29.886534637807241],[30.895237506389211,-29.886428566568309],[30.895597408805795,-29.88614889665725],[30.895884658625594,-29.886081822337971],[30.896095629212322,-29.88596091504337],[30.896450103539383,-29.885771902606393],[30.896886012104726,-29.885554383506875],[30.897138981416091,-29.885495185825711],[30.897635461476753,-29.885245751434535],[30.898279729614206,-29.884971392472298],[30.899023899546393,-29.884676492692449],[30.899759944433953,-29.884612926820342],[30.900106841473804,-29.884677329585219],[30.900527060062359,-29.885016652703079],[30.900852570058127,-29.885456684865197],[30.901104522142031,-29.885841688455084],[30.901195278221994,-29.886356834169398],[30.901202611615869,-29.886645814330141],[30.901118441667688,-29.886957975881629],[30.901164006035504,-29.887134052366612],[30.901259159314904,-29.887273630406426],[30.901192404413958,-29.887637812607721],[30.901192117771995,-29.887923351768684],[30.901078993877995,-29.888286564764851],[30.901128028145042,-29.888617840151998],[30.901000967812916,-29.889110887858031],[30.900991293323138,-29.889301253539127],[30.900924076790066,-29.889376090071941],[30.900508710630845,-29.890499560468459],[30.900521819216785,-29.890506172791241],[30.900514977544901,-29.890747667890093],[30.900501577531731,-29.890948907906115],[30.900508002814739,-29.891121413036508],[30.900507655787706,-29.891466413178154],[30.900494930432661,-29.891746588576371],[30.90063260686237,-29.892501283853878],[30.900676247111146,-29.89269728846838],[30.900756024224091,-29.892969716197666],[30.900805429464004,-29.893119223474077],[30.900812956728174,-29.893215554068057],[30.900885257181965,-29.893341827919588],[30.900942376545693,-29.893401659242485],[30.900953765822724,-29.893448169560578],[30.900885030772393,-29.893567692906139],[30.900833456057761,-29.893680586197419],[30.900615987194048,-29.89386642693886],[30.900493913902856,-29.893956015441063],[30.900310862173374,-29.894032270980052],[30.900143071511959,-29.89409525179612],[30.90009729421919,-29.894128432148182],[30.90002866516447,-29.894141665668275],[30.899940999721466,-29.894131633706891],[30.89982284856621,-29.894111613606025],[30.899704633459407,-29.894154702735396],[30.899567365101021,-29.894191133983334],[30.899365292966777,-29.894227515054485],[30.899315733826636,-29.894230798310936],[30.8990087913112,-29.894306956132777],[30.898753286452827,-29.894406404490962],[30.898234832397783,-29.894429251600361],[30.897903875980319,-29.894417900272224],[30.897872707426053,-29.894415682277227],[30.897680171277397,-29.894445425283095],[30.897523883306377,-29.894441981032557],[30.897428573350769,-29.894451870761284],[30.89739048448514,-29.894421946875649],[30.897337120152219,-29.894418583339547],[30.897203707618974,-29.894411835182321],[30.897116693678544,-29.894406350593545],[30.897117097924728,-29.894412168528117],[30.896980955076835,-29.894387172928678],[30.896967392325354,-29.89438507638674],[30.896845415836644,-29.894378336915775],[30.896746318184906,-29.894364972345542],[30.896548084811361,-29.894374779999264],[30.896414602982723,-29.894434462010992],[30.896265845338281,-29.894520703881955],[30.896183685665456,-29.894713288682844],[30.89611644614315,-29.894856942729454],[30.896076739528514,-29.894941157650859],[30.896027045357911,-29.895045318917067],[30.896034592920515,-29.895118399017818],[30.896087237025199,-29.895201144976109],[30.896091678611263,-29.895208126216204],[30.896190644555638,-29.895347709922515],[30.896339184395991,-29.89547072516083],[30.896370502951978,-29.895512154171847],[30.896401995786029,-29.895553813680269],[30.8964628699831,-29.895666794549477],[30.896489943258764,-29.895706192251499],[30.896539893426997,-29.895741620135624],[30.896605893652126,-29.895813616552999],[30.896739829424565,-29.895906790638605],[30.896790537789499,-29.896027339966036],[30.896805557396089,-29.896045722072042],[30.896914096714973,-29.896145454175258],[30.897039821596703,-29.89621530583338],[30.897157936376811,-29.896271865199349],[30.897287477106062,-29.896338398088186],[30.89741327145115,-29.896341818561886],[30.897516100509382,-29.896434902592762],[30.897649357460267,-29.896594441290119],[30.89782264500904,-29.89675068964867],[30.89800163406932,-29.896923549947509],[30.898260725446086,-29.897049970889491],[30.898390237224923,-29.897146396576922],[30.898422110522581,-29.897160313521233],[30.89845882408277,-29.897176343871173],[30.898743596994226,-29.8973006641416],[30.898947290343163,-29.897400261381129],[30.899102324402595,-29.89747700518685],[30.89927327455252,-29.897506105150164],[30.89946069555106,-29.897556919951985],[30.899599247759951,-29.897585437951555],[30.899657264349486,-29.89757169942277],[30.89977863134639,-29.897542959203886],[30.899949841378326,-29.8975217823535],[30.900055887064607,-29.897450835715503],[30.900235234376538,-29.897443870356621],[30.900406422693621,-29.89744400132949],[30.900642775589734,-29.897493901253714],[30.900080522929809,-29.89790642166502],[30.899881917498888,-29.897930302304495],[30.899862539731611,-29.897937365360495],[30.899667966339422,-29.898010408323845],[30.899642244546058,-29.898021056684129],[30.899594967079796,-29.898040628351765],[30.89945697546678,-29.898127035619815],[30.899340957063842,-29.898304779213955],[30.899258113220512,-29.898405647063075],[30.89913658828393,-29.898573773779741],[30.899004049337673,-29.898722666429748],[30.898843996400913,-29.898804249912136],[30.89865083212478,-29.898900227591714],[30.898181819315816,-29.899032038358602],[30.897790143728471,-29.899055767236415],[30.897508806652819,-29.89906516144525],[30.897210906138309,-29.899088960323237],[30.896901958243205,-29.899127169169919],[30.896664775284293,-29.899112564870681],[30.8962674334892,-29.899280472027932],[30.89616808630446,-29.899333263075764],[30.896002510148051,-29.899419645542416],[30.895791008459394,-29.899472116586892],[30.895770767814707,-29.899477138092138],[30.895766333424024,-29.899482045995374],[30.895588520883965,-29.899678856096948],[30.895588375565218,-29.899818238069169],[30.895544070207524,-29.899986422523376],[30.895461155295859,-29.900149769576412],[30.895312060013318,-29.900298644797761],[30.8951408998315,-29.900447502859929],[30.895068995663667,-29.90063008391671],[30.895101878134689,-29.900836778945049],[30.895118215594955,-29.901038655666927],[30.895195282261206,-29.901192516593298],[30.895338577054201,-29.901317593696326],[30.895454309379865,-29.901423422741029],[30.895581125361645,-29.901481198060655],[30.895718999178722,-29.901514951352521],[30.89579619843207,-29.901543850345675],[30.895873322765897,-29.901644842277314],[30.895950381068218,-29.901808316324491],[30.895950306158134,-29.901880409856354],[30.895934770364647,-29.901924565558872],[30.895906934438511,-29.902003684391595],[30.8958894464072,-29.902053387554002],[30.895756852991497,-29.902245532956954],[30.895602233627333,-29.902399210328063],[30.895535881638807,-29.902548152306512],[30.895386787904897,-29.902692222416245],[30.895259814657486,-29.902783440193371],[30.895083264030895,-29.902807331083647],[30.895061991491019,-29.902809166951389],[30.894807417433636,-29.902831142591157],[30.894708096909113,-29.902855095094033],[30.894570190597719,-29.902850178155433],[30.894272212170041,-29.902936452503486],[30.893957699892049,-29.903008294170835],[30.893775570334213,-29.903089853684016],[30.893560219334091,-29.903286736409061],[30.893485683395298,-29.903355607686752],[30.893295168951326,-29.903531642062521],[30.893140605376363,-29.903627642250292],[30.893002723762603,-29.903598692502559],[30.89293182208996,-29.903573189276301],[30.892627748548321,-29.903463812598574],[30.892599766977863,-29.903456700769492],[30.892153462444771,-29.903343269735227],[30.891932846080547,-29.903304638174379],[30.89182251687637,-29.903304547741016],[30.89146396275267,-29.903289835044919],[30.891281978041206,-29.903236816013038],[30.891203514838082,-29.903186999682781],[30.891039420816586,-29.903082816260824],[30.890707944365879,-29.902861768377687],[30.890642526283145,-29.902818143620518],[30.890306308209389,-29.902558325937378],[30.890052865754676,-29.90227454576576],[30.889556919888847,-29.901793505392657],[30.889259285812223,-29.901567361533381],[30.889258979614542,-29.901565946769736],[30.889220867579454,-29.901389498428415],[30.889220984552114,-29.901283760162347],[30.8891715557899,-29.901086662280672],[30.889144219636162,-29.900865551193824],[30.889067160633417,-29.900711686196491],[30.889039904044289,-29.9006734369013],[30.888912944566204,-29.900495274531792],[30.888764073325738,-29.90043266796614],[30.888710604893244,-29.900428629324068],[30.888571019294961,-29.900418085767036],[30.888499264987647,-29.900456475056249],[30.888429357038632,-29.900531292308756],[30.888355669210576,-29.900610154930078],[30.888256076478871,-29.900879221122779],[30.888156723502671,-29.900932005559259],[30.887980158350267,-29.900970305107464],[30.887798172428671,-29.900922088600609],[30.887610725594968,-29.900825803694485],[30.887406741072787,-29.900719891377399],[30.887114512762892,-29.900599485642914],[30.886982223870206,-29.900508053269569],[30.886949892511996,-29.900477475193146],[30.886849973864518,-29.900382977118081],[30.886640518945182,-29.900238610102601],[30.886521008338107,-29.900269263100942],[30.886397730788406,-29.900300882364046],[30.886088742309482,-29.900367903820257],[30.885994888559456,-29.900435109548308],[30.885801704032037,-29.900535874585923],[30.885663757483453,-29.900569398221922],[30.885487356246422,-29.900586219292787],[30.885115581231684,-29.900465607360896],[30.88490439093016,-29.90035740979506],[30.884701577688066,-29.900315500059047],[30.88449875202879,-29.900283408406246],[30.884397370266505,-29.90024158697231],[30.884174911100132,-29.900133378361566],[30.883921413786872,-29.900064418995132],[30.883681113133488,-29.900053107112509],[30.883519643967819,-29.899982561953877],[30.883303021027139,-29.900033831241434],[30.883170005532552,-29.900140922548641],[30.883135426751846,-29.900248101510797],[30.883061358638734,-29.900453878260432],[30.883067001273549,-29.900496659838502],[30.883100387983767,-29.900749809585662],[30.883154298814151,-29.900947122380718],[30.883328982425155,-29.901177418697468],[30.883404932097068,-29.901277549108684],[30.883572118686622,-29.90141492427696],[30.883837664425482,-29.901620999631749],[30.884024564964697,-29.901736950437503],[30.884300075398297,-29.901840113269376],[30.884488538059312,-29.901864912538727],[30.884496924752881,-29.901866016138595],[30.884693807512701,-29.901861899712493],[30.884806958133826,-29.901909170624268],[30.884880734147153,-29.901956406532356],[30.885033181553375,-29.902072326385593],[30.885111786632734,-29.90220104557357],[30.885008272088541,-29.902333894197611],[30.884850590047222,-29.90248813880708],[30.884663500083573,-29.902535147409061],[30.88455557956399,-29.90252460415898],[30.884442035246959,-29.902513511345077],[30.88425001342079,-29.902569091825804],[30.884210757743617,-29.902583407261886],[30.883851161774263,-29.902714545959249],[30.883270075324095,-29.902962758247764],[30.883187192847846,-29.903020025246395],[30.882849625717387,-29.90304077636754],[30.882764115777395,-29.903030056088006],[30.882740333629069,-29.90302525293863],[30.882705527578818,-29.903018221592468],[30.882552393395891,-29.90298728940785],[30.882369146975638,-29.90297293316176],[30.882157358073872,-29.902986937093775],[30.882018888167085,-29.902990360871453],[30.881945500032508,-29.902933032767084],[30.881941581673455,-29.902929972297258],[30.881860281813648,-29.902802162832817],[30.881754458747281,-29.902748844261431],[30.881575305594367,-29.902716748963822],[30.881502004124311,-29.902713135032936],[30.88139610695842,-29.902723684722275],[30.881290191680645,-29.902748427274499],[30.881270884673476,-29.902757950794591],[30.881139419487308,-29.902822804429082],[30.881086455766127,-29.90284049831261],[30.880988690505834,-29.902861699314748],[30.880899098850982,-29.902858070350582],[30.880838036149623,-29.902836725482491],[30.880831573742057,-29.902832437033148],[30.88073630349469,-29.902769216826503],[30.880634542000887,-29.902726545890406],[30.880500149003606,-29.902726424210851],[30.880418676788263,-29.902744091446532],[30.880308693127745,-29.902765281418656],[30.880137244482626,-29.902774118991637],[30.879825983873328,-29.902825480831432],[30.879688888932655,-29.902841494905392],[30.879558120093773,-29.902838880711968],[30.879478282437439,-29.902852716798392],[30.879363819379808,-29.902896657355807],[30.879169518278609,-29.902954433630754],[30.879070152435219,-29.903034564381144],[30.878639925432751,-29.903259718524435],[30.87840289598968,-29.903111461286166],[30.877874935468334,-29.903026976376996],[30.877474475925009,-29.902831834459903],[30.877042922308462,-29.902663544493418],[30.876722525110896,-29.902036368461179],[30.876003380955776,-29.901755940374969],[30.875810939942088,-29.901560901782187],[30.873848436392457,-29.901093521996895],[30.873314408040468,-29.900833195543107],[30.872674758718269,-29.900664777872734],[30.871343513564387,-29.899754324105118],[30.871027578202625,-29.898836390618399],[30.870804500712534,-29.898486964419988],[30.870612313619763,-29.898110595789401],[30.869224667673123,-29.897924905389758],[30.868948325578653,-29.897383635592206],[30.868725155131088,-29.897034206144223],[30.868404930915215,-29.896406920641237],[30.86768577247965,-29.896126430719917],[30.86749346221853,-29.895931470927781],[30.865813248840933,-29.895761955941452],[30.865337448467788,-29.895279561577507],[30.862900749291374,-29.895033634714917],[30.862554850613968,-29.895049928590606],[30.86196330528735,-29.894944289781133],[30.861371708365322,-29.894876837799963],[30.860933300915651,-29.894962302862989],[30.860560503148111,-29.89514330965585],[30.86033046782693,-29.89509532941458],[30.860249992708564,-29.894879048293884],[30.860287278126609,-29.894637009288537],[30.860167295628258,-29.894245439438681],[30.859806244690223,-29.893863160904605],[30.859236703976869,-29.893700248944238],[30.858830424391666,-29.893770639817816],[30.858294314579986,-29.893756524439691],[30.857450945520238,-29.893526478692699],[30.856925497829796,-29.893182204079633],[30.856422419284879,-29.89252288798335],[30.856105161615258,-29.892178836460236],[30.855579546691381,-29.891958672285433],[30.855086832279419,-29.89171944738057],[30.854859524255126,-29.8915952130953],[30.854757198360918,-29.891322999962775],[30.854906578695996,-29.890906079742695],[30.855046109763748,-29.89042825006484],[30.855248556742378,-29.889655133794466],[30.855438188862493,-29.889218548597189],[30.855607404815608,-29.888692433962717],[30.855780841032363,-29.888087557693549],[30.855937634640711,-29.887625873861143],[30.855946541701279,-29.88714612707852],[30.855898339990372,-29.886379896074114],[30.855800697033008,-29.885710278326602],[30.855686456173991,-29.885155211048087],[30.855678486582889,-29.884983349195608],[30.855782332106202,-29.884767930247254],[30.856276136948484,-29.884224267347538],[30.856479372674166,-29.883976883824978],[30.856490551644203,-29.88392400051805],[30.856527678546534,-29.883748359411321],[30.856577530382364,-29.883505479158416],[30.856689453303417,-29.883421615004],[30.857102568467784,-29.882231271550157],[30.858907503081515,-29.88101754055177],[30.860517716659754,-29.880140970191864],[30.860850933433078,-29.879949322944292],[30.861597537378515,-29.879765127615613],[30.862576526973321,-29.879885493185359],[30.863669035227861,-29.880506184649846],[30.864502210084133,-29.881115689640861],[30.865155332523351,-29.881198705798081],[30.865989599363839,-29.8810026402376],[30.866696516851874,-29.88079570011671],[30.867380367788233,-29.880494382578114],[30.867831490076188,-29.880500574129364],[30.868392981968675,-29.880489201402593],[30.868516491566112,-29.880292409111615],[30.86865450798005,-29.879475049103778],[30.86835421117539,-29.878728859426268],[30.868128303647552,-29.878228258195033],[30.868096492414178,-29.87742624484212],[30.868146276850311,-29.877090303290085],[30.868979826261647,-29.876184250994019],[30.869152986089503,-29.875827210901104],[30.869444409478646,-29.875226315248675],[30.869667778499039,-29.873895978105207],[30.869539182869772,-29.873340908459486],[30.869526560979036,-29.872517431280418],[30.869911201021313,-29.871575003388052],[30.870747816995216,-29.87054947764765],[30.87150420849111,-29.869832051365186],[30.871851065451533,-29.869257700669316],[30.871904774635897,-29.869017873802928],[30.872250248192795,-29.868695983066463],[30.872390180384393,-29.868488461951834],[30.872600164010876,-29.868109154671263],[30.872654016277046,-29.867754758493433],[30.87267662119709,-29.867512934712671],[30.872711069895775,-29.866832401039947],[30.872568828268648,-29.866444413824414],[30.872275551478268,-29.865983101140422],[30.871992345845452,-29.865705369453067],[30.872622331411215,-29.866113700749278],[30.872474021897521,-29.864255386456534],[30.872943417946008,-29.863671094064426],[30.873042121936614,-29.863212736601277],[30.873157729653393,-29.863132199906396],[30.873459666099286,-29.862215856352019],[30.873962425872119,-29.862161520962523],[30.874097125077565,-29.862718117944105],[30.874111965507019,-29.862797164018634],[30.874206816542504,-29.862880020875121],[30.874230418769823,-29.862987638966832],[30.874249236780376,-29.863124221135205],[30.874357208663536,-29.863249138182336],[30.874416143536894,-29.863316906497303],[30.874414136556439,-29.863370907213714],[30.874329189893604,-29.863724349253815],[30.874347934324771,-29.863918866393295],[30.87433683133121,-29.864000984649739],[30.874057532309433,-29.864535191228679],[30.874028802588764,-29.864725525263683],[30.874307722799895,-29.865677598831159],[30.874520940171085,-29.866025419147128]]]}},
{"type":"Feature","properties":{"sde_LDR_Mi":0.0,"CAT_NAME":"Umhlatuzana River","MAJ_CAT":"Umhlatuzana River","Id":0,"Phase":"Phase5b","OBJECTID":0,"Shape_Area":7230323.3265399998,"BlockName":"Umhlatuzana"},"geometry":{"type":"Polygon","coordinates":[[[30.910827616450163,-29.88767351176698],[30.91156116575754,-29.887746615800733],[30.912225415815342,-29.887729157955093],[30.912951228229517,-29.887789310036638],[30.913615313716797,-29.887962793131308],[30.914272569024451,-29.888118367066188],[30.914867708760887,-29.888401138329161],[30.914955461149937,-29.888468878515923],[30.915395557728687,-29.888821048773028],[30.915997399921263,-29.88909211793418],[30.916353404458508,-29.889193785232056],[30.916887439848846,-29.889313465205305],[30.917386326225063,-29.889444050438673],[30.917824522926701,-29.889527863825737],[30.918426843708936,-29.889670278762257],[30.918998820162397,-29.889905169212334],[30.919465653938346,-29.88998270747847],[30.920075105797622,-29.890000978845123],[30.920677710175969,-29.890019243831222],[30.921478964251488,-29.889960052144424],[30.921896726048868,-29.889912563555079],[30.922456165800256,-29.889839313683833],[30.922861001406364,-29.889839550982416],[30.923380371542262,-29.889893100614433],[30.923762140870405,-29.890092999438458],[30.92390705372647,-29.890379288130426],[30.924101602616499,-29.890754997377638],[30.924166200368624,-29.891118245786974],[30.924242319552597,-29.891471054093703],[30.924188607743531,-29.891790508013909],[30.92406734756473,-29.892277017940945],[30.924088761577202,-29.89250929059531],[30.924279591681152,-29.892689110650323],[30.924959313452799,-29.892842584794188],[30.925425225172692,-29.892902752243476],[30.925814849944143,-29.892829757140273],[30.926387277100385,-29.892610625651173],[30.926685883516146,-29.892517415031083],[30.927190040574533,-29.892504382737691],[30.927640621782267,-29.892637749215123],[30.928129312792333,-29.892890941483817],[30.928548752460085,-29.893332594728776],[30.92891543574531,-29.893816541699724],[30.929419308932488,-29.894216167921705],[30.929747699280639,-29.894322837712394],[30.930106664299611,-29.894402899944119],[30.930442774370075,-29.89439642183866],[30.9310003891032,-29.894416681848615],[30.931244828523006,-29.894418520196307],[30.931779587411551,-29.894350527500901],[30.932383001998506,-29.894419108428384],[30.933353178288428,-29.894338020318671],[30.934095441951118,-29.894373534018488],[30.934713944748083,-29.894358373880053],[30.935003078218106,-29.894445338529859],[30.935247213408978,-29.894918029558706],[30.935216390963475,-29.895330681009298],[30.935093863945635,-29.89580319170425],[30.935055324234884,-29.896335647428199],[30.935077895126653,-29.896868132083302],[30.935299205018399,-29.897207693653701],[30.935894926182208,-29.897394350494956],[30.936773252703851,-29.897641043082334],[30.937460638299658,-29.89784104821091],[30.937805751191654,-29.897971994740558],[30.938384762973428,-29.898160967569915],[30.938623218982613,-29.898337187480085],[30.938583030361052,-29.898726814299348],[30.938338325135415,-29.89913936650483],[30.938160544174735,-29.899430566222836],[30.938056879272235,-29.899920721395606],[30.938077168902602,-29.900336042314496],[30.938054867470221,-29.900450450601987],[30.938016511206097,-29.900710013750917],[30.937993411568609,-29.901002863247363],[30.938061971291269,-29.901315724083229],[30.938237433128709,-29.901708505358958],[30.938122531058589,-29.902214301727302],[30.938038406890218,-29.902360692108772],[30.937847278145234,-29.902593559272102],[30.937190124750526,-29.902859485362249],[30.936303731241367,-29.903211824322032],[30.935638848560266,-29.903604200475584],[30.934931598096558,-29.90401258820744],[30.934179310199486,-29.904215824679063],[30.933259703345829,-29.904342641787498],[30.932528877957768,-29.90466093761971],[30.93189461491308,-29.904926847822413],[30.931520203997465,-29.905033149426448],[30.930931985194981,-29.90499290673586],[30.930565438534362,-29.904773068769842],[30.93003098249843,-29.9043268406561],[30.929325946518112,-29.904179865943366],[30.928793524583782,-29.904126500084956],[30.928327467457024,-29.904192807681451],[30.928043510182086,-29.904280096476629],[30.927685625531506,-29.904365511183606],[30.927457879966358,-29.90444240159264],[30.927036106247815,-29.904584797933989],[30.926463118022482,-29.904617760017736],[30.925836636928882,-29.904670656170239],[30.925347582942553,-29.904836777815575],[30.92491979009225,-29.904990908944146],[30.924536168029874,-29.905098098375877],[30.924029353804631,-29.905085872516835],[30.923330950820947,-29.904834849683411],[30.922910623800188,-29.904762161481962],[30.9228873303698,-29.905248029492615],[30.922848866258317,-29.905594115094363],[30.922772161864941,-29.905993424618398],[30.922832817995104,-29.906592493341545],[30.923106736996022,-29.907105260103283],[30.923207777927232,-29.907530176794779],[30.923150106467698,-29.907711543551514],[30.923029466960855,-29.907833201658377],[30.922866141731028,-29.907934086774272],[30.922801165710027,-29.908010184307326],[30.922667286912493,-29.908186001476853],[30.922744833128,-29.908223334882003],[30.922823289324949,-29.90826110630853],[30.922974376728213,-29.908265896249215],[30.923206308358807,-29.908251336926707],[30.923247940439307,-29.908248723587981],[30.923303573879991,-29.908243478242102],[30.923387802499143,-29.908366361016153],[30.923513637923964,-29.90861466576132],[30.923513502976874,-29.908791292088935],[30.923255712549132,-29.909130074081038],[30.922987068052517,-29.909330412315335],[30.92254823929532,-29.90994596083565],[30.922361375655797,-29.910671451153704],[30.92240498945041,-29.910957897923367],[30.922525360950161,-29.911187105560902],[30.922681549394959,-29.911716679529651],[30.922859091627245,-29.912420901908597],[30.922954515662529,-29.913029602360087],[30.92288552407334,-29.913674009275464],[30.922757959387301,-29.913885170093351],[30.922615340770228,-29.914076033796537],[30.922330290831695,-29.914214303024618],[30.92200688235549,-29.914352548953374],[30.921382030249021,-29.914566993646201],[30.921168205766175,-29.914714850153544],[30.921135233536827,-29.914834172492867],[30.92118114045936,-29.915137725420731],[30.921202167120985,-29.915280456946096],[30.921638626353509,-29.915779661552268],[30.921687824633551,-29.915932448580328],[30.921626951986049,-29.916031714824786],[30.921556141894666,-29.916147185972207],[30.921276628212453,-29.916204303585605],[30.92098615087745,-29.916266187718236],[30.920843627426301,-29.916328160100402],[30.920684558496209,-29.916523785441878],[30.920649017382324,-29.9166120508314],[30.920606408706131,-29.916717868099443],[30.920427954362392,-29.917171260189281],[30.920356562673195,-29.917364551142775],[30.920292184573736,-29.917616574384198],[30.920149552117039,-29.917812208971991],[30.920016442295029,-29.917827392251084],[30.919871221951887,-29.917832077770761],[30.919660275740384,-29.917796146826333],[30.919336967438898,-29.91779117578162],[30.918832748082032,-29.917879179472351],[30.91809013955579,-29.917983741254659],[30.917435189886806,-29.918109835321925],[30.916774756699404,-29.918238309510858],[30.916382878696115,-29.918316827316676],[30.916067726678243,-29.918385845454662],[30.915563380642816,-29.918617046919923],[30.915267352253654,-29.918750520048707],[30.915023431016703,-29.918826741952213],[30.914739516623662,-29.918840242800094],[30.914487594884495,-29.918730311607504],[30.914034300598697,-29.918342169688639],[30.914007673543054,-29.918326819135139],[30.913525412639807,-29.91796889273029],[30.913200962917362,-29.91770016010566],[30.912962803829885,-29.917452965213773],[30.91279849888512,-29.917349029134762],[30.912543852082567,-29.917159106730502],[30.912416998993081,-29.916746150752331],[30.912406042056642,-29.916524115814472],[30.912483034721873,-29.916209104023888],[30.912636918581978,-29.915693648536784],[30.91278537836688,-29.915187346156451],[30.912894778546018,-29.914960564325554],[30.912870170436726,-29.914279985618645],[30.91275316817406,-29.913592027869417],[30.912433439725973,-29.912990425649166],[30.912508603613063,-29.912424336046168],[30.91223330713726,-29.912516719505909],[30.91160143949898,-29.912354010470246],[30.910677776120949,-29.911980177458954],[30.909779351843923,-29.911569764211904],[30.90947714044286,-29.911364657090793],[30.909320453089773,-29.911130404557682],[30.909318018950341,-29.910837660359682],[30.909141974094538,-29.910449691704606],[30.908797875736592,-29.91012746680434],[30.908260604003274,-29.909783154134072],[30.907751975502201,-29.90965326890068],[30.906781879315485,-29.909567457181087],[30.905261566650594,-29.909623839490958],[30.903748898638415,-29.909985544748881],[30.902017117101089,-29.910270691707186],[30.900854924410435,-29.910823570212376],[30.899868212017473,-29.911515828616619],[30.899243424783734,-29.911707941811144],[30.898605134496584,-29.911605002638201],[30.898118082233761,-29.911465587376849],[30.897857983458199,-29.911172670717363],[30.897345840355193,-29.910930783707094],[30.896422256881454,-29.910542213648899],[30.895914165887241,-29.910249965341986],[30.8954233287335,-29.909919406073325],[30.895054160893793,-29.909516629187159],[30.894206376141739,-29.90895979316171],[30.893971447908566,-29.908710796416539],[30.893827305646582,-29.908445050811714],[30.893745100005386,-29.908293494899507],[30.893460058238944,-29.907781013618767],[30.893200068532479,-29.907407591418984],[30.892881324686503,-29.906997531048646],[30.89234383351069,-29.906923915222389],[30.891856559850716,-29.907018648026838],[30.891787020547614,-29.907042817084733],[30.891268497810135,-29.90710597953634],[30.890787867744411,-29.907154266988861],[30.890546058032449,-29.907178561335328],[30.890151360640893,-29.907105053893616],[30.889763356244117,-29.906899284968826],[30.889141542724825,-29.906761386649691],[30.888730899711458,-29.906488940453279],[30.888698358777056,-29.906188171715495],[30.888719031801937,-29.905876414276701],[30.888897417810057,-29.905596110954122],[30.889219570292312,-29.905369631515256],[30.890095397454683,-29.905302313175483],[30.891044016367243,-29.905599358470923],[30.891920419304242,-29.90584831066441],[30.893870977956517,-29.905888084508092],[30.894791744687492,-29.905640589858262],[30.894770229609605,-29.905258678126305],[30.894989677458586,-29.904991526249681],[30.895494039833583,-29.904724599483167],[30.896157366033346,-29.904497399430856],[30.897007172147447,-29.903972959585392],[30.897856555446129,-29.903854278437908],[30.898185290579047,-29.90386646696567],[30.897991492130533,-29.903507750614324],[30.898062446000239,-29.903325532906919],[30.898646315882552,-29.902982277014978],[30.899123145033666,-29.902832270953834],[30.899616774919483,-29.902317089317002],[30.899831051417468,-29.901722927562936],[30.899888708713885,-29.901232901139238],[30.899999289761343,-29.900230509178712],[30.89995890082967,-29.899526359549398],[30.899991079831981,-29.89901138654599],[30.900000660184642,-29.898858074198714],[30.90006976439485,-29.898237546497629],[30.900289224830047,-29.897927422773158],[30.900642775576777,-29.897493900919933],[30.900879121529933,-29.897550902936164],[30.901074712483055,-29.89762920226238],[30.901498551499341,-29.897686344730261],[30.901702290767911,-29.897743321472387],[30.901987577826031,-29.897771946672115],[30.902313623976852,-29.897800602543498],[30.90262334576985,-29.897850554026501],[30.902924949113633,-29.897864983047629],[30.903104227557762,-29.897929041343982],[30.903332417798737,-29.897993136897529],[30.903528014284507,-29.898043000930013],[30.903691003220629,-29.898092840871794],[30.903854005956845,-29.898128474978698],[30.904057803172456,-29.898128625551159],[30.904135239165207,-29.898135784665907],[30.904396044470911,-29.898192799254002],[30.904567206971191,-29.898221335020519],[30.904730265547066,-29.898200146062266],[30.904787377061879,-29.898150469192981],[30.904925972284843,-29.898136363504253],[30.905105314333792,-29.898136495382627],[30.905349884700151,-29.898122467087191],[30.905480341906419,-29.89809415043425],[30.905618958298199,-29.898058737768803],[30.90581462285579,-29.898037570791978],[30.905936955206858,-29.897980836597569],[30.906059314700872,-29.897895690469074],[30.906183302320933,-29.897755390041009],[30.906255154861888,-29.897689851784428],[30.906418245404979,-29.89763314609592],[30.906516088719023,-29.897611908649566],[30.906695462923196,-29.897576523173555],[30.906842201743007,-29.897569525152086],[30.907005245593414,-29.89756253956309],[30.907086737543707,-29.897591008272606],[30.907400529852744,-29.897648054233603],[30.907571639217949,-29.8977334091981],[30.907685739109272,-29.897761901480063],[30.907775382696425,-29.897790376018271],[30.908011773851015,-29.897804748357448],[30.908215570432858,-29.897804891954937],[30.908525354240201,-29.897790903675766],[30.908818821205511,-29.897791110138854],[30.909161193209773,-29.897798452455163],[30.90938128718561,-29.897805708845905],[30.909585083777209,-29.897805850327796],[30.909829627152991,-29.897820224446278],[30.910082309129304,-29.897848811506655],[30.910261612505508,-29.897891552182958],[30.910473541519337,-29.897913005741515],[30.910742546759728,-29.897920292494085],[30.911036027373157,-29.897906287838779],[30.911153487481315,-29.897904514756483],[30.91115363661336,-29.897904519261765],[30.911406177744666,-29.897913690411226],[30.911517405026252,-29.897917729975873],[30.911747639985016,-29.897924357674903],[30.911925903620279,-29.89791153590355],[30.912059620414439,-29.897879270372243],[30.912200770521288,-29.897840537273922],[30.912379027657082,-29.897834186713446],[30.912637313588377,-29.897828906453494],[30.912901264028424,-29.897852083116177],[30.912913437399528,-29.897854456557866],[30.91314396324951,-29.897899414680921],[30.913426165586714,-29.89793195876392],[30.913443630928953,-29.897931970224207],[30.913611843696874,-29.897932082684921],[30.913879248354586,-29.897899903885133],[30.914124399934664,-29.897835352570794],[30.914329744895241,-29.89779553572772],[30.914485566504617,-29.897765321534692],[30.914636944156182,-29.897751563009951],[30.914770659870868,-29.897719294177229],[30.915019745747852,-29.897715486642042],[30.915257230053836,-29.897819141305099],[30.915487509860895,-29.897993580191823],[30.915715397546176,-29.898097183830615],[30.915891068999191,-29.898167648583051],[30.916033466168436,-29.898221553912503],[30.916527239926712,-29.898428785706425],[30.91690231638789,-29.898590419000307],[30.917298673937982,-29.898775769824699],[30.91766983585774,-29.899015445277989],[30.917966700437631,-29.899287429882431],[30.918053013959362,-29.899367172783105],[30.918479597131288,-29.899500944250555],[30.918530679208349,-29.899468764235365],[30.918625762882961,-29.899357090579635],[30.918901716913833,-29.898773769176483],[30.919030330542469,-29.898314502575026],[30.919065286766376,-29.897931197871895],[30.919065284683178,-29.89782898879163],[30.919410100012943,-29.895889482108263],[30.918989896240667,-29.89620457465519],[30.918556197498809,-29.897456426732983],[30.917977165557776,-29.897785871587963],[30.917602010419053,-29.897792010252207],[30.917064732644942,-29.897498957780428],[30.916321422071327,-29.897068270293328],[30.915553461426512,-29.896905249530594],[30.914932158164088,-29.896670677704837],[30.914095074453652,-29.896346203280892],[30.91394168286326,-29.896086891272976],[30.913777594767563,-29.895770526820641],[30.913209437077157,-29.895477765430527],[30.912326235458586,-29.895214628200424],[30.911607165266442,-29.895214148389783],[30.91102511384312,-29.89515408594098],[30.910374537620456,-29.895141711348199],[30.909669218367011,-29.895081559121099],[30.909429728270904,-29.894860611503059],[30.909432946642522,-29.894120811394018],[30.909280044668794,-29.893780459900359],[30.908972369608115,-29.89323723997596],[30.9089315844849,-29.892903053036068],[30.909031742800106,-29.8926813621847],[30.909229566578297,-29.892312964495815],[30.909166679576909,-29.891837431655897],[30.909043956342082,-29.891240634838368],[30.908784503254992,-29.890393124208916],[30.908593206882106,-29.889903687659913],[30.90844275977804,-29.889676832628425],[30.908203929511075,-29.889316472701704],[30.907914876338701,-29.888982351832709],[30.907646774032486,-29.888294281466447],[30.907348937519153,-29.887683049286402],[30.906979767217148,-29.887026405656272],[30.906623952341494,-29.886739732262278],[30.906158531793487,-29.886500717013764],[30.90595338110316,-29.886202214600587],[30.906186447712511,-29.885939826897758],[30.906761817099454,-29.885761220868716],[30.907501329221539,-29.88579754408914],[30.908144326338519,-29.886033395872985],[30.908459331093329,-29.886145812029287],[30.908925065718744,-29.88631201750858],[30.909546112297729,-29.886744201184243],[30.910096649299199,-29.887337697517509],[30.910471617625536,-29.887577796681907],[30.910827616450163,-29.88767351176698]]]}},
{"type":"Feature","properties":{"sde_LDR_Mi":0.0,"CAT_NAME":"Umlaas River","MAJ_CAT":"Umlaas River","Id":0,"Phase":"Phase5b","OBJECTID":0,"Shape_Area":20366738.608600002,"BlockName":"Welbedagt"},"geometry":{"type":"Polygon","coordinates":[[[30.866242905813678,-29.92290735890067],[30.866303952356816,-29.923771758730954],[30.866315640099973,-29.923827952548884],[30.866242905813678,-29.92290735890067],[30.866473120100121,-29.92280894491282],[30.866694842670185,-29.922822045678629],[30.866884424465397,-29.922928532941285],[30.867211391363167,-29.92345997843303],[30.867794059445533,-29.924407022735018],[30.868296263495967,-29.924723011931711],[30.869086923224657,-29.924897638702838],[30.869752066058652,-29.924969121042167],[30.870178769715903,-29.925225734489235],[30.87066073686249,-29.925343448210576],[30.871089675508035,-29.925448208790655],[30.871692137914874,-29.925735217199527],[30.872250909556673,-29.925907611455894],[30.872623594403144,-29.925888877086656],[30.873105884705815,-29.925870247195135],[30.873210356038143,-29.925706480318873],[30.873372978704676,-29.925700198390143],[30.874067590205421,-29.925855386742079],[30.874721960505834,-29.92600158149023],[30.874917281477643,-29.926126613023769],[30.874990827098422,-29.926422853062036],[30.874931340170491,-29.926706090503554],[30.874790496244355,-29.927027881571657],[30.874826971364751,-29.927414226320643],[30.874966930497944,-29.927800668665192],[30.875448648158589,-29.928125653667145],[30.876369112115061,-29.9283270145859],[30.877256779313619,-29.928461506841813],[30.877815784494899,-29.928462026080226],[30.878166334870407,-29.928624655197606],[30.878462310920014,-29.928963250570852],[30.87881606740175,-29.929379733350686],[30.879260938376294,-29.929857268608043],[30.87947941123214,-29.930478045376951],[30.879763665580089,-29.931089333727673],[30.879664854120218,-29.931222906391234],[30.87925922115199,-29.931279819188983],[30.878770368373623,-29.931374474630381],[30.878739001005393,-29.931384200271111],[30.87821511340254,-29.931415849470305],[30.877787078996526,-29.931498997512278],[30.877499300869719,-29.931524435338336],[30.877270514949799,-29.931575634584203],[30.8770860610407,-29.931575462740415],[30.876849912233649,-29.931613801107343],[30.876628583442987,-29.931600740889323],[30.876215439572221,-29.931574648154868],[30.875957132634468,-29.931632242938054],[30.875639808151337,-29.931683356015462],[30.875315128355258,-29.931715180897442],[30.875079019948675,-29.931721384022843],[30.874946212015885,-29.931721258112237],[30.874747002330778,-29.931721068997579],[30.874525681651789,-29.931701579717117],[30.874341267901109,-29.931669270864923],[30.874112585207051,-29.931636921142065],[30.87383959434969,-29.931636660182967],[30.873581294023644,-29.931687824223438],[30.87324917880542,-29.93176462282214],[30.873071988161783,-29.931854422563934],[30.872909538320542,-29.931957089007891],[30.872702784917632,-29.932085418489411],[30.87249600767138,-29.932233026440098],[30.872422061306288,-29.932361483302923],[30.872362896887296,-29.93247067506395],[30.872244664903391,-29.932611942768659],[30.872155896542246,-29.932791797126608],[30.871986089171962,-29.932875175909448],[30.87171297955075,-29.932964880626706],[30.871580105234028,-29.933016162171288],[30.87140292740521,-29.933093106929604],[30.871240472576641,-29.933195771835937],[30.871151784687122,-29.933311359734923],[30.871026154902502,-29.933465471820149],[30.870929996759966,-29.933651745282997],[30.870833830592726,-29.933844443098078],[30.87070069582267,-29.934094943777264],[30.870560300143183,-29.934255467551502],[30.87039037362316,-29.9344288132142],[30.870242514355287,-29.934653594027736],[30.870109444429527,-29.934852682689399],[30.870020661876964,-29.935038961609596],[30.869994093182882,-29.935142539608993],[30.869976165714807,-29.935212430878522],[30.869880103638856,-29.935321585621189],[30.869688215866237,-29.935359954796006],[30.869555319933145,-29.935424088075749],[30.869341293938998,-29.935462434835898],[30.869329825534194,-29.93546841237595],[30.86903152360939,-29.935601353984286],[30.869016217201469,-29.935399846754851],[30.86894885089167,-29.935036514582556],[30.868913831604107,-29.934391561842965],[30.868929522808322,-29.933968321221329],[30.868929510877287,-29.933517268865288],[30.868804888193925,-29.932977969605183],[30.868759947122328,-29.932453857532899],[30.868671780559925,-29.931774539072787],[30.8683767629852,-29.931467737273504],[30.868472804525094,-29.931115920031949],[30.868468849226996,-29.930820764112934],[30.867941541643994,-29.93063976739241],[30.867354670897072,-29.930785738443223],[30.867101663885723,-29.930848667478511],[30.866319594060084,-29.931635837874357],[30.866259603953377,-29.931920096937983],[30.866182039612859,-29.932287630059484],[30.866122210732932,-29.932509788546646],[30.866044673811373,-29.932797699198623],[30.866071988088596,-29.932893823136716],[30.866156360521494,-29.933190741146642],[30.866236064839693,-29.933787414174255],[30.866236060685999,-29.933919074905941],[30.866283953137607,-29.934187104709864],[30.866394181159208,-29.93436833345681],[30.866572538304091,-29.934627851935499],[30.866597220443698,-29.934830727838239],[30.866684341055382,-29.934993821410014],[30.866792202720834,-29.935196781359547],[30.866933321988338,-29.935410642039383],[30.866982935834908,-29.935631654542011],[30.866911968238444,-29.935830811390435],[30.866603924586702,-29.93604059629962],[30.866545471818288,-29.936210786824518],[30.866378789306395,-29.936453314316672],[30.866124760327804,-29.936699375324149],[30.865721035606541,-29.936923550587448],[30.865446317417224,-29.937089897705484],[30.865091514197296,-29.937214173346518],[30.864366640189584,-29.937754677412297],[30.86411309768237,-29.938397738720376],[30.86385473613964,-29.938611585084374],[30.863717481691982,-29.93872519022737],[30.863417968952263,-29.93899196727055],[30.863325960725401,-29.939021758161687],[30.862803510425113,-29.939103867507342],[30.862715207450464,-29.939123638673664],[30.862573239998554,-29.939082393280291],[30.862419201452706,-29.939037640695403],[30.861990194244839,-29.938864645286966],[30.861536188470687,-29.93853866093496],[30.861412018316425,-29.93842814261323],[30.861050532527354,-29.937987487844076],[30.860897995974042,-29.937862785022581],[30.860553417101915,-29.937581081411828],[30.859897291189604,-29.937643427983613],[30.859733478639068,-29.937761473134323],[30.859313046796768,-29.938064438777943],[30.85888246567367,-29.93859988904558],[30.858523799409838,-29.939466421945088],[30.858439927312709,-29.939780832390952],[30.858355844723079,-29.940096029837463],[30.858147905307344,-29.940637061098197],[30.857914672577024,-29.941160529887785],[30.857789466135198,-29.941382369800436],[30.857709418056867,-29.941524197850537],[30.857632642631749,-29.941660227031676],[30.857453856721122,-29.942225036746841],[30.857321357617707,-29.942539894697571],[30.857034616369834,-29.94321919189397],[30.85681442027137,-29.943855517154589],[30.856568792051604,-29.944237187509035],[30.856572626971737,-29.944548000590657],[30.856805179419652,-29.94532989306331],[30.856813367400395,-29.945357422624856],[30.856919883375916,-29.945836030585188],[30.856791700127332,-29.946442757228638],[30.856480522123153,-29.94676724206548],[30.856226408156374,-29.946823723674701],[30.856066564554187,-29.946859251639943],[30.855524761427699,-29.946823572798372],[30.855095049253926,-29.946713911868741],[30.854654787773406,-29.946616945218338],[30.854015040285599,-29.946496920183538],[30.85372363701568,-29.946266783457574],[30.853676290790119,-29.946229240608073],[30.853254328454813,-29.946117897957656],[30.852885918386701,-29.946041625760238],[30.852524027206886,-29.946087900344828],[30.852182445500603,-29.945994150658162],[30.851991239986042,-29.945887881148231],[30.851740585147507,-29.9457485697225],[30.851439216345927,-29.945649028422217],[30.851151275140637,-29.94553199593193],[30.85058871898838,-29.945350448463394],[30.849952502948753,-29.945139651190591],[30.849334619905314,-29.945049726306973],[30.84892069138974,-29.944866522548431],[30.848506737511254,-29.944778089149306],[30.848092781164091,-29.944685143978745],[30.84795907340591,-29.944662239765147],[30.847575822905391,-29.944596587930942],[30.846953923538759,-29.944595861343121],[30.846124090506795,-29.94459488729191],[30.845607129102721,-29.944594277870806],[30.844777305289707,-29.944412876373036],[30.844673454823067,-29.94440319381334],[30.844470896066721,-29.944383881043255],[30.844279325252135,-29.944340738570585],[30.844032963833929,-29.944321373368208],[30.843721017500833,-29.944225634359483],[30.843409153932871,-29.944077441487131],[30.843048125561804,-29.943857662213702],[30.842796500213165,-29.943704771132253],[30.842775804415364,-29.94369171620307],[30.842599583746502,-29.94358055576523],[30.842501510518613,-29.943422360125226],[30.841982639747368,-29.942878222499719],[30.841570609125625,-29.942246256940795],[30.841105922608349,-29.941648736145702],[30.840755589480331,-29.941304521577589],[30.840451998747124,-29.940983863885759],[30.840379036033205,-29.94090679901554],[30.839836153718888,-29.940302599639974],[30.839354360965075,-29.93988945101426],[30.838872730654845,-29.939384638762331],[30.83849856935089,-29.938982402491405],[30.838303562572381,-29.938772761789185],[30.838109509966792,-29.938440771624617],[30.837892441308522,-29.938069402051116],[30.837665141975844,-29.937603099702763],[30.837525547669323,-29.93714454467251],[30.837587623071485,-29.936732078492557],[30.837692866140394,-29.93657579704287],[30.837711574316465,-29.936566640304711],[30.837839604600653,-29.936229868700117],[30.837921750659898,-29.936235911337054],[30.838694211310035,-29.935885439569205],[30.839141926312795,-29.935656800025402],[30.839716595764131,-29.935390301425198],[30.840168969806996,-29.935169118086797],[30.840736412017169,-29.934874500673185],[30.840827337241734,-29.934827290667585],[30.841423897413502,-29.934572390171194],[30.841988277724116,-29.934365377799534],[30.842619362574116,-29.934130235195227],[30.842671977139734,-29.934110625595888],[30.843148864280831,-29.934131169182624],[30.843551026805795,-29.934314730663292],[30.84398270526583,-29.934619451936289],[30.8450003655717,-29.934864305099808],[30.845463275574289,-29.93502861376507],[30.845930885327046,-29.93511703893958],[30.846553615330951,-29.935127923896641],[30.846967588537929,-29.935038208696287],[30.847389500192516,-29.934915057777445],[30.847784202492686,-29.934703828314372],[30.848357962469262,-29.934353010677974],[30.848890495063237,-29.933954232565945],[30.849271883303118,-29.933447415902332],[30.849418041811646,-29.932880468617057],[30.849481235399267,-29.932772186120403],[30.849734165771228,-29.932338786110403],[30.85018586629565,-29.931253167028572],[30.850355124976055,-29.930549223868638],[30.850090381377782,-29.929628819063339],[30.850057212702346,-29.929469051371196],[30.849907468603167,-29.92874773672138],[30.849760397326722,-29.92853359048237],[30.849896414775003,-29.927934610330965],[30.850237406886862,-29.92716111798682],[30.850502656249905,-29.926382181385197],[30.850661166726184,-29.925795714012832],[30.850674256280445,-29.925624345098971],[30.850711285922703,-29.925139574186606],[30.850767135120346,-29.924889350111364],[30.850761351568753,-29.9246879520562],[30.850690850588585,-29.924478834862679],[30.850356765062699,-29.924107511058832],[30.850269500177856,-29.924040823397469],[30.850075132130769,-29.923823312323428],[30.849886579556156,-29.923677421840786],[30.84941351196877,-29.92341362462993],[30.849444712942983,-29.923364770628027],[30.849186344312226,-29.92328694785208],[30.848747770407222,-29.923042381680915],[30.84833381980711,-29.922951691431749],[30.848188313454212,-29.922986326781057],[30.847193054482325,-29.923223226545272],[30.84697474407832,-29.923303845671384],[30.846431866006064,-29.923471494944721],[30.84622454868126,-29.923592832537683],[30.845978863118543,-29.923606438612797],[30.84557031648097,-29.923895604595803],[30.845023854122335,-29.924128907179252],[30.844122854118901,-29.924663128611058],[30.843322054227443,-29.925335128094826],[30.842911357404684,-29.926008620908476],[30.842227502404263,-29.926721429210875],[30.841478259239189,-29.927205087254599],[30.841007243268901,-29.927636218341082],[30.840910278695855,-29.928182336054427],[30.840585841369407,-29.928662100372605],[30.840300532927838,-29.928928411060859],[30.840033974784088,-29.92904467275244],[30.839905185710165,-29.929017397974611],[30.839779922559966,-29.929011503018117],[30.839601959558152,-29.928976828787928],[30.83946362887708,-29.928896259161156],[30.839326332453268,-29.928805929007513],[30.839098697730542,-29.928372227109925],[30.838900398938748,-29.927994414927369],[30.838599724207235,-29.927784169959573],[30.838383444240886,-29.927632936222928],[30.837761547682188,-29.927273581660707],[30.837347594899651,-29.927185112778236],[30.836866309869841,-29.927040832755807],[30.836011462624889,-29.927145488639866],[30.835373934962441,-29.927334108789495],[30.834761883840493,-29.927408224619615],[30.83422564394219,-29.927508865200345],[30.833416289716929,-29.927622370524592],[30.833319914922757,-29.927633767888601],[30.83238439869853,-29.927744398347375],[30.832302188538247,-29.927740505755434],[30.832272844744011,-29.927621551701307],[30.832157402609727,-29.92754075590447],[30.832084560859933,-29.927654772246935],[30.832037786502312,-29.927727986159741],[30.831857272339274,-29.927719438337121],[30.831338362899597,-29.927808980353436],[30.831070269996484,-29.927847524013494],[30.830716492420962,-29.927898322031339],[30.830356178085268,-29.928056581977017],[30.830074430907825,-29.928263382908128],[30.829587919669795,-29.928267713652655],[30.829385884134325,-29.928298106007929],[30.828715138926302,-29.928461561009421],[30.828266756896639,-29.928570825214571],[30.827574021523599,-29.92870489641113],[30.826779911310094,-29.928653231931886],[30.826077731920488,-29.928648084933513],[30.825666106948038,-29.928664450852551],[30.825041417663634,-29.928655114883817],[30.824683327724962,-29.928646355912203],[30.824282823451405,-29.92844808368314],[30.824086803652669,-29.928351042084365],[30.823403575568708,-29.928012799233123],[30.823376457453499,-29.927998182942364],[30.823303119036641,-29.927958653798051],[30.822949940396274,-29.927768292468286],[30.822537242509487,-29.927595919227727],[30.822443275034288,-29.927556671825659],[30.821944695769588,-29.927055017386184],[30.821551833115343,-29.926685342193522],[30.821272488139378,-29.926315820296381],[30.82112141819885,-29.926157411210987],[30.820985719821437,-29.925867185327107],[30.820955979777764,-29.92557051029884],[30.821032174805069,-29.925280572556499],[30.821074823899519,-29.92499899748119],[30.821036728469203,-29.924360790139165],[30.821266355264044,-29.923979349142577],[30.82167239191994,-29.923706406582784],[30.822131675139119,-29.922920731319113],[30.822655932342386,-29.922374450490356],[30.823153798541181,-29.921953484149391],[30.82409898751288,-29.921484724632457],[30.824514873805114,-29.92121465060157],[30.824980799370959,-29.920776487845174],[30.825373832872089,-29.920446538323592],[30.82546098431138,-29.920408081726045],[30.825733933687271,-29.920245314852927],[30.826163530623294,-29.919995285118702],[30.826210591618644,-29.919967893503244],[30.82681284026766,-29.919686079171953],[30.827152171518211,-29.919538840325437],[30.827284133168483,-29.919481580370761],[30.828692709098334,-29.918872650128833],[30.829387220290698,-29.918512544408799],[30.830009152070652,-29.918152510492924],[30.830631068331002,-29.917704520130314],[30.83114997942624,-29.91743455935525],[30.831979836022708,-29.917074784317492],[30.832393805489708,-29.916802428481301],[30.833015731153548,-29.916354426743055],[30.833451309640928,-29.916051624474463],[30.834114137684672,-29.915449411884424],[30.834196923666202,-29.914844806739683],[30.834192405833861,-29.914134058592687],[30.834231186814552,-29.913663565952771],[30.834248985908989,-29.913285016459589],[30.833851414428871,-29.912471900194475],[30.833748496890145,-29.912022956355869],[30.833645505839087,-29.911389097322161],[30.833788213908747,-29.910939957024166],[30.833693776749637,-29.910367299039304],[30.833445669611535,-29.910015835732889],[30.83338711537116,-29.909932888609621],[30.833210962279704,-29.909872050295625],[30.832974272129807,-29.909772898194156],[30.83284295695444,-29.909608225050331],[30.832571941451583,-29.909340840672435],[30.832349865673983,-29.909035818198287],[30.832006014580866,-29.90866138028365],[30.831665132101662,-29.908363517947638],[30.831593245132332,-29.908300703940832],[30.831190890331371,-29.908050854324259],[30.830852260391307,-29.907727209478569],[30.830460603953249,-29.907421963988863],[30.830005337895486,-29.90712586900387],[30.829801446267492,-29.9069888023324],[30.829592439265941,-29.906848296120067],[30.829506205418333,-29.906600708098239],[30.829402589916775,-29.906303213508789],[30.829208353357281,-29.906190028720264],[30.829182186204704,-29.906174780457551],[30.828892291672204,-29.906005853058041],[30.828592454277221,-29.905840006394655],[30.828110357035275,-29.905583551015283],[30.827343351942009,-29.905300813022542],[30.827095159991739,-29.905223613572279],[30.826793253274349,-29.905129705495582],[30.82607305885854,-29.905059004244212],[30.825061252739459,-29.905336043971076],[30.82464727263028,-29.905515910956151],[30.824279218238093,-29.905562950458449],[30.823852080527598,-29.905653706249598],[30.823280233314076,-29.905885714465494],[30.822705597043612,-29.906246915284676],[30.822222643681812,-29.906806489540887],[30.822008154974757,-29.907361972883265],[30.821964954749919,-29.907926599776147],[30.821992917787671,-29.908053035851143],[30.821910232761674,-29.908499005956731],[30.821615022199428,-29.908968153722761],[30.821580372050043,-29.909463213678439],[30.821505751734183,-29.910281755179511],[30.821454457515962,-29.910644436004926],[30.821262220157607,-29.911158889336601],[30.821025257832375,-29.911511513029549],[30.820808517328345,-29.911872177243527],[30.820726736029169,-29.912135721274613],[30.820337469648006,-29.912579860595578],[30.819846965641151,-29.912774646041907],[30.81941763860474,-29.912918987248194],[30.819040132647157,-29.912817622810998],[30.81838586297993,-29.912718837610086],[30.81813062290983,-29.912850709599574],[30.817876999193992,-29.913075852899713],[30.817584238481412,-29.913163682591147],[30.817242551129169,-29.912992710037454],[30.816965884883732,-29.91283438401981],[30.816381523883418,-29.912382578435292],[30.816039283490515,-29.912091763551462],[30.815721072034155,-29.911605869491122],[30.81562535109137,-29.911459706998603],[30.815470730204559,-29.911294185991377],[30.815165119182282,-29.91088450588229],[30.815018530683297,-29.910631631626778],[30.814872002154878,-29.910346728851419],[30.814802763830109,-29.910236311557881],[30.814721218363943,-29.910154346514563],[30.814562846081479,-29.91006780316701],[30.814460052265787,-29.910011630776214],[30.814333673138172,-29.909876221760303],[30.814219383718434,-29.909829797528324],[30.814060253843792,-29.9097334879784],[30.813937953813699,-29.909601643045871],[30.8138605010441,-29.909516124595971],[30.813750429491467,-29.909398531605042],[30.813599649281162,-29.909206147973634],[30.813449022176471,-29.908931913927383],[30.813298362709336,-29.908675473232211],[30.813204950575511,-29.908387085003579],[30.813184918532581,-29.908177092400745],[30.813201689190858,-29.907945799619348],[30.813328661565102,-29.907760926148271],[30.813235462623744,-29.907358659284949],[30.813175775818475,-29.907298156871185],[30.812947045680307,-29.906940115962385],[30.812895426802687,-29.906943489514859],[30.812833760049038,-29.906778906354155],[30.812576836692852,-29.906396348381669],[30.812274791262784,-29.905940926980492],[30.812035671778908,-29.905716064637563],[30.811904449272344,-29.90556789358461],[30.81177293484923,-29.905201971055199],[30.811828382039838,-29.905192636000837],[30.811901239674281,-29.905135779868068],[30.812229019477787,-29.905026478819874],[30.812439537174388,-29.904741381359795],[30.812355955611856,-29.904521726346967],[30.812125527928245,-29.904042634986727],[30.812315248608279,-29.903833788482967],[30.812651422909244,-29.903724498293645],[30.812920717306483,-29.903446801337289],[30.813198054426067,-29.90335937990308],[30.813274029176874,-29.90315458702716],[30.813324751597126,-29.902979029859807],[30.813325297294199,-29.902686315691632],[30.813284008480249,-29.902565692555051],[30.81325908177158,-29.902254247797885],[30.813369729257158,-29.901681562687607],[30.813713141176578,-29.901156943154255],[30.814193477800639,-29.900656384015889],[30.814618689458584,-29.900334758707231],[30.815093307600804,-29.899925415132582],[30.815170000962272,-29.899820306079686],[30.81551501591035,-29.899462213027149],[30.8159105155163,-29.899052964357004],[30.816327737609527,-29.898505027284912],[30.817184493757509,-29.897374854169691],[30.817990985675323,-29.896760163933109],[30.818863289317076,-29.896102595884003],[30.81971883633415,-29.895616851781956],[30.820113657869943,-29.895416895881279],[30.820184275373151,-29.895193924238324],[30.820312444799022,-29.894956665133417],[30.820423026575998,-29.894393520621819],[30.820643023916634,-29.893916451133126],[30.820731739883211,-29.893324634410472],[30.821090353429209,-29.893129777359029],[30.821871357410352,-29.892951820792689],[30.822775983294651,-29.892571143927267],[30.823365802166176,-29.89207069751221],[30.824119653197233,-29.891749480532336],[30.824640353898122,-29.891606962920093],[30.825046195692369,-29.891362257895114],[30.825476997036635,-29.890927821378636],[30.825669238630621,-29.890641654085911],[30.825991517277746,-29.890397427850655],[30.826573911949602,-29.89021321410295],[30.826916431775942,-29.890142058494273],[30.827224598359049,-29.890136495269754],[30.827449093846042,-29.890145627890359],[30.827753357448888,-29.890264408996153],[30.828310480352833,-29.890536225782512],[30.829113876419864,-29.89074810939335],[30.83064188327495,-29.891151082212772],[30.830857486924266,-29.891369949267609],[30.830969153426981,-29.891453990021482],[30.832953834510171,-29.891540445735355],[30.834837623454472,-29.892271873203121],[30.836611270184985,-29.892498895051627],[30.837734085043689,-29.892667359911965],[30.838346946929182,-29.892829807582324],[30.838886301579954,-29.893040305338978],[30.839423955328591,-29.89379070824566],[30.841258816810718,-29.893921416672352],[30.841786702449959,-29.89400594544486],[30.841900509761903,-29.893923811737199],[30.843274774619637,-29.89365899058879],[30.843964906663139,-29.892277525859917],[30.844891412003417,-29.891928616214113],[30.845887213130048,-29.890886876605592],[30.8458626454821,-29.890674006839394],[30.845832869150613,-29.890416004514901],[30.845425022036427,-29.890119901692255],[30.845236782907236,-29.889740253300662],[30.844718914198523,-29.889364361572806],[30.84444129123882,-29.889043857691625],[30.844228206147235,-29.888678418696493],[30.844121758875666,-29.888434834571449],[30.843948904174756,-29.888620804339308],[30.843809108193884,-29.888685083807008],[30.843762123528304,-29.888848655827267],[30.843164601593788,-29.888996624190355],[30.842424561363387,-29.889296485200791],[30.841333503604272,-29.889240306895477],[30.840711632554619,-29.889172160515578],[30.839382335672799,-29.888489077800422],[30.838142420643358,-29.888299544177979],[30.836954381986221,-29.887671556999624],[30.83627138269819,-29.887209266188329],[30.835180528366514,-29.887010583407964],[30.834474081660904,-29.886866488277409],[30.83389930250307,-29.886607986502643],[30.832996101172128,-29.886191535047598],[30.832158332686006,-29.885961334749805],[30.831023570302641,-29.885563356363363],[30.830237094333693,-29.88502800651781],[30.829679282013817,-29.884468765352256],[30.829335239628818,-29.883838192997562],[30.829357725343275,-29.883554368202045],[30.829578751030461,-29.882863480204804],[30.830109287201545,-29.882865357708003],[30.830798484382992,-29.882660974209028],[30.831817474813693,-29.882604992429446],[30.832705089679568,-29.882491551926559],[30.833297157391797,-29.88222020040979],[30.833935899115467,-29.881644823442738],[30.834253163867025,-29.881325381453841],[30.835116420693506,-29.881025719827665],[30.836133102672573,-29.880874941851776],[30.837108202995353,-29.880847506839157],[30.83767803636535,-29.880762282374729],[30.837847794854572,-29.880795906962579],[30.838077732442198,-29.880877342176603],[30.838598134051633,-29.880873205967017],[30.838842698981754,-29.880855133959106],[30.839233638986066,-29.880826244680218],[30.839628180115824,-29.880740798131768],[30.840143278282277,-29.880626854289819],[30.840795123415653,-29.880637189665709],[30.84136475607875,-29.880676065222914],[30.84191778254684,-29.880824713526899],[30.842361464161772,-29.880839565352485],[30.842816898976739,-29.880865488124392],[30.843785745763345,-29.880843019127326],[30.844886957790262,-29.880817471733508],[30.845144215978102,-29.880820588120308],[30.845497348323377,-29.8809427313738],[30.845751373409602,-29.881394143174788],[30.846062731598462,-29.881967350688306],[30.84639902934283,-29.882354412191326],[30.846858856771188,-29.882562602518302],[30.847299148585112,-29.882668921450023],[30.849296035646461,-29.882454835119912],[30.849962375284669,-29.882527864765525],[30.850636481167065,-29.882874148650998],[30.850835138073926,-29.883032592645346],[30.851409770925891,-29.883405589459375],[30.851672544022424,-29.883520453855624],[30.851992900020441,-29.883592419034827],[30.852124540666509,-29.883477997840409],[30.852420667750895,-29.883263512884003],[30.85271185288661,-29.883056182286527],[30.853276768990462,-29.882487366789345],[30.853669779181622,-29.882189681260407],[30.853879805493598,-29.882269820236175],[30.854164698540291,-29.882241493178036],[30.854701575193662,-29.88221344318627],[30.855128762311072,-29.882275970943205],[30.855741924215774,-29.882529648752897],[30.856174303528814,-29.882792674202818],[30.856498658221565,-29.883211843726521],[30.856577530027604,-29.883505479955939],[30.856527678761218,-29.883748359561551],[30.856479372674166,-29.883976883824978],[30.856276136948484,-29.884224267347538],[30.855782332106202,-29.884767930247254],[30.855678486582889,-29.884983349195608],[30.855686456173991,-29.885155211048087],[30.855800697033008,-29.885710278326602],[30.855898339990372,-29.886379896074114],[30.855946541701279,-29.88714612707852],[30.855937634640711,-29.887625873861143],[30.855780841032363,-29.888087557693549],[30.855607404815608,-29.888692433962717],[30.855438188862493,-29.889218548597189],[30.855248556742378,-29.889655133794466],[30.855046109763748,-29.89042825006484],[30.854906578695996,-29.890906079742695],[30.854757198360918,-29.891322999962775],[30.854859524255126,-29.8915952130953],[30.855086832279419,-29.89171944738057],[30.854703466963407,-29.891633099285091],[30.854485102299723,-29.891481871427558],[30.854160378022982,-29.891530721739795],[30.854057443359654,-29.891585693606295],[30.853961711773554,-29.891636818569857],[30.853824420336199,-29.891863416964863],[30.853762047524821,-29.89237055272141],[30.853728725375639,-29.892838961937375],[30.853791702091709,-29.893256435788825],[30.853989977526069,-29.893757261537598],[30.853957568630495,-29.894069128813115],[30.853836879655251,-29.894399222854506],[30.853484650748936,-29.894745156668023],[30.85332671305861,-29.8950373697446],[30.853595962828976,-29.895330224925708],[30.853695469213257,-29.895438454565415],[30.85387362507862,-29.895688391975888],[30.853925564384785,-29.895821480317469],[30.853969144670216,-29.895933149366048],[30.853898414239179,-29.896128526498043],[30.853801682386123,-29.896395725479749],[30.853673210977632,-29.896929329214139],[30.853483185514218,-29.897323474422983],[30.853336573821732,-29.897656942996168],[30.853353486044853,-29.898049632734434],[30.853558468904552,-29.898372084407789],[30.853869560642977,-29.898711306293958],[30.85463277978749,-29.899735747530194],[30.855124910927046,-29.900404605136359],[30.855535501541247,-29.900631805552734],[30.856048558014514,-29.901044096904137],[30.856472363234722,-29.901611433973606],[30.856512848436338,-29.902035142666804],[30.85649868063793,-29.902363318162415],[30.856705660150411,-29.902260908917565],[30.856967022700857,-29.902183218243024],[30.857352277934204,-29.902194778138931],[30.857823214497472,-29.902376686627644],[30.858261305677019,-29.90253946340221],[30.858525474969777,-29.902808250179746],[30.859246925469886,-29.902970150487562],[30.859385657353556,-29.903126671753235],[30.859509504337268,-29.903266398912248],[30.859431939697402,-29.903877347989592],[30.859310433755507,-29.904564629055383],[30.859342490397712,-29.905147052727024],[30.859367353163478,-29.905506938578011],[30.859474224174331,-29.905808202626382],[30.859658136517304,-29.9060061238205],[30.859780598051003,-29.906137912836478],[30.859955378801832,-29.906534314235444],[30.860034682758677,-29.906788872439623],[30.860365456239165,-29.907155327778668],[30.860644307809352,-29.907580480440991],[30.86086178377721,-29.907965137186839],[30.860933576627708,-29.908397085402619],[30.860871997290094,-29.908635867160957],[30.860651988268163,-29.909101051968641],[30.860343637903753,-29.910179577724005],[30.860068771770376,-29.910818959547584],[30.860133751729396,-29.911372775337494],[30.860146932168334,-29.911580107421898],[30.860165921874607,-29.911878819474786],[30.860272394583081,-29.912149838615601],[30.861066100650064,-29.912747386996344],[30.861236733628182,-29.913183164813635],[30.861201906876804,-29.913600825017596],[30.860797253291974,-29.913982292761826],[30.860433644207511,-29.914399605260101],[30.86022080697817,-29.91475740564789],[30.859919206908458,-29.914912230142971],[30.859754514953082,-29.91512687056964],[30.859610605611707,-29.915174454219905],[30.858754131102629,-29.915364486756086],[30.858445677281289,-29.915519300517275],[30.858300557138911,-29.915584544706341],[30.858025736151287,-29.915794528076596],[30.857737611818202,-29.916102119684211],[30.857515171703401,-29.916459905224393],[30.857350523076573,-29.916638740061888],[30.857161728441437,-29.916703319182332],[30.857895858364145,-29.916818680518404],[30.858476474352535,-29.916991157216351],[30.859111715830213,-29.917287805287287],[30.859404163718779,-29.917533928638292],[30.859571244336809,-29.917842041745946],[30.859647413351958,-29.918233564168386],[30.859664330495605,-29.918756453732893],[30.859739422564253,-29.919389507106899],[30.85997733918493,-29.919719143439732],[30.86051968567925,-29.919841446895237],[30.860914352865624,-29.919763098147001],[30.861530918172463,-29.91971362345388],[30.861974725905654,-29.919764212312842],[30.862566276843349,-29.919972484976373],[30.863280914727063,-29.920338413887485],[30.864160055541745,-29.920632903382618],[30.865030624136306,-29.921192317099607],[30.865843623296584,-29.921780308518866],[30.866211350694019,-29.922460550866667],[30.866242905813678,-29.92290735890067]]]}},
{"type":"Feature","properties":{"sde_LDR_Mi":0.0,"CAT_NAME":"Isipingo River","MAJ_CAT":"Isipingo River","Id":0,"Phase":"Phase5a","OBJECTID":0,"Shape_Area":29064241.905900002,"BlockName":"Isipingo"},"geometry":{"type":"Polygon","coordinates":[[[30.960171865323179,-29.957422049895502],[30.964973391707545,-29.960424338525574],[30.966249055155231,-29.961271309917631],[30.977074859919504,-29.968457978417948],[30.978808310167853,-29.969372386191406],[30.975792130917128,-29.972236052601378],[30.973666689766542,-29.975398182246121],[30.969758783364185,-29.979514606315369],[30.968387515719929,-29.980946375296057],[30.968112891469964,-29.982378399753099],[30.966810124346377,-29.983750497799765],[30.964821896887891,-29.985062730924742],[30.964583719254446,-29.986519347852195],[30.96384261627335,-29.987215190166577],[30.963524484457967,-29.987204092870492],[30.960692269740694,-29.987418139287467],[30.960384044571999,-29.987919777744779],[30.960231554648598,-29.987789529418958],[30.960076774614713,-29.987657324478882],[30.958633851773303,-29.986424830186117],[30.957966307914614,-29.985854621821733],[30.957302060497987,-29.985379804706817],[30.956665344364943,-29.984924660081393],[30.955293906322741,-29.983944288585672],[30.953001356711869,-29.982006428241668],[30.951155575947809,-29.980446131369394],[30.950373970544959,-29.980036574961261],[30.950339793141207,-29.980018666029579],[30.948947508624769,-29.9792890970431],[30.948224936029547,-29.978910452797098],[30.94486530141857,-29.977149838891016],[30.942028733780496,-29.975513649774211],[30.940851189282178,-29.973305317807011],[30.938276093866914,-29.970272873863809],[30.937469068703162,-29.969175903876174],[30.937468067299402,-29.969188875789325],[30.938276085015143,-29.970287194787979],[30.940851180798667,-29.973319638725265],[30.942028725465136,-29.975527970687931],[30.944865293509558,-29.977164159801887],[30.950373963425331,-29.980050895867137],[30.951155568940212,-29.980460452274531],[30.955293899907943,-29.98395860948402],[30.956665338146685,-29.984938980977883],[30.957966301882816,-29.985868942716447],[30.960076768885351,-29.987671645370046],[30.960384038886669,-29.987934098635481],[30.959708082715011,-29.988401826937505],[30.958607612255015,-29.989163281287087],[30.957763750416795,-29.989395560550122],[30.957563181216521,-29.989946398910895],[30.95734682335906,-29.990120699687917],[30.957246568697261,-29.990214843789833],[30.957153979555613,-29.990315485439115],[30.956089126842645,-29.990839051855492],[30.954445097690364,-29.992127910968225],[30.953710305087796,-29.992397095691583],[30.951652463631131,-29.994339859934986],[30.951200010375945,-29.995273430464866],[30.950484983140669,-29.996297104522881],[30.949681831557179,-29.997170370716827],[30.949613601717385,-29.997646742154778],[30.949681868454935,-29.998126322812471],[30.949088618954182,-29.998036216716127],[30.948596784630269,-29.998470235794375],[30.948466123858445,-29.998605772670988],[30.948343573734231,-29.998710549248742],[30.948168844237145,-29.998901907948877],[30.948004530093474,-29.999029393716437],[30.947829625272718,-29.999145957475257],[30.947678666291111,-29.999244861435244],[30.947449121468352,-29.999413273069312],[30.94725015485098,-29.999574302368075],[30.947137665403538,-29.999656798598323],[30.946959801783567,-29.99976893493989],[30.946956888632496,-29.999770771779893],[30.946909590555908,-29.99980059481307],[30.946757287887969,-29.999899486304024],[30.946608189604824,-30.00002193032504],[30.946523168717942,-30.000086752035234],[30.946381152785374,-30.000223361888512],[30.946386518956732,-30.000368779394858],[30.946350844149062,-30.000437594683966],[30.946206879623244,-30.000622375242923],[30.946042323560455,-30.000766455339022],[30.945908640146982,-30.000929316966886],[30.945754585368004,-30.001044365248529],[30.945486335801601,-30.001254164148314],[30.945210953798885,-30.001459091146273],[30.944925111256751,-30.001702733824175],[30.944720706643153,-30.00189596381848],[30.944416981594863,-30.002186573541202],[30.944158570201903,-30.002434172216635],[30.943891143744125,-30.002656154812726],[30.943709579191836,-30.002806094741128],[30.943360662187064,-30.003094699544892],[30.943040643082966,-30.003390620161465],[30.943018949002433,-30.003418356474928],[30.942812877429652,-30.003681538035568],[30.942668950599757,-30.003965273335954],[30.94255352855793,-30.004253891121355],[30.942504188533135,-30.004450432926397],[30.942460497706328,-30.004547025338042],[30.942359704497747,-30.004650631871073],[30.942213504279135,-30.004730584033531],[30.942118135860699,-30.004759405421126],[30.941894736464953,-30.004828404620138],[30.941656228238557,-30.004875564935865],[30.941451188106942,-30.004918778626557],[30.941215135117371,-30.00501338493288],[30.940984121785608,-30.005184130541171],[30.940902285887518,-30.005267995538645],[30.940711896526473,-30.005431901530791],[30.940508658600137,-30.005583457653703],[30.940379550213716,-30.00570374170589],[30.940141667789899,-30.005880514381843],[30.939977720460604,-30.006029027916423],[30.939389841662315,-30.006468889610503],[30.939172985979717,-30.006688893268691],[30.939027479315268,-30.006817544076821],[30.93881031411324,-30.007026105877873],[30.938499975396578,-30.007222606113711],[30.938197698232326,-30.007427764964877],[30.938004619663232,-30.007577229078034],[30.937764884063998,-30.007743294881791],[30.937622771386575,-30.007902255918292],[30.937479018671869,-30.008067896019249],[30.937331836896686,-30.008239852595715],[30.937078044590951,-30.008494038922652],[30.936735454418347,-30.00798571410289],[30.934301113312355,-30.006590625817257],[30.929101483268223,-30.006721589260934],[30.925877189342661,-30.005726901035981],[30.925473446228278,-30.004393594073292],[30.925497653734354,-30.003016084488848],[30.925516357172693,-30.001951751729504],[30.925537100401183,-29.995958498459967],[30.926135996125002,-29.992570568223449],[30.926459690800794,-29.989325061120077],[30.926458495420455,-29.989322831882863],[30.92613600672728,-29.99255624735143],[30.925537111090875,-29.99594417759549],[30.925528351390302,-29.998475198618291],[30.925516367867949,-30.001937430878094],[30.925497664432754,-30.003001763639723],[30.923738206457795,-30.003941390591919],[30.923064212700684,-30.004375301924082],[30.922725318750633,-30.004998991508028],[30.922299421240186,-30.00607280449524],[30.921928885499039,-30.006478342604844],[30.92003607800979,-30.007193248701423],[30.918979667638489,-30.00792057896895],[30.918087581564706,-30.008898617742105],[30.917716535589626,-30.009888911080594],[30.917482310285415,-30.011237309967282],[30.916838106067683,-30.013502284420277],[30.916625277586579,-30.014250550053863],[30.915819027851327,-30.01605760291546],[30.915324634605295,-30.016904601186067],[30.91467984543284,-30.017214469248795],[30.914295493071769,-30.017655778187173],[30.914295144164001,-30.018061534550807],[30.914473111481495,-30.018419670828521],[30.914362798675384,-30.019123706020778],[30.913484622423315,-30.019707898347221],[30.91318246463991,-30.020232795948704],[30.913538503799295,-30.0208297309693],[30.913646579716033,-30.021472635974931],[30.913674938909871,-30.021641333296223],[30.913302792479989,-30.022136111378934],[30.910010013272625,-30.023709189829745],[30.907926062789084,-30.025235511756371],[30.907685285345242,-30.024894254936971],[30.907494452453911,-30.024218348531598],[30.906623162136381,-30.022640365303641],[30.906196011620189,-30.021866737787775],[30.905999746527879,-30.020577724669366],[30.905232755932808,-30.019546075951684],[30.903621252115851,-30.0182846737865],[30.902173795588308,-30.017586659318724],[30.901278566931438,-30.017360003858549],[30.901077001897608,-30.017308970310101],[30.900261413956056,-30.016557093678088],[30.899159310753912,-30.015159391710814],[30.898677233502276,-30.014547999633532],[30.898217453653388,-30.013592923152913],[30.897636285612183,-30.013344244772874],[30.896846538698359,-30.013238608792225],[30.896386216800948,-30.012827716826251],[30.896117878946256,-30.012176479593347],[30.89544421498654,-30.011461719491752],[30.8951200451937,-30.011117769172259],[30.894534724349722,-30.010496724555349],[30.89259494416337,-30.008738467014688],[30.892045185645319,-30.008212046986426],[30.891516618669591,-30.007985096750197],[30.891166121760516,-30.007065656053008],[30.890787420757292,-30.006474287310233],[30.890677616208514,-30.006180843505156],[30.890587090705342,-30.005938920024096],[30.890573112499826,-30.005901564074563],[30.89058681014486,-30.005883003067144],[30.890961262629897,-30.005366133474656],[30.891463364101689,-30.004676296845787],[30.891965458618493,-30.003986457310116],[30.892523327614924,-30.003219965779699],[30.893081188024624,-30.002453471774771],[30.893367666303892,-30.002059252317974],[30.893638410051899,-30.001686641912272],[30.893924916069537,-30.001292402268025],[30.894196283339866,-30.000920151104868],[30.894749169416652,-30.00014843970914],[30.895119038869659,-29.999642767200658],[30.895306840118781,-29.999381854519022],[30.895867568996287,-29.998617207894419],[30.896037282057176,-29.99838232982588],[30.896422541871615,-29.997849136195306],[30.896977503071664,-29.997081070163432],[30.897162576484817,-29.996824896726093],[30.8980896547193,-29.9955492057458],[30.898819678154673,-29.994544298850098],[30.898837915551628,-29.994519195689019],[30.898851648857839,-29.99450029100387],[30.900184238980508,-29.992667345284701],[30.900440670680382,-29.992314464526938],[30.90071806837598,-29.991932681279174],[30.901779842706826,-29.990508292536152],[30.902643654402169,-29.990401527441815],[30.903610621951181,-29.990532562605008],[30.904823370034777,-29.990522461623922],[30.906194887944494,-29.990511025174069],[30.907896306173633,-29.990366859194019],[30.90907342284471,-29.990453860561193],[30.909279547791929,-29.990274715348058],[30.909622240369771,-29.989976875715637],[30.91088924182321,-29.989586600265241],[30.911048864783886,-29.989046989817705],[30.911954393074659,-29.988248015697046],[30.912297933853225,-29.987329321429989],[30.912539198211277,-29.986932647946219],[30.91296519062751,-29.986593100092481],[30.913327343028303,-29.986326015683925],[30.914062214583243,-29.98625011921844],[30.914851758283039,-29.986365199207487],[30.915476665416655,-29.98663292504736],[30.915860665274874,-29.986461320283027],[30.915664045168636,-29.985525562999928],[30.915270183751893,-29.984398733291929],[30.91541404987511,-29.98287126358094],[30.915732572774672,-29.982298631856906],[30.915999046496335,-29.982002186736182],[30.916004369341511,-29.982012512530829],[30.916216318939437,-29.981853793435938],[30.916304300630216,-29.980999665072336],[30.916719125215607,-29.980477533873842],[30.916842392582009,-29.980403551627646],[30.917110035313637,-29.979432946629519],[30.917367701953069,-29.978498501310785],[30.91590523779718,-29.977775352587734],[30.915701271488068,-29.977590292770298],[30.915072470301517,-29.977412172146774],[30.912157728800622,-29.974766968609057],[30.911117840356891,-29.974326854180159],[30.910862749519705,-29.973184457707582],[30.909684133673618,-29.972197025465402],[30.909458184812262,-29.971718671894198],[30.910272352421011,-29.970951340753778],[30.911041898981743,-29.970033573882905],[30.9116718020192,-29.969436655418374],[30.911798503130555,-29.968846062364417],[30.91183581136875,-29.968672155757847],[30.911951732425042,-29.968131803620569],[30.912098378349199,-29.967448222546221],[30.912908457574851,-29.967163568982176],[30.913880409313276,-29.967325780834713],[30.914819411341856,-29.967261802981646],[30.915623847473153,-29.967593380197304],[30.915990691380859,-29.967935782990711],[30.916554500533902,-29.967963476301975],[30.917320383749988,-29.967745678486761],[30.917732021522845,-29.967208901271079],[30.918379634519539,-29.966364397070013],[30.918925373059476,-29.966111702873771],[30.919073011995089,-29.966124184824402],[30.919918738046828,-29.966195682435909],[30.920062918693986,-29.966207870904249],[30.920693474973831,-29.966124713210906],[30.921529868200437,-29.965731388329687],[30.922106414373456,-29.964597989632537],[30.923148829612131,-29.963620004295276],[30.924074607978778,-29.963912776318576],[30.925319904906818,-29.964306581248835],[30.926004350051318,-29.965435828654353],[30.926651709894045,-29.966503863139422],[30.926938410716218,-29.966719915537141],[30.927745344239874,-29.967327997210393],[30.936754497122859,-29.96926527919863],[30.936783275172697,-29.969271425217787],[30.936972044158395,-29.968986080471467],[30.937548873533647,-29.968127917719535],[30.937549932008281,-29.968114206229739],[30.937907186133899,-29.96759483879174],[30.938249444119101,-29.967085638814286],[30.938265373912763,-29.967061938977622],[30.941060644110856,-29.962903059804379],[30.941107851103808,-29.962620638162868],[30.941115550730292,-29.962571660009562],[30.941143473077879,-29.962393703305843],[30.941169404602007,-29.962378068741661],[30.941535081323103,-29.962157594855846],[30.942740801656196,-29.9603746684583],[30.943750932034447,-29.959007918395251],[30.944025117753995,-29.958636925416659],[30.944170147677095,-29.958003545481002],[30.944299780037216,-29.957609769365138],[30.944300699024719,-29.957606977802612],[30.944305280735499,-29.957660388699985],[30.944478874650553,-29.958291285536554],[30.944510101612341,-29.958404773614564],[30.94468834471801,-29.958232620341619],[30.945349537365708,-29.957594010587961],[30.945388061192947,-29.957965470380667],[30.945512662271103,-29.957846540541546],[30.945851936620794,-29.957520556560294],[30.946546153678483,-29.956853550567686],[30.946558874659509,-29.956841328585224],[30.946572066203828,-29.956828663858388],[30.946883035677114,-29.956531044132795],[30.947402328094,-29.956034593523587],[30.948207622292362,-29.955261434194075],[30.9482698195349,-29.955201967437656],[30.948782500832547,-29.954709748221095],[30.953331212404844,-29.955414870210646],[30.960171865323179,-29.957422049895502]],[[30.964397513045334,-29.96305259355443],[30.964402116110687,-29.96326029108905],[30.964399726025544,-29.963053475058217],[30.964397513045334,-29.96305259355443]]]}},
{"type":"Feature","properties":{"sde_LDR_Mi":0.0,"CAT_NAME":"Manzimtoti River","MAJ_CAT":"Manzimtoti River","Id":0,"Phase":"Phase5a","OBJECTID":0,"Shape_Area":11550798.567600001,"BlockName":"Amanzimtoti"},"geometry":{"type":"Polygon","coordinates":[[[30.92587719998771,-30.005712580192665],[30.929101493450641,-30.006707268418737],[30.934301122747954,-30.006576304973219],[30.936735463504835,-30.007971393261226],[30.937078053628422,-30.008479718081986],[30.936746738440334,-30.008714086352036],[30.936551798305043,-30.008861876637724],[30.936462815422324,-30.008928860224245],[30.936303803070423,-30.009092853188985],[30.935956791904108,-30.009405841938182],[30.935589766662755,-30.009810803269076],[30.935230782421748,-30.010268804952204],[30.934987775150248,-30.010483800791036],[30.934649755089776,-30.0107677696009],[30.934358775079836,-30.011120686373175],[30.934009771942286,-30.011423670363165],[30.933695753574472,-30.011577643370597],[30.933452745177821,-30.011620638581569],[30.933182571129574,-30.011791132322436],[30.93316576149012,-30.011801635646787],[30.933163113652832,-30.011803325440418],[30.933149024810611,-30.01181231664108],[30.932557268126168,-30.01218593074411],[30.932368830811726,-30.012233130580977],[30.932307826970188,-30.012298839871303],[30.932244210214268,-30.012343591975611],[30.932191618293015,-30.012386102193648],[30.932101435685482,-30.012488035559677],[30.932047971671469,-30.012541741474379],[30.931998245881942,-30.012591704702142],[30.931874224699811,-30.012679556135499],[30.931820325066312,-30.012713556527295],[30.931766433481197,-30.012758341978284],[30.931702781651328,-30.012845940337176],[30.931633553944145,-30.012905903625885],[30.931574657083768,-30.012953412048848],[30.931513182078181,-30.013010528280372],[30.93144909210384,-30.013059175687452],[30.931327427274763,-30.013170029328329],[30.931209665568581,-30.013279757289986],[30.931085377032442,-30.013365765095127],[30.930777189801177,-30.013581366448598],[30.930643113417538,-30.013651600812651],[30.930368610500864,-30.013836646358545],[30.930030075672587,-30.014105930888142],[30.929889000237985,-30.014232035905536],[30.929828189359231,-30.014294224507108],[30.929622985159241,-30.014501369997458],[30.929586939597449,-30.014537885053088],[30.929522893695665,-30.014594989498558],[30.929449763135292,-30.014657199517671],[30.929396673156688,-30.014696799322166],[30.929329349297138,-30.014750540752658],[30.929261403460476,-30.014812173072311],[30.929189558224312,-30.014871004296385],[30.929124191630926,-30.014923046791942],[30.929067230666927,-30.014968883261954],[30.928992154645755,-30.015033352279882],[30.928917722906597,-30.015092752360125],[30.928843850905324,-30.015125054950119],[30.928781655694646,-30.0151505606966],[30.92872793006627,-30.015194685819896],[30.928654151904169,-30.015256336424212],[30.928601726062482,-30.015298195139291],[30.928537644578775,-30.015346858704259],[30.928481322679438,-30.015389291119174],[30.928410130470471,-30.015450372602572],[30.928330514942861,-30.015518239871202],[30.92825022834371,-30.015572565038141],[30.928171892197316,-30.015630837735586],[30.928116886919305,-30.015674956948025],[30.928050205191859,-30.015725881903013],[30.927990660506566,-30.015775661742254],[30.927916888726905,-30.015839003657764],[30.927827539511391,-30.015908594204099],[30.927751144647228,-30.01596402850296],[30.927687696589825,-30.016010419151957],[30.927633970059912,-30.016047205776871],[30.92755109879829,-30.016104931517983],[30.927478590417287,-30.016159810475017],[30.92741127792608,-30.016214120434654],[30.927342013897189,-30.016271802816728],[30.927273419588033,-30.016340213303266],[30.927193178030471,-30.016405266996596],[30.927129710429188,-30.016447143221598],[30.927058500509737,-30.016496941694257],[30.927000235392203,-30.016542202686519],[30.926934847843494,-30.016589730001986],[30.92686620163348,-30.016636137392705],[30.926804679891436,-30.016673501209596],[30.926752233746264,-30.016708573982658],[30.926661619536596,-30.016779288505056],[30.926567798711112,-30.016870895029339],[30.926510204172047,-30.016927426833544],[30.926442917291958,-30.016990213381675],[30.926374307475346,-30.017050164086641],[30.926286899633865,-30.017114662551343],[30.926226703239898,-30.017155956673534],[30.926149622133359,-30.017196735810387],[30.92606803763632,-30.017249371932408],[30.925921017926928,-30.017335991856537],[30.925846510911644,-30.017373379396474],[30.925791457309455,-30.017403954734732],[30.925729960209583,-30.017449777084551],[30.925656843791753,-30.017513676484729],[30.925586922585055,-30.017568546534434],[30.925515090175001,-30.017633582375804],[30.925454870470762,-30.017676587351065],[30.925389410805376,-30.017703232390268],[30.925335631939497,-30.017723082275442],[30.925281226009943,-30.017751963349617],[30.925226163535598,-30.017778023801487],[30.925173751155697,-30.01782607862468],[30.925120019672622,-30.017866818579872],[30.925033284983432,-30.01793582809449],[30.924982150588111,-30.017981074615783],[30.924923262251838,-30.01803422569883],[30.924854633439555,-30.018089679517363],[30.924775012252507,-30.018149636879613],[30.924730955556953,-30.018164958751697],[30.924677852026619,-30.018189347303448],[30.92461230847578,-30.018241612764204],[30.924538975952036,-30.018300146606585],[30.9244747431385,-30.018352425335355],[30.924414370922324,-30.018398467826369],[30.924354050940412,-30.018454126163167],[30.924305407719476,-30.01850070790849],[30.92425224614065,-30.018555229381313],[30.924186083228218,-30.018613168596548],[30.924122498420161,-30.01866655802738],[30.924066037228311,-30.018713157074082],[30.92399597791691,-30.018778483114119],[30.923942807938754,-30.018829023626576],[30.923884407533606,-30.018876759533232],[30.923805259088589,-30.018946077969794],[30.923757287144916,-30.018996610457673],[30.923703461989977,-30.019049424324564],[30.923643805238612,-30.019114145855728],[30.923591289157596,-30.01916921703841],[30.923514776703367,-30.019242479177219],[30.923459007217982,-30.019299841260235],[30.923405849117106,-30.019355484165384],[30.923348124644924,-30.019412843768283],[30.923290396484891,-30.0194622773035],[30.923236513186666,-30.019506606377522],[30.923184600152329,-30.0195452549119],[30.92312354758716,-30.019578831873933],[30.923053437380112,-30.019626018047319],[30.922991796915245,-30.019679427879513],[30.922907460899086,-30.019751576177445],[30.92283603571849,-30.019799907228716],[30.922766587550228,-30.01985333380162],[30.922706234369944,-30.019901645674615],[30.922646533404137,-30.019947114161681],[30.922577092692112,-30.019999970251938],[30.922508301309286,-30.020053955224178],[30.922420703181608,-30.020126684391265],[30.922349309337999,-30.020184640990035],[30.922293513902957,-30.020231797336713],[30.922231201674535,-30.020276722689704],[30.922178645381326,-30.020318204681882],[30.922126098148254,-30.020364210325017],[30.921728477153746,-30.020736251594325],[30.921654496081825,-30.020794776665905],[30.921599944070636,-30.020834004781481],[30.92153114731871,-30.020884596349148],[30.92146821018461,-30.020936860340171],[30.921407223005382,-30.020987995958077],[30.921356642203971,-30.02103910634256],[30.921315813006881,-30.021087922756273],[30.921258736387404,-30.021141877155447],[30.92119772336369,-30.021191882802796],[30.921125701349819,-30.021251540824743],[30.921056291077413,-30.021314030908638],[30.921007049256282,-30.021374201384742],[30.920960368650075,-30.021423588750675],[30.920892249502565,-30.021484364788197],[30.920837731942072,-30.021529255131785],[30.92078582144029,-30.021573575667475],[30.920727433042771,-30.021622440453445],[30.920660616414594,-30.021681519994203],[30.920594419463477,-30.021734934599735],[30.920573769960598,-30.021750676066102],[30.920570260742497,-30.021753347012766],[30.920534676465628,-30.021780431024528],[30.920468512905767,-30.021839481050726],[30.920402333642535,-30.02189459580023],[30.92032123296546,-30.021963339191359],[30.92026025256612,-30.022016183982128],[30.920198640574061,-30.022079218240602],[30.920140942912717,-30.022138837018403],[30.920084508682962,-30.022197322161627],[30.920042420118431,-30.022258029757758],[30.920002270035319,-30.022310244348468],[30.91993937703856,-30.022377796858009],[30.919873186715471,-30.022432911790769],[30.919814784252726,-30.022481206701688],[30.919753827105492,-30.022544247423323],[30.919700012749114,-30.022600460979422],[30.919641630137004,-30.022651016941971],[30.919589745317737,-30.022701560888081],[30.919539822345346,-30.022753798987459],[30.919467167008282,-30.022823654561048],[30.91939969811375,-30.022883857530388],[30.91933933591287,-30.022931027952776],[30.919285454854194,-30.02296741079018],[30.919223144061277,-30.023015736537552],[30.919136200400388,-30.023089591860405],[30.919070661350009,-30.02314413412315],[30.919010945517822,-30.023191863410485],[30.918954460240222,-30.023229394791034],[30.918893455195406,-30.023277127752387],[30.918824666302228,-30.023332802385237],[30.918742231419479,-30.023396456298915],[30.918679267478417,-30.023443073905714],[30.91858320093478,-30.023518099424383],[30.918526741366136,-30.023564116589249],[30.918470935249175,-30.023607308446291],[30.918412528674505,-30.023655032791705],[30.918339221810296,-30.023721497980389],[30.918255473047836,-30.023786848476277],[30.91818344295465,-30.023845383101275],[30.918107487222958,-30.023895426229398],[30.918053602834405,-30.023933518801197],[30.91799257764945,-30.02397672819373],[30.917934140667125,-30.024017649535132],[30.917881570810195,-30.024056868178981],[30.917827680151554,-30.024096082896516],[30.917765334744228,-30.024137026209583],[30.917703711281582,-30.024190993452311],[30.917618698448099,-30.024259757222591],[30.917551853468886,-30.024313172149121],[30.917488279960072,-30.024370547682953],[30.917427919759024,-30.024423381207448],[30.917377339271027,-30.024475611794593],[30.91733523475126,-30.024526121862113],[30.917286598743463,-30.024578355397107],[30.917216518465278,-30.024638575115787],[30.9171606911776,-30.024679505319277],[30.917114647257971,-30.024727767651864],[30.917071879860398,-30.024778850330385],[30.917021995891446,-30.024842983891087],[30.916966869028169,-30.024896929878118],[30.916901950220247,-30.0249463761151],[30.916838331830483,-30.024991284988932],[30.916777960972787,-30.025039576488332],[30.916724097838184,-30.025082770623218],[30.916663663130432,-30.025120833510499],[30.916607126195732,-30.025141952828868],[30.916554476816778,-30.025163051042906],[30.916494740594729,-30.025199451716372],[30.916456500798581,-30.025247118313789],[30.916387059325068,-30.025306204832681],[30.916329883812484,-30.025331279625821],[30.916297403193376,-30.025350049842931],[30.916268644411307,-30.025388060794132],[30.916219334247142,-30.025446639690433],[30.916182851113966,-30.025493249973831],[30.916143802477389,-30.025542708181284],[30.916107417721189,-30.02559780113075],[30.916051605877186,-30.025657559143561],[30.916017118531702,-30.025709237007302],[30.915978824155975,-30.025767718371412],[30.915947080185322,-30.025831795371371],[30.915907374228983,-30.025880694934788],[30.915864488502518,-30.025934704925174],[30.915827382531315,-30.025984138966862],[30.915773963425565,-30.026024670576749],[30.915726442454144,-30.02607137004944],[30.915672229491928,-30.026098365177454],[30.915616224812759,-30.026139483519813],[30.915568749723199,-30.026189582947968],[30.915498590794307,-30.026243263291228],[30.915443182933224,-30.026280427832617],[30.915385276520858,-30.026326644248712],[30.915319666601075,-30.026379712709872],[30.915264343405486,-30.026424781393526],[30.915208438330421,-30.026474934106865],[30.915151809742554,-30.026519419661785],[30.915079669147946,-30.02656915346958],[30.915019821595735,-30.026615954681649],[30.914956152820249,-30.026668447062399],[30.914886117726724,-30.026732273454563],[30.914813486703359,-30.026796687058592],[30.914753610706601,-30.026841788375453],[30.914695012654892,-30.026884072521256],[30.914633270870016,-30.026935401340687],[30.914569005217864,-30.026991856274186],[30.913651195745313,-30.02787703189988],[30.914063230784961,-30.028189694445761],[30.913756589623215,-30.028419901262644],[30.910929431060445,-30.030542269065506],[30.908513176658619,-30.033142221205221],[30.905795566429582,-30.035097406937535],[30.903956017626932,-30.036886244518591],[30.902693068603067,-30.038114325095538],[30.900277275842523,-30.039854876595644],[30.899508000102546,-30.040999952676742],[30.897586083510401,-30.042549886661604],[30.896514983085666,-30.043694709346752],[30.895431168981538,-30.044660964719419],[30.893820861374969,-30.046264292337749],[30.893651546788369,-30.046739732473043],[30.892704813378913,-30.047729582821479],[30.892302823944274,-30.048286739639298],[30.891256246948036,-30.049069513325644],[30.890776564569812,-30.050202760889036],[30.89113389579359,-30.050761086566489],[30.890825284463993,-30.050991935432581],[30.89063169547866,-30.051549261044745],[30.890407634794258,-30.051716951375678],[30.890214444377381,-30.051911549254395],[30.88978195658493,-30.052079063701221],[30.889379932904205,-30.052636211860797],[30.88860000841111,-30.053219649439566],[30.887505845721545,-30.054559208815494],[30.887389427578697,-30.054894412700698],[30.88622832207276,-30.056401534149096],[30.885344582407576,-30.057811710178342],[30.884300807779766,-30.059253863642532],[30.88364081227191,-30.060518278438625],[30.8823203755408,-30.063381246889854],[30.881123267621835,-30.064910849157702],[30.881069328638652,-30.064986123590408],[30.881025642403735,-30.065044436199674],[30.880978017865015,-30.065095424078013],[30.880921385248055,-30.065153808678609],[30.880855609288382,-30.065206033140591],[30.88079114806261,-30.065259384080512],[30.88070735792537,-30.065330310552682],[30.880636491143058,-30.065394968145],[30.880575973177351,-30.065457317340218],[30.880539358847585,-30.065504872315412],[30.880493026501764,-30.065556435591304],[30.88043772006883,-30.065622134763572],[30.880397856660267,-30.065671391164614],[30.88035418416769,-30.065728010929959],[30.880297555030324,-30.065790339976385],[30.880244747915096,-30.065843061147994],[30.880186243543427,-30.06591273946351],[30.880137973871463,-30.065963737729199],[30.880087751364734,-30.066015311843852],[30.880035015173682,-30.066075928615899],[30.87998615968781,-30.066137086711652],[30.879942539410457,-30.066204986785813],[30.879900873259754,-30.066272862843739],[30.879875896993532,-30.066318105973526],[30.879839948460685,-30.066368490117746],[30.879787220495391,-30.06643418230874],[30.879750037829993,-30.066494140029018],[30.879712234879111,-30.066557509393039],[30.879667981482655,-30.066628785395409],[30.879630805515415,-30.066690443791003],[30.879591641090496,-30.066745911756257],[30.879554365153751,-30.066794608873149],[30.879503591192542,-30.06685746302804],[30.877697625244039,-30.06583589860081],[30.875029268352165,-30.06465256868502],[30.873734843773462,-30.064078503597024],[30.872911646763413,-30.064087257641553],[30.869740416322728,-30.063492231509372],[30.868304407378012,-30.063244902517024],[30.866765783830502,-30.063099329855703],[30.865887825440637,-30.063026833747404],[30.864818556256388,-30.062393240708204],[30.863722613786919,-30.061210650613852],[30.861995631518255,-30.060015456533527],[30.860953657597761,-30.059525067708272],[30.860638519170813,-30.059238319755185],[30.860351189096082,-30.058689054070793],[30.860402404934025,-30.058394436476995],[30.859677435919963,-30.058437867407996],[30.858862870299998,-30.058197836553756],[30.857116203853998,-30.055818505312054],[30.855954801086074,-30.055258084597707],[30.855975819184632,-30.054653595027744],[30.857047652974089,-30.053937651225098],[30.859604768650453,-30.053080752559158],[30.86142418787389,-30.05114609621787],[30.862195010579114,-30.049256568774659],[30.862495976863904,-30.048518785356816],[30.863272313955964,-30.047921090578971],[30.863997929108084,-30.046948032277413],[30.865098631378793,-30.044505091432324],[30.865321176796449,-30.044011149718596],[30.866422309063342,-30.043528606977841],[30.868582486325479,-30.043709792327935],[30.870914984598869,-30.043234743512215],[30.871436422620025,-30.043082797809159],[30.872736963267688,-30.042940854931171],[30.873378364706781,-30.043371096600211],[30.873654957925837,-30.043620822168656],[30.873293778714274,-30.042875795441002],[30.873340487606516,-30.042434199372728],[30.873681166974663,-30.04191044097908],[30.874182504799641,-30.04137389296098],[30.874820965156093,-30.04086730845566],[30.87515974236992,-30.040223071809883],[30.875050360110709,-30.039813004027632],[30.874932729732553,-30.039372010652382],[30.874459861293762,-30.038975430143783],[30.874433077518798,-30.038474113749356],[30.874517635374879,-30.038155608501008],[30.875202163494116,-30.037681300397747],[30.875709853187995,-30.037526639370888],[30.875977755342401,-30.037174839954641],[30.876568321603706,-30.03654886165544],[30.877234104415368,-30.036095993514447],[30.878485015313426,-30.035494385779366],[30.878820675132339,-30.03507661207442],[30.879531601505988,-30.034704924807095],[30.880083971777275,-30.035096984531357],[30.880281421293283,-30.03514490027462],[30.880780743646973,-30.035088070601279],[30.881285642772085,-30.034954866590866],[30.882046175942776,-30.034784485018278],[30.884167145205446,-30.034655858021289],[30.885006105197803,-30.034981491692065],[30.886190229036472,-30.035784484858873],[30.88629023235773,-30.0365747396709],[30.886320724330183,-30.036815693453082],[30.886945442217435,-30.03746066657618],[30.887866969679841,-30.037633304551928],[30.889068628524942,-30.037519757143983],[30.890337525273591,-30.036131705885204],[30.891540083366632,-30.035173210725461],[30.892889576810383,-30.03530320334654],[30.893016623805522,-30.035265319972751],[30.893182275014453,-30.035215925214178],[30.893492322168182,-30.035078067842477],[30.893927146448124,-30.034688250489605],[30.893993951506012,-30.034352773402738],[30.894025961111755,-30.034192028920771],[30.8958284531234,-30.034322700262468],[30.896815425463132,-30.035739480464443],[30.897715420640676,-30.03596390337032],[30.899498376952661,-30.036045840684697],[30.899987651347274,-30.03592136735379],[30.899770568442179,-30.034051455741118],[30.899829021049118,-30.033556257371696],[30.900657070951198,-30.033244497530383],[30.901263941219376,-30.032029761801386],[30.902309226987594,-30.030768350036858],[30.902952124470371,-30.030526351064786],[30.903219600379071,-30.02999098437385],[30.904203203766297,-30.029801851311284],[30.905018073131004,-30.029241713332951],[30.906079567590137,-30.028896533374315],[30.907170448094231,-30.028492730471715],[30.907568035520271,-30.027696836180962],[30.908620659983786,-30.02693721346013],[30.909093838401059,-30.02644230152066],[30.910207945525507,-30.025764795946106],[30.909078211759393,-30.025391679303087],[30.908562575361831,-30.025362680398676],[30.907926062789084,-30.025235511756371],[30.910010013272633,-30.023709189829713],[30.913302792479989,-30.022136111378934],[30.913646579716033,-30.021472635974931],[30.913538503799295,-30.0208297309693],[30.91318246463991,-30.020232795948704],[30.913484622423315,-30.019707898347221],[30.914362798675384,-30.019123706020778],[30.914473111481495,-30.018419670828521],[30.914295144164008,-30.018061534550796],[30.914295493071769,-30.017655778187173],[30.91467984543284,-30.017214469248795],[30.915324634605295,-30.016904601186067],[30.915819027851327,-30.01605760291546],[30.916515287263561,-30.014497076284147],[30.916625277586579,-30.014250550053863],[30.916838106067683,-30.013502284420277],[30.917482310285415,-30.011237309967282],[30.917716535589626,-30.009888911080594],[30.918087581564706,-30.008898617742105],[30.918979667638489,-30.00792057896895],[30.92003607800979,-30.007193248701423],[30.921052802421293,-30.006809240479093],[30.921928885499039,-30.006478342604844],[30.922087247146617,-30.006305021983472],[30.922299421240186,-30.00607280449524],[30.922725318750643,-30.004998991508053],[30.923063133122074,-30.004377288759883],[30.923064212700684,-30.004375301924082],[30.923738206457795,-30.003941390591919],[30.925497664432754,-30.003001763639723],[30.925473456930746,-30.004379273227194],[30.92587719998771,-30.005712580192665]]]}},
{"type":"Feature","properties":{"sde_LDR_Mi":0.0,"CAT_NAME":"Mbokodweni River","MAJ_CAT":"Isipingo River","Id":0,"Phase":"Phase5a","OBJECTID":0,"Shape_Area":6195293.1854600003,"BlockName":"Umbogintwini"},"geometry":{"type":"Polygon","coordinates":[[[30.896117878946256,-30.012176479593347],[30.896386216800948,-30.012827716826251],[30.896846538698359,-30.013238608792225],[30.897636285612183,-30.013344244772874],[30.898217453653388,-30.013592923152913],[30.898677233502276,-30.014547999633532],[30.899159310753912,-30.015159391710814],[30.900261413956056,-30.016557093678088],[30.901077001897608,-30.017308970310101],[30.901278566931438,-30.017360003858563],[30.902173795588308,-30.017586659318724],[30.903621252115851,-30.0182846737865],[30.905232755932808,-30.019546075951684],[30.905999746527879,-30.020577724669366],[30.906196011620189,-30.021866737787775],[30.906623162136381,-30.022640365303641],[30.907494452453911,-30.024218348531598],[30.907685285345242,-30.024894254936971],[30.907926062789084,-30.025235511756371],[30.908562575361831,-30.025362680398676],[30.909078211759393,-30.025391679303087],[30.910207945525507,-30.025764795946106],[30.909093838401059,-30.02644230152066],[30.908620659983786,-30.02693721346013],[30.907568035520271,-30.027696836180962],[30.907170448094231,-30.028492730471715],[30.906079567590137,-30.028896533374315],[30.905018073131004,-30.029241713332951],[30.904203203766297,-30.029801851311284],[30.903219600379071,-30.02999098437385],[30.902952124470371,-30.030526351064786],[30.902309226987594,-30.030768350036858],[30.901263941219376,-30.032029761801386],[30.900657070951198,-30.033244497530383],[30.899829021049118,-30.033556257371696],[30.899770568442179,-30.034051455741118],[30.899987651347274,-30.03592136735379],[30.899498376952661,-30.036045840684697],[30.897715420640676,-30.03596390337032],[30.896815425463132,-30.035739480464443],[30.8958284531234,-30.034322700262468],[30.894025961111755,-30.034192028920771],[30.893927146448124,-30.034688250489605],[30.89341643176644,-30.035146102668122],[30.892889576810383,-30.03530320334654],[30.891540083366632,-30.035173210725461],[30.890337525273591,-30.036131705885204],[30.889068628524942,-30.037519757143983],[30.887866969679841,-30.037633304551928],[30.886945442217435,-30.03746066657618],[30.886320724330183,-30.036815693453082],[30.88629023235773,-30.0365747396709],[30.886190229036472,-30.035784484858873],[30.885006105197803,-30.034981491692065],[30.884167145205446,-30.034655858021289],[30.882046175942808,-30.034784485018278],[30.881285642772085,-30.034954866590866],[30.880780743646973,-30.035088070601279],[30.880281421293283,-30.03514490027462],[30.880083971777275,-30.035096984531357],[30.879531601505988,-30.034704924807095],[30.879350886719315,-30.034010306886703],[30.879344085606622,-30.03325119401843],[30.879336836461203,-30.032442063283256],[30.879588855875625,-30.031673866080219],[30.879426593921675,-30.029674057321074],[30.878913659057705,-30.028539857199164],[30.877681153816038,-30.027046968149893],[30.877271294690317,-30.025763682063307],[30.878049590891461,-30.024736103347177],[30.878326108070418,-30.023851312377023],[30.879287426872992,-30.022273438882134],[30.880437412901987,-30.021093593356611],[30.880252076856163,-30.019609220085531],[30.88013648961584,-30.019528468332574],[30.879861802423861,-30.018970136732015],[30.879806070763923,-30.017423438112932],[30.879952944794468,-30.016837998483702],[30.880285590664329,-30.015512046209334],[30.880731161841979,-30.014452710098251],[30.881904487422343,-30.013695138657315],[30.883206458033637,-30.01285448017466],[30.884625887559668,-30.011864112607789],[30.88546510454993,-30.011857685139713],[30.885810316613764,-30.012158722457912],[30.886188571902245,-30.0123452208244],[30.886492918874815,-30.012409927359201],[30.886995369567,-30.011909130748361],[30.887506277018893,-30.01120068737589],[30.887742886775079,-30.011033521038556],[30.888012672811964,-30.010842914232104],[30.890026327487174,-30.008990248413717],[30.890542056143296,-30.008515735390802],[30.891516618669591,-30.007985096750172],[30.892045185645319,-30.008212046986426],[30.89259494416337,-30.008738467014688],[30.894534724349722,-30.010496724555349],[30.895119087272295,-30.011116752794663],[30.89544421498654,-30.011461719491752],[30.896117878946256,-30.012176479593347]]]}},
{"type":"Feature","properties":{"sde_LDR_Mi":0.0,"CAT_NAME":"Umgeni River","MAJ_CAT":"Umgeni River","Id":0,"Phase":"Phase4","OBJECTID":0,"Shape_Area":35286314.612499997,"BlockName":"Westville"},"geometry":{"type":"MultiPolygon","coordinates":[[[[30.908426780586446,-29.8191524867566],[30.908335961583322,-29.819143945334719],[30.908360924140297,-29.819143185264846],[30.908426780586446,-29.8191524867566]]],[[[30.943582516911214,-29.817419464494911],[30.943681285983985,-29.817008963797534],[30.944174610020134,-29.815873019580575],[30.944383586668405,-29.813034836425658],[30.944222209139362,-29.812125249309759],[30.94444283962866,-29.811557832057471],[30.94455247698183,-29.811038783438082],[30.944548670035047,-29.810581576442665],[30.944420484328258,-29.810212970531179],[30.944202944086282,-29.809587413636255],[30.943896524867348,-29.80936769097957],[30.943371068841859,-29.809291086722929],[30.943029051493856,-29.809107149987295],[30.944629137914983,-29.809237346402913],[30.945109035770013,-29.809310915021445],[30.945519601095452,-29.809275281707254],[30.946340654425207,-29.809347224010441],[30.94690992481339,-29.80938564399278],[30.947468317594712,-29.809290391929157],[30.947982957332464,-29.809118740133339],[30.948585143946445,-29.809013953054553],[30.949428133931679,-29.809004730792349],[30.949745693432284,-29.808861639122703],[30.950424520920087,-29.808737777735345],[30.950629979458462,-29.808695608290243],[30.951216303214817,-29.808812866807013],[30.951486469622079,-29.808719076773063],[30.95190253276456,-29.808623753636855],[30.952395175509235,-29.808643027044614],[30.952789229753243,-29.808786381204058],[30.953040882771642,-29.809101539030564],[30.953062515461987,-29.809664850378613],[30.95298558966314,-29.810285411761413],[30.952996412643692,-29.810552746121218],[30.95316039724101,-29.811058822778822],[30.953269598404177,-29.811660355000388],[30.953236465202984,-29.812280931819608],[30.953236136454521,-29.812987447815537],[30.95302462429547,-29.813264714867568],[30.952087045795327,-29.81383629948629],[30.951661678292716,-29.813953235095244],[30.951468358287912,-29.814050892765664],[30.95114522474611,-29.81437061537218],[30.950778826153485,-29.814582611361416],[30.948206287013893,-29.814753624222092],[30.947487026784586,-29.81548097913096],[30.946603985542104,-29.81565562296425],[30.945927560696777,-29.816339502999334],[30.945476784404999,-29.817181571987483],[30.944852522336685,-29.817515475698134],[30.943582516911214,-29.817419464494911]]],[[[30.943582516911214,-29.817419464494911],[30.944852511856602,-29.817534570708432],[30.945761085958431,-29.817859562014586],[30.946560136741493,-29.818260882865541],[30.947170754078087,-29.818592643677444],[30.947909576087447,-29.819034509137239],[30.948196623006854,-29.819738750471199],[30.948267605660288,-29.820072277142849],[30.948852189163869,-29.820290215094765],[30.949706213254835,-29.820300090427608],[30.950308450942185,-29.820223938256035],[30.951217150501371,-29.82037703693047],[30.951676975875976,-29.820453585926288],[30.952049322954807,-29.82029141401199],[30.952396504607517,-29.820054047596543],[30.952868790441126,-29.81980596038262],[30.953995561299376,-29.81942007636265],[30.954808927099108,-29.819328088672055],[30.955750653269174,-29.819070624739414],[30.956484328444251,-29.818851275754422],[30.95732754221979,-29.818507840518979],[30.957752790053483,-29.818269376330257],[30.958242233422265,-29.818012164257926],[30.958983505807378,-29.817933381177365],[30.959281798516631,-29.818579845336696],[30.961595992402192,-29.818738531359919],[30.962310262968941,-29.819203788516049],[30.96283974391622,-29.819467544452401],[30.963646041806513,-29.819754068380611],[30.964070265572627,-29.81989739699582],[30.964439859283171,-29.819718481253819],[30.964626076857645,-29.81971853123791],[30.964918879257397,-29.819718609300502],[30.965370547231597,-29.819659056535336],[30.96598387537189,-29.819680910461095],[30.966328726610836,-29.819241600793852],[30.96658880051362,-29.819134257364812],[30.967102102503183,-29.818864577012256],[30.967274731452118,-29.818710555579049],[30.967615500588924,-29.81840651557447],[30.968122064495986,-29.817845722660852],[30.968779116327489,-29.817452044805407],[30.969173539600281,-29.81739218124514],[30.969778102902364,-29.817750636711004],[30.970544390444392,-29.818192382007329],[30.971543467375668,-29.818216469710375],[30.972527986400994,-29.818247248029405],[30.973037647160385,-29.818341119480106],[30.973664694261593,-29.818658481734136],[30.974157333973984,-29.81889726668248],[30.974417207193714,-29.819541773950338],[30.974636027096142,-29.820025472059864],[30.974827567811182,-29.820448865789896],[30.975251778155126,-29.820723436685292],[30.97663394314338,-29.821427816759339],[30.977331829066873,-29.821988854142088],[30.978041662493702,-29.822094506662705],[30.979246441849032,-29.822934935454985],[30.979524877541035,-29.823110446953454],[30.979992930124141,-29.823282373677163],[30.98061700756416,-29.823486544535122],[30.981146616175558,-29.823862553998129],[30.981253302123694,-29.824245662611244],[30.981318932678192,-29.824603703132542],[30.981421495426467,-29.825087059717958],[30.981581560013332,-29.825488077049343],[30.981836098782043,-29.825713671921129],[30.982065977560826,-29.826075314783356],[30.982065957744144,-29.826186304432042],[30.982078239783078,-29.826390383839922],[30.98210862317606,-29.82648719772369],[30.982172628056617,-29.826691142743712],[30.98213153641036,-29.826859411808854],[30.981980953643667,-29.826987089112347],[30.981310261516747,-29.827070536520587],[30.980981771111683,-29.827046620902905],[30.980757957452425,-29.827035767523633],[30.980018829886809,-29.827107264020313],[30.979840832794157,-29.827417530573577],[30.979909157272836,-29.827978456287365],[30.979950076563558,-29.828694524527062],[30.979748688129312,-29.828912182797904],[30.979607813702703,-29.829064437487272],[30.97938879069806,-29.82917181278809],[30.978854950157849,-29.829291072075005],[30.978184219317782,-29.829469978492416],[30.978028338663862,-29.829474986469918],[30.978019968492173,-29.829475255373186],[30.977814651069842,-29.829481851311201],[30.977267140994339,-29.829505626960763],[30.976637518802765,-29.829469714021386],[30.975638331590812,-29.829433730447537],[30.975129167321548,-29.829508877809566],[30.974830732690265,-29.829552922699026],[30.974101920923651,-29.829939246385035],[30.97365834058823,-29.830318671441677],[30.973163663914928,-29.830693412166536],[30.9728178685553,-29.830963053611079],[30.972487404281519,-29.831237955929979],[30.972417441247821,-29.831296155497451],[30.972217214505285,-29.831502372215848],[30.97199881616724,-29.831613386932052],[30.971733750165388,-29.831780211040858],[30.971671205526093,-29.831819574472544],[30.971423983424089,-29.832144164317647],[30.971343081029371,-29.832385484557072],[30.971288399973325,-29.832686932220799],[30.971045955706714,-29.83297471338912],[30.970842845869011,-29.833088689762082],[30.970333194883768,-29.833469362295627],[30.970060140549485,-29.833754891582945],[30.969859846476091,-29.834135635867785],[30.969575401173508,-29.834470951225693],[30.969304219682105,-29.834972131397834],[30.969125399248561,-29.834765012755369],[30.968753239918723,-29.834239813608619],[30.968402928507292,-29.833896020821776],[30.967975895707394,-29.833771800677951],[30.967331857428892,-29.833762869202548],[30.967275062958027,-29.833762081430276],[30.966990370388444,-29.833695178197566],[30.966431885859652,-29.833714132427449],[30.966245642998778,-29.833962319582046],[30.966207927969247,-29.83421703495846],[30.966292646525329,-29.834578293347818],[30.966383474294101,-29.834919871009916],[30.966425344050663,-29.835230941066285],[30.966551150700408,-29.83557252746612],[30.966562299862847,-29.835618953859637],[30.966641968086535,-29.835950700214187],[30.966571888272536,-29.836322732029323],[30.966550791054633,-29.836652083411217],[30.966389816489116,-29.83687161277043],[30.966172845794123,-29.837176517571763],[30.965899946090982,-29.837371620548357],[30.965585042642051,-29.837646002308816],[30.965333103269614,-29.83790820214568],[30.965155928033983,-29.838148324615762],[30.965144127704821,-29.838164317344035],[30.965017691688534,-29.838227868049472],[30.96478028142316,-29.838347197345165],[30.964730776569152,-29.838382407822735],[30.964437398903026,-29.838591072685684],[30.964052618565411,-29.838615364475324],[30.963632870180607,-29.838609150445578],[30.963353038695871,-29.838602973976503],[30.962954266491497,-29.838627260335283],[30.962779304500025,-29.838804086873669],[30.962296551413289,-29.838907636176067],[30.961771819533755,-29.839017270142691],[30.961079163761799,-29.839181746419079],[30.960358505543038,-29.83938890397582],[30.959945700698917,-29.839504663897049],[30.959441926048843,-29.839675287289353],[30.959071102866019,-29.839772759983774],[30.958747659732481,-29.839890561791378],[30.958686268396878,-29.839912921119637],[30.958221852928308,-29.840245854138782],[30.957334538718346,-29.840861382621934],[30.95667728572645,-29.841262162585004],[30.956190060419864,-29.841586484449895],[30.956178340802225,-29.841587813317478],[30.95616455209419,-29.841603463976959],[30.955936305811687,-29.841862530460414],[30.955732546495948,-29.84216240772335],[30.955655408671674,-29.841954256271666],[30.955527913027069,-29.841851223754585],[30.955345781994403,-29.841801377676006],[30.955076464144447,-29.841708733210517],[30.954981155740469,-29.841637914659252],[30.954883558809886,-29.841535004267907],[30.954888260397162,-29.841531467782445],[30.954892961937755,-29.841527933156101],[30.954897663341136,-29.841524397840164],[30.954658113702788,-29.841282280823737],[30.954653411670748,-29.841285816131055],[30.954648710764641,-29.8412893507492],[30.954644008807822,-29.841292887602499],[30.954399160235816,-29.841165829170517],[30.954003155201296,-29.841005078774113],[30.953910141075994,-29.840847513024791],[30.953887818465766,-29.840704370406048],[30.953895035696203,-29.84068049456063],[30.953925705885641,-29.840627072059192],[30.953959780464764,-29.840567719586836],[30.95386508676053,-29.840558604061417],[30.953844626242251,-29.84042740126522],[30.953795483883727,-29.840126638617757],[30.953736076415368,-29.840023447232827],[30.953459511782956,-29.839985051757509],[30.953114770363975,-29.840015703968309],[30.952694921345135,-29.840045095488186],[30.952245888609504,-29.840111766227519],[30.951851664225035,-29.840068659465988],[30.951638096549736,-29.840106771339819],[30.951380640468127,-29.84031672126935],[30.951371658073001,-29.840338760853356],[30.951199728662765,-29.840760612115588],[30.950925782295624,-29.841094672201081],[30.950624535455326,-29.841266414450416],[30.950225236808542,-29.841360064556522],[30.949831668486013,-29.841381264656203],[30.949445635670926,-29.841373956854252],[30.9489199363037,-29.841438200030364],[30.948576420416451,-29.841671400501475],[30.948239371883918,-29.842040382190941],[30.9477613382515,-29.842375786014337],[30.947169738885052,-29.842790865694731],[30.946619704161122,-29.84316146182486],[30.945855148388702,-29.84354219658827],[30.945559793010517,-29.843798322789443],[30.945296742654236,-29.844184886593197],[30.945148130871488,-29.844709082908654],[30.944967112898006,-29.845281855657589],[30.944815650722141,-29.845400429210944],[30.944723329903823,-29.845472703186314],[30.944628483296189,-29.845620954207622],[30.9444538041956,-29.845505033119842],[30.944525820876496,-29.845781421244133],[30.944416037827079,-29.84625874838715],[30.94423007608178,-29.847067283183389],[30.944080457270442,-29.847717794398843],[30.944122531598207,-29.848216332079051],[30.944294801128773,-29.848624558884943],[30.944871411617765,-29.848993370188474],[30.945555834576833,-29.849160734718957],[30.946048492712613,-29.849518966718144],[30.94599925669317,-29.849818407926168],[30.945947138573402,-29.849916139465581],[30.945886937769036,-29.850090760384102],[30.945786595183993,-29.85037012603296],[30.945746388570821,-29.850614613812372],[30.945686068614208,-29.850998809985452],[30.945485510752523,-29.851417878119246],[30.945224852910968,-29.851784523777308],[30.945004359314265,-29.851959053935062],[30.944543349199119,-29.852325611724105],[30.943982241569735,-29.852552407739417],[30.94370167156643,-29.852692001712338],[30.943441105226867,-29.852883997597001],[30.943240632785994,-29.853093484064182],[30.94316042109736,-29.853215700595502],[30.943020103952126,-29.853337890458224],[30.942959906421454,-29.853495044849172],[30.942919713098519,-29.853704601767888],[30.942859504952207,-29.853879220647737],[30.942859392048259,-29.854071330757858],[30.942839295212714,-29.854176109183626],[30.942698945499352,-29.854350692326541],[30.942638685132128,-29.854612633827855],[30.942599151141454,-29.854950162138888],[30.941620135812499,-29.854834629966287],[30.940948995170547,-29.854901783966945],[30.940471461826515,-29.854969059482364],[30.940045514062248,-29.855092603500406],[30.939671179418855,-29.855204917219123],[30.939451601854991,-29.855508543774484],[30.93944128557418,-29.855655602461209],[30.939425574589364,-29.855879760263758],[30.939347877266854,-29.85629591939615],[30.939194556305289,-29.856512170531623],[30.939079019599482,-29.856847207554896],[30.938790521140298,-29.85713189876757],[30.938405977259269,-29.857316016075057],[30.937925274851516,-29.857583856519778],[30.937425419983231,-29.857734406407335],[30.937194665026034,-29.857885085629643],[30.936579369387918,-29.858203122115388],[30.936194784339872,-29.858437497038228],[30.935237781408006,-29.859107898257875],[30.934693100017519,-29.859371297008884],[30.934414692539079,-29.859518817356914],[30.934178621384493,-29.859687453150148],[30.934009066930319,-29.859940498051699],[30.933815252171474,-29.860246268513411],[30.933579127494145,-29.860488733808882],[30.933349167430233,-29.860562446330128],[30.933167652560886,-29.860572900085064],[30.932719933762172,-29.86057266842986],[30.932369055821209,-29.860519749551308],[30.932163369492919,-29.860488000257575],[30.931800391881133,-29.8604350733311],[30.931606784229139,-29.86043497116351],[30.931425254733679,-29.860466516845833],[30.931267888745786,-29.860550811395704],[30.931183088033009,-29.860687880714629],[30.931031681606903,-29.860898745439368],[30.930971066170677,-29.861056922222552],[30.930874111048741,-29.861267816084382],[30.930765069856648,-29.861457609011719],[30.930631743377546,-29.861763409380742],[30.930522731164771,-29.861911013333],[30.930425880804773,-29.862005898270517],[30.930329021754901,-29.862079677159723],[30.930220092782601,-29.862111260222921],[30.930026436083306,-29.862174439109303],[30.929651232392231,-29.862258597844161],[30.929385002894509,-29.862279546377078],[30.929191346291109,-29.862342723567657],[30.928735280672374,-29.862599168276073],[30.928514414349102,-29.86264181924923],[30.92809069110816,-29.862125591458945],[30.927726199318265,-29.86176202594439],[30.927257700323228,-29.86108046871108],[30.926633010908315,-29.860262557304715],[30.925799796143792,-29.859580783379776],[30.924653772506179,-29.859125920697778],[30.922986435816469,-29.858988675411467],[30.920850155421761,-29.858805673147856],[30.919078711125891,-29.85857746052427],[30.918192622846846,-29.858894839240619],[30.917983890847204,-29.859258063656117],[30.916681850332104,-29.858485097005659],[30.915952966668545,-29.857757911446701],[30.915276433555533,-29.856758238730997],[30.914912431607103,-29.855895027438223],[30.914652529069016,-29.855168142725734],[30.914183933413138,-29.854759056504399],[30.913782653116979,-29.85436493854781],[30.913767446647352,-29.854350003412282],[30.913038053877905,-29.854258698935364],[30.91210020266249,-29.854212642001414],[30.910901622753673,-29.854393495937256],[30.91006773414373,-29.85462001377088],[30.909598787307406,-29.85461968522905],[30.909025755856877,-29.854483022737504],[30.909030868752183,-29.854866832279438],[30.909156850724653,-29.855639985372569],[30.909232257651329,-29.85630266497509],[30.909396140166272,-29.857208360038985],[30.909446171412796,-29.857915196352174],[30.909511619089173,-29.858293754010397],[30.908824331911031,-29.859019136104624],[30.90813966194019,-29.859548752265571],[30.907556407295292,-29.860012174801209],[30.906821084755908,-29.860497572788319],[30.905883284248109,-29.860717769018109],[30.905402515706481,-29.859988529496999],[30.904871031834034,-29.85930342595459],[30.904364967762387,-29.858529985707612],[30.903960263958798,-29.857778708146466],[30.903479613363981,-29.856961109745757],[30.903074836210966,-29.856298179410203],[30.90248092022123,-29.854729514612618],[30.902303987854879,-29.85428762926691],[30.902000474758591,-29.853735209562529],[30.901544780302601,-29.853337285953781],[30.901063773814951,-29.852917253643824],[30.900557411224597,-29.852519287483606],[30.900152405409145,-29.852121397738411],[30.899544948924472,-29.851480385297243],[30.899064190198882,-29.850839468795552],[30.898909321156946,-29.850353215395735],[30.898745410554806,-29.849995571224003],[30.898751463720277,-29.849992304288229],[30.898744931807137,-29.849977370246734],[30.898740601919556,-29.849812756777105],[30.898735891318271,-29.849633668769094],[30.898729575654645,-29.849393558423259],[30.898721664991733,-29.849092807488901],[30.898623449494607,-29.848741863097896],[30.898559475100853,-29.848668214708567],[30.898442948705107,-29.848534067219127],[30.898360580515778,-29.848316702627734],[30.898377634580982,-29.848140184357003],[30.898402537803786,-29.847882422156637],[30.898476638223681,-29.847710624897239],[30.898495730648804,-29.847437260029118],[30.898501642469068,-29.847352614421723],[30.898139747617712,-29.847164571236103],[30.898456769617976,-29.846848911673355],[30.898457204310347,-29.846419276314517],[30.898581185287124,-29.845655574727427],[30.898622881524261,-29.84503502172873],[30.898815199282954,-29.844378781157165],[30.898966373823512,-29.843794114748615],[30.899405264631888,-29.842970980944074],[30.89969366107055,-29.842052256690366],[30.899844564990367,-29.841730144203229],[30.900163007920948,-29.841651878218901],[30.900832592873904,-29.841168985366682],[30.90081180722245,-29.841098373093036],[30.900406784086645,-29.840648821335247],[30.900308677529999,-29.840190468804042],[30.900391621830735,-29.839374222694474],[30.900392786976564,-29.838199884580625],[30.900196294874508,-29.83756960305357],[30.899868365973486,-29.836967864027027],[30.899737741815091,-29.836180098286423],[30.899508362525069,-29.835592754231026],[30.899081513827895,-29.835363289379345],[30.898687461364048,-29.835191133160468],[30.898457873225396,-29.834818605280407],[30.898392676487862,-29.834317312588869],[30.898295121922505,-29.833329073504327],[30.898131750693008,-29.832455353229562],[30.897164312068906,-29.830821984339174],[30.896528835386153,-29.830196708787408],[30.895565207129902,-29.829699190099781],[30.894776882081192,-29.829201812895608],[30.894593783387794,-29.829086289222438],[30.894078464070603,-29.828814574596795],[30.892337797486437,-29.828455136825319],[30.891763279408192,-29.828125279132571],[30.891845743132976,-29.82781027963625],[30.892141451748639,-29.827753236472347],[30.892617725876271,-29.827796588140316],[30.893290961613776,-29.827968988390719],[30.893996973886203,-29.828213017656854],[30.894621075234159,-29.828256480635439],[30.895591975006983,-29.82773234714476],[30.896526909228218,-29.827236491571789],[30.897135729783539,-29.826654484653019],[30.897267844729026,-29.825952847004611],[30.897748586441995,-29.825465609874723],[30.898047054536068,-29.825163105823286],[30.899667172019676,-29.824608494681986],[30.899934104045826,-29.824385891554599],[30.900218834018684,-29.824148444458888],[30.900735106593292,-29.824251270398587],[30.900773579585465,-29.824099732852222],[30.900750942004237,-29.823886362007674],[30.900847165829276,-29.822951849996585],[30.901826635695116,-29.821661855171982],[30.902913469368769,-29.821419553478112],[30.903041352087893,-29.820986726175654],[30.903614531581042,-29.82066932299298],[30.904790363748681,-29.820276149519884],[30.907316823539563,-29.820002493434338],[30.907917878486238,-29.819801466248641],[30.908772864866094,-29.8196408636909],[30.909775947179309,-29.819305529436974],[30.909860917457642,-29.81929635447888],[30.909302047600868,-29.81926001978572],[30.908426780586446,-29.8191524867566],[30.908403723727059,-29.819141882075019],[30.908360924140297,-29.819143185264846],[30.907773083722851,-29.819060157802998],[30.907068192837865,-29.81890180516228],[30.906683244670994,-29.818864822702071],[30.905907628721049,-29.818868772727413],[30.90506576010284,-29.818703523858375],[30.904537998437583,-29.81846633230661],[30.903989452873365,-29.818312564167883],[30.903442722679348,-29.818227644838654],[30.902363301329896,-29.818241000327152],[30.901033963390326,-29.818209144517713],[30.899924867978751,-29.8181088565217],[30.899155111582317,-29.818142113627022],[30.898354239470969,-29.818189639618254],[30.897498013605642,-29.818465472255294],[30.896430580080356,-29.818629266562048],[30.895447077317538,-29.818892362790184],[30.894801225747567,-29.818927928537047],[30.894157255239989,-29.819150664661205],[30.893714562441303,-29.819534767027196],[30.893095006583575,-29.820266163717168],[30.892738014349167,-29.820547780957405],[30.892230574844881,-29.820149531679071],[30.891552598944575,-29.819346987168359],[30.89104985739203,-29.818506393703789],[30.890590690667388,-29.81787587932811],[30.89010961133372,-29.81726444008742],[30.889497153741083,-29.816652889249706],[30.889363105372208,-29.815965058561712],[30.887327650626837,-29.815084968424905],[30.885542075964125,-29.814051161991081],[30.885277811488052,-29.813197252394819],[30.885694348413981,-29.812547649068954],[30.885791160084242,-29.812087656291936],[30.88633594815677,-29.811760305884132],[30.886709113769506,-29.810893156813965],[30.8876536708609,-29.810423973591835],[30.888289276255591,-29.809369675031906],[30.888381967801553,-29.809087752592287],[30.888818009858614,-29.808783931862553],[30.889008659573687,-29.806549592882657],[30.890072492953514,-29.805482567644237],[30.891090216698807,-29.804375259691433],[30.891552527384576,-29.804053137789655],[30.891830176392286,-29.803751248869396],[30.892279198020535,-29.803185360531739],[30.892993684198387,-29.802952842114934],[30.893078722238442,-29.802845649947869],[30.893379197643053,-29.802745117576055],[30.894441972333386,-29.802584777074347],[30.895043137520911,-29.802202511071755],[30.89589799568564,-29.802041899388875],[30.896635792218536,-29.800984670620878],[30.896823352215549,-29.800853922837838],[30.897931126766373,-29.801458133642434],[30.900128174533418,-29.801877881998738],[30.900980394070217,-29.801654707379104],[30.901493730750147,-29.800941434137691],[30.902171918536109,-29.800763868251046],[30.902908709662462,-29.800019257860814],[30.904481898518007,-29.799516770467385],[30.904877348150439,-29.799489364849507],[30.906782885086383,-29.79970814589969],[30.907151008190819,-29.801126895698417],[30.910449585047271,-29.800961241947796],[30.911058220654247,-29.800585568845147],[30.914162913300284,-29.800311347541996],[30.915201316556349,-29.799907975781505],[30.915425236438654,-29.799681691640941],[30.915537015676886,-29.799597777867564],[30.915446497193148,-29.799495418670265],[30.914829988532855,-29.799079679057058],[30.915264954485437,-29.798957262251893],[30.915966902223623,-29.79902573108231],[30.916388303167167,-29.799634392821659],[30.916967762701926,-29.800486997173984],[30.918095720883599,-29.80036654530462],[30.919486382325047,-29.800000122648573],[30.919640126631247,-29.799441640194413],[30.919610132725261,-29.798377276245262],[30.919947197087357,-29.797394150357686],[30.921060661840031,-29.796582482195689],[30.921608361892112,-29.796277076959903],[30.921809192599131,-29.795919772993752],[30.923058160049134,-29.795954095743699],[30.923824352439595,-29.796030919754831],[30.92432814732906,-29.79568749777512],[30.925029101478291,-29.795172330133763],[30.925554625097636,-29.795038961584961],[30.925791985601165,-29.794997390394485],[30.925873329539563,-29.79588647468249],[30.925822232483632,-29.796435925616922],[30.926462022890163,-29.797149417843187],[30.926720674920929,-29.798145054720333],[30.92708485442779,-29.798419146200875],[30.927309629234671,-29.799497488853962],[30.929502974716616,-29.799790286639972],[30.929786455528792,-29.800234032179251],[30.929882436938446,-29.800512757699693],[30.929258219024494,-29.801237801190787],[30.92905032284018,-29.801237681737753],[30.929050193365946,-29.801419006005375],[30.927463970597849,-29.802386962134463],[30.928197041555471,-29.802362187538677],[30.928798592844554,-29.803126315119496],[30.928913313085598,-29.803908654595944],[30.929344729011291,-29.804869031574391],[30.930165203999476,-29.805704875944365],[30.931013356436726,-29.806111091078485],[30.931478024892112,-29.806994478578254],[30.931970216217689,-29.807663059298946],[30.932402389797858,-29.808282757359567],[30.932872461762521,-29.809071779754976],[30.933446813642625,-29.809692658904751],[30.933665252407724,-29.810480438883722],[30.9345133348762,-29.811077581602927],[30.935224621743391,-29.811603045494717],[30.935908743436343,-29.811818198129025],[30.936811666708877,-29.812296008662003],[30.937303934334832,-29.812940700298277],[30.93749500973739,-29.813776198172931],[30.937521920656796,-29.814516143045527],[30.937767906179985,-29.815089109754759],[30.937958974755766,-29.815948475463845],[30.93801342334239,-29.816425876449372],[30.93773927783166,-29.817117941881666],[30.937738982036418,-29.817595317089786],[30.937517831411842,-29.818033138050353],[30.940680950926915,-29.81765688148074],[30.941755366936505,-29.817637379624937],[30.942629891796322,-29.817562266943103],[30.943582516911214,-29.817419464494911]],[[30.914455736935956,-29.818970050262124],[30.91404557504136,-29.820008487041815],[30.914455184651999,-29.818984978559566],[30.914455736935956,-29.818970050262124]],[[30.910205940785044,-29.819259098819344],[30.910321467873221,-29.819178620222822],[30.909978596630367,-29.819283647572369],[30.910205940785044,-29.819259098819344]],[[30.9114185246993,-29.821666137036196],[30.911423972476253,-29.821691430998666],[30.911494897988021,-29.821627052857966],[30.9114185246993,-29.821666137036196]],[[30.946507361131872,-29.830316058205515],[30.9465026239365,-29.830324860433979],[30.946512871416605,-29.830319505373858],[30.946507361131872,-29.830316058205515]],[[30.929324145031757,-29.846410899554822],[30.929392660062049,-29.846577066943002],[30.929340944774928,-29.846428356239777],[30.929324145031757,-29.846410899554822]],[[30.920483556564403,-29.848401858788112],[30.919656676047971,-29.848548986293853],[30.919661509670586,-29.848548833176689],[30.920483556564403,-29.848401858788112]],[[30.924031481437751,-29.850094496905459],[30.924490404855227,-29.850581031358043],[30.924043694598652,-29.850099952846364],[30.924031481437751,-29.850094496905459]],[[30.932208870237535,-29.850817805363739],[30.932496817965866,-29.851448844929454],[30.932207262192989,-29.850806065530261],[30.932208870237535,-29.850817805363739]],[[30.907861814351975,-29.851769770963234],[30.907666249116843,-29.851238599880734],[30.907664892880003,-29.851243419711643],[30.907861814351975,-29.851769770963234]],[[30.935670126808212,-29.857563863559616],[30.935629132574668,-29.857584524482114],[30.935793377259078,-29.857520960034385],[30.935770356599548,-29.857528973545609],[30.935670126808212,-29.857563863559616]]]]}},
{"type":"Feature","properties":{"sde_LDR_Mi":0.0,"CAT_NAME":"Ohlanga River","MAJ_CAT":"Ohlanga River","Id":0,"Phase":"Phase4","OBJECTID":0,"Shape_Area":12874959.2301,"BlockName":"Umhlanga"},"geometry":{"type":"Polygon","coordinates":[[[31.085250197037784,-29.703053085537007],[31.084868906274426,-29.70452308335134],[31.083135202177658,-29.706293277697647],[31.083068433591325,-29.706613914676353],[31.083061084527984,-29.706649206317746],[31.083969196000258,-29.706228337848014],[31.086294125041302,-29.705541420661312],[31.087868697746483,-29.705196669403527],[31.089295971165864,-29.705253000792517],[31.090772357733815,-29.705194711158867],[31.092649452059664,-29.70536175810723],[31.093167665165662,-29.705407870299982],[31.096482123810077,-29.706107250560716],[31.098043556687827,-29.706612179582148],[31.097869342541738,-29.707276646072117],[31.097840750650231,-29.707385696941696],[31.097274682921597,-29.708303742890276],[31.09678182546347,-29.709103041137961],[31.096743730215238,-29.709164822016081],[31.094008209964027,-29.71360091819923],[31.09354841702509,-29.714854562311906],[31.092344394588174,-29.718137222713409],[31.090543270750572,-29.722196215359705],[31.089688399649742,-29.723099470157937],[31.089680864708033,-29.723123990294372],[31.08967205104469,-29.723146072280695],[31.089667665397936,-29.723163059470295],[31.089812694064651,-29.723240986152245],[31.090049721340364,-29.723780266771389],[31.089799696440647,-29.725836780992875],[31.089052529885407,-29.727959225521971],[31.086129679930703,-29.73187568800482],[31.083207213858223,-29.736532024400475],[31.082326551051512,-29.737324469099743],[31.082044853565591,-29.738227452632632],[31.081671623412792,-29.738779567174909],[31.081405617736728,-29.739173061581621],[31.078376900141368,-29.743815639625033],[31.076985620835895,-29.746164559360651],[31.075127455517279,-29.748590719436308],[31.074820851873088,-29.748876791605706],[31.074127476920591,-29.748459470302077],[31.072512940523179,-29.74748770273413],[31.071671710546759,-29.747309143308257],[31.070946712882733,-29.747100679971865],[31.069826225854477,-29.746539160529821],[31.068857315448824,-29.745623097777269],[31.068479131813977,-29.74456350953875],[31.068574686709145,-29.74028135535282],[31.068630603871242,-29.737775321752451],[31.068641027119099,-29.737308170906246],[31.068654885833762,-29.736687042296168],[31.068660803955463,-29.736421797945862],[31.068529405221348,-29.734022912330282],[31.067707277652175,-29.731567207913066],[31.067548044997483,-29.731334962949102],[31.065997155080371,-29.732652101314404],[31.064988938154276,-29.733508330549462],[31.064950900174907,-29.733545163569818],[31.063663316625206,-29.734791936908348],[31.062996955800564,-29.735245767655741],[31.062595889706589,-29.735518914524029],[31.062354380670364,-29.735472828328234],[31.062049744499362,-29.735414694404746],[31.061192118511343,-29.735634486837679],[31.060898195384507,-29.735777836485049],[31.060638861698244,-29.736589503501136],[31.060283697631242,-29.737234130832153],[31.060140571737829,-29.738009939759952],[31.060065867336288,-29.738863292950125],[31.059883047846704,-29.739423875491354],[31.05979844183754,-29.739729437570649],[31.059390952715169,-29.739959186967958],[31.058953405918409,-29.740073953790358],[31.057443929639923,-29.740590188842418],[31.056881903447554,-29.740657742615948],[31.056289317461466,-29.740660283942418],[31.055645637981346,-29.740663041378713],[31.054994698818557,-29.74069195626457],[31.054436517813677,-29.740286413747238],[31.054315988244294,-29.73994274876037],[31.054223951406666,-29.739680323711767],[31.053818028661464,-29.739618333161822],[31.053385747725326,-29.739355948904446],[31.053161250078148,-29.738935943593898],[31.053073516857879,-29.73853497860819],[31.052909351598576,-29.738415699003252],[31.052504550010724,-29.738387217398898],[31.05205587640333,-29.738143930750894],[31.051738408859595,-29.737747829086892],[31.052135664327835,-29.737188905510866],[31.052823300784066,-29.736229828800962],[31.053163665596244,-29.735973660990624],[31.053532165269317,-29.73539368166481],[31.054598562015617,-29.734951668357308],[31.055377944608729,-29.734808130172652],[31.055473372282815,-29.734271036183614],[31.055801273641702,-29.733745778819024],[31.055732419081107,-29.732874586686521],[31.056346963535464,-29.731430247388346],[31.05683520405886,-29.729780518907074],[31.056878863374823,-29.729790140002283],[31.056946238294632,-29.729527217311713],[31.057085607755155,-29.728983339926007],[31.057581980093978,-29.728276195733439],[31.057680974035122,-29.728135165124247],[31.057714097134404,-29.728087976566805],[31.057751244852142,-29.72796552141039],[31.057854620896133,-29.727760986202707],[31.057896729147252,-29.727490547280144],[31.058078814734554,-29.727051443189332],[31.058103050732079,-29.727003026172952],[31.058135923064938,-29.726916807558542],[31.058193944380335,-29.726804982458614],[31.058223021815959,-29.72671234694635],[31.058234213983745,-29.726676690653221],[31.058287508063419,-29.726548168808037],[31.05828988392641,-29.726542439264911],[31.058383178293333,-29.726317453474639],[31.058439006964154,-29.726182818276467],[31.058629042429708,-29.725724530030636],[31.058692249514184,-29.725572099264113],[31.05917485078421,-29.724089257800667],[31.059877418155232,-29.723685554029643],[31.060145282519329,-29.723465836831526],[31.060238126283981,-29.723241425012052],[31.059980713005817,-29.722640040338785],[31.059904078503823,-29.7225302771283],[31.058225768492505,-29.722239822702324],[31.057733347985423,-29.721905870769024],[31.057815112308052,-29.721428452810894],[31.058093715210759,-29.721309538636593],[31.058402902958591,-29.721177569125352],[31.059222708844551,-29.720210505718583],[31.060118228191723,-29.719154101713372],[31.060330621047584,-29.718903547234316],[31.060473609926838,-29.718734865973666],[31.060550022890904,-29.718512572762481],[31.060622736717232,-29.718301039770662],[31.060643492017203,-29.718240660014118],[31.061255696679254,-29.717741370619009],[31.061258449788077,-29.71773912527701],[31.061565599948946,-29.717146869617977],[31.061722764589078,-29.716843817318033],[31.062651695573511,-29.715578317020533],[31.062756990767923,-29.715376327609366],[31.063143302238544,-29.714635252618155],[31.063469152004036,-29.714092194485641],[31.063560709138393,-29.713939605030639],[31.064167617119693,-29.712928116634895],[31.064278725787258,-29.712522996392504],[31.064334538040683,-29.712353552622012],[31.064922060307474,-29.711830597369509],[31.065145576150275,-29.711600196494185],[31.065328751848,-29.711435727243444],[31.065597799964966,-29.711134038289263],[31.06582922147966,-29.710874538896721],[31.066052813785785,-29.710623816954811],[31.066325874299267,-29.710062755384683],[31.066388675983063,-29.709856037029862],[31.066645764597329,-29.709164131056333],[31.066874117138273,-29.708783893211798],[31.067189472457162,-29.708280070943179],[31.067406820925825,-29.707728782457369],[31.067792585965055,-29.706716508520582],[31.067900627558679,-29.706387910880057],[31.06814125926342,-29.705753450142399],[31.068490913669951,-29.704831520022111],[31.068627743283027,-29.704470737954065],[31.068914632347258,-29.703974408801368],[31.069047271041867,-29.703891235208545],[31.069949452611962,-29.703783350521146],[31.070510002722358,-29.703866595404605],[31.070792067315125,-29.704096255858694],[31.070794454155727,-29.704066555146628],[31.070877246432381,-29.703036316549461],[31.071099972187984,-29.702505659249852],[31.071291371091686,-29.701222645681781],[31.071625796364923,-29.700698693096772],[31.072030703905014,-29.699904965807693],[31.07328543003862,-29.698579032915969],[31.073589028539157,-29.697608091494256],[31.073824058988674,-29.696701959520524],[31.074374176808295,-29.696143871666074],[31.080745743692635,-29.696055823014937],[31.080838489235425,-29.696519368453647],[31.081937269743147,-29.69728550377118],[31.082916504554898,-29.697787291588774],[31.084574249776701,-29.698099377361803],[31.085105845541769,-29.698678022177859],[31.085732821313236,-29.69877288434753],[31.086660870558379,-29.699793122348904],[31.086469018636812,-29.700320281693518],[31.086146637232542,-29.700825694324255],[31.086869689584976,-29.701106870571511],[31.086671313746166,-29.70198253405605],[31.085250197037784,-29.703053085537007]]]}},
{"type":"Feature","properties":{"sde_LDR_Mi":0.0,"CAT_NAME":"Umhlangane River","MAJ_CAT":"Umhlangane River","Id":0,"Phase":"Phase4","OBJECTID":0,"Shape_Area":11241524.952400001,"BlockName":"MtEdgecome"},"geometry":{"type":"Polygon","coordinates":[[[31.050545434748461,-29.68863130313084],[31.050739052808012,-29.69072416228606],[31.050626860034608,-29.691174455922848],[31.050344316256524,-29.691471722930576],[31.049500777160912,-29.692084040208712],[31.049910339524189,-29.69270770819433],[31.050099072625841,-29.693268489446904],[31.050326140019354,-29.693614279340974],[31.050420684050856,-29.694257369526923],[31.050524985922138,-29.694779480873173],[31.051136691259622,-29.695445829346252],[31.051712635065989,-29.695657426802335],[31.051869824816038,-29.696756967894316],[31.051448884480976,-29.697216403795913],[31.050722359358407,-29.697601980750203],[31.049987053172686,-29.698660075003215],[31.049210030493246,-29.69920373259718],[31.049385205946916,-29.7004233529196],[31.049876010924063,-29.700805935788154],[31.050106671496366,-29.701244186650037],[31.050833985941164,-29.701535286629639],[31.052490563602383,-29.703152406413395],[31.053022547092866,-29.703567078773393],[31.053125830054729,-29.704048681132406],[31.053029967021406,-29.704690220502815],[31.051991909165075,-29.705786716341542],[31.052298339207205,-29.706639642972799],[31.052885740143111,-29.707080997593611],[31.052408603354156,-29.708216782226067],[31.052809067230058,-29.709042426183139],[31.053032364257771,-29.709391548447826],[31.05322497788255,-29.709948983102372],[31.054279085503921,-29.710116446400122],[31.054663934329845,-29.710505913858309],[31.055139399141233,-29.710863136458595],[31.054264277155589,-29.711204412100951],[31.053864343829343,-29.711399434808019],[31.053407458254586,-29.711577699993438],[31.054263136323957,-29.712915106646776],[31.053657854182738,-29.71386295746267],[31.054012913912974,-29.715337425547496],[31.054682206053847,-29.715751313564617],[31.056184329510039,-29.715922242849935],[31.056455976394776,-29.716197183018707],[31.056579102160008,-29.716633846631275],[31.056767918671106,-29.71767634094078],[31.057085412653272,-29.718415854195339],[31.057496307623946,-29.719098221185998],[31.057620676985561,-29.719255866674253],[31.057497937574585,-29.71980729674323],[31.057539253846034,-29.720330012517596],[31.057549237679257,-29.720665432550231],[31.057416606436291,-29.721046139287516],[31.05763020598711,-29.721575940844744],[31.057733347985423,-29.721905870769024],[31.058225768492505,-29.722239822702324],[31.059904078503823,-29.7225302771283],[31.060124407269132,-29.722975748636305],[31.060238126283981,-29.723241425012052],[31.060145282519329,-29.723465836831526],[31.059877418155232,-29.723685554029643],[31.05917485078421,-29.724089257800667],[31.058873996300331,-29.725013669135791],[31.058692249514184,-29.725572099264113],[31.058629042429708,-29.725724530030636],[31.058439006964154,-29.726182818276467],[31.058421974753802,-29.726223892822237],[31.058383178293333,-29.726317453474639],[31.05828988392641,-29.726542439264911],[31.058288013056281,-29.726546950986005],[31.058287508063419,-29.726548168808037],[31.058234213983745,-29.726676690653221],[31.058223021815959,-29.72671234694635],[31.058193944380335,-29.726804982458614],[31.058135923064938,-29.726916807558542],[31.058103050732079,-29.727003026172952],[31.058078814734554,-29.727051443189332],[31.057896729147252,-29.727490547280144],[31.057854620896133,-29.727760986202707],[31.057751244852142,-29.72796552141039],[31.057714097134404,-29.728087976566805],[31.057680974035122,-29.728135165124247],[31.057085607755155,-29.728983339926007],[31.056946238294632,-29.729527217311713],[31.056878863374823,-29.729790140002283],[31.05683520405886,-29.729780518907074],[31.056346963535464,-29.731430247388346],[31.055732419081107,-29.732874586686521],[31.055801273641702,-29.733745778819024],[31.055473372282815,-29.734271036183614],[31.055377944608729,-29.734808130172652],[31.054598562015617,-29.734951668357308],[31.053532165269317,-29.73539368166481],[31.053163665596244,-29.735973660990624],[31.052823300784066,-29.736229828800962],[31.052135664327835,-29.737188905510866],[31.050953882758314,-29.737499894701461],[31.050857693633368,-29.737597364031604],[31.050164714562715,-29.737899392442117],[31.04981896812394,-29.737960420035705],[31.049452300956919,-29.738165119946689],[31.049132437484779,-29.738444507023864],[31.048591122579307,-29.738910153425568],[31.048221999169744,-29.739139431339989],[31.047975774957354,-29.739355633483292],[31.04829055358627,-29.739868703328195],[31.04853705088771,-29.740572750645317],[31.049266258874226,-29.740913908534935],[31.049694267518529,-29.741114148209341],[31.049491147225751,-29.74144480098612],[31.049439636479573,-29.74152865356103],[31.049215250539561,-29.741893921856231],[31.049177972339923,-29.742431912315446],[31.049347858518313,-29.742686372977598],[31.049329123351981,-29.742700399094833],[31.049079910480607,-29.742886972149979],[31.048809306954251,-29.743254655288077],[31.048415997307583,-29.744412448240308],[31.048028066412652,-29.745395993253261],[31.047672710521891,-29.74587111553388],[31.047634632183275,-29.746324641370119],[31.047262335703575,-29.747100817222499],[31.047153694984605,-29.747327312475011],[31.04708424967653,-29.747566504697581],[31.046970724617871,-29.747957519378435],[31.046945300028799,-29.749047866485515],[31.046941225834953,-29.74922258832455],[31.047039945241341,-29.749752445257066],[31.047212469549923,-29.750172477918213],[31.047204425104862,-29.750518581829944],[31.047013039905927,-29.750714376071773],[31.046996973294082,-29.751402096928338],[31.045960912930369,-29.75146911404206],[31.045431219157713,-29.751968358634763],[31.045388912060456,-29.752008233423595],[31.044800420256227,-29.751694077277506],[31.044214812957783,-29.751381456414364],[31.044206686909948,-29.751374367350039],[31.0440069340683,-29.751200104951383],[31.044140389851847,-29.750922568424897],[31.044056908143915,-29.750835289200936],[31.043419594757783,-29.750168978175836],[31.042428570724628,-29.749675909095014],[31.04200839439542,-29.749131818105297],[31.041877411752548,-29.748962205743226],[31.041828152020148,-29.748898418028336],[31.041634714523354,-29.747829633269699],[31.041604338997661,-29.747797871390503],[31.041384893865839,-29.747568409870812],[31.040966190887801,-29.747130591614596],[31.041015118354071,-29.746939686144437],[31.040914048668494,-29.746546961999407],[31.040877104969848,-29.74640340993113],[31.040607347870839,-29.746315397813238],[31.04034918597435,-29.746231168112296],[31.03997156522799,-29.746016751424705],[31.039715495198429,-29.745559149329758],[31.039711862172357,-29.745552657008815],[31.039690025769509,-29.745396847558226],[31.039657003326766,-29.745161221339394],[31.039251094408684,-29.745252744837384],[31.039015623208456,-29.745397048108231],[31.038750641266375,-29.745559435380347],[31.038528312512828,-29.745695682942511],[31.038471735549514,-29.745730354332455],[31.038258936804034,-29.745897359488755],[31.03803626191895,-29.745881834575748],[31.037938348853203,-29.745875007947845],[31.037326175822603,-29.745704252470617],[31.037182146778253,-29.74568730908944],[31.03682013383284,-29.745644721660526],[31.035965298093299,-29.745442069978111],[31.035308941527479,-29.745728675110843],[31.034201110601696,-29.745561882842871],[31.032935849295527,-29.744911772644016],[31.032203917844214,-29.744100405566417],[31.031985080942512,-29.744034818785725],[31.031479002009963,-29.743820118791611],[31.031130170863158,-29.743515871060609],[31.031034397124255,-29.743378646576112],[31.031013809813007,-29.743139960997844],[31.031446028127071,-29.743111569638774],[31.031455555174542,-29.743103891974812],[31.030800281880659,-29.742415728764701],[31.030607527482005,-29.741132855898918],[31.030384140307792,-29.740783783078051],[31.030287923172924,-29.740505047216779],[31.030591807823033,-29.740044892525127],[31.031230331923744,-29.73933287504973],[31.031427432519759,-29.738202461570317],[31.031130689666234,-29.738199539235818],[31.030597392940901,-29.738319008889835],[31.029653830835855,-29.738414699891557],[31.028983538520436,-29.73769877659004],[31.028699797678687,-29.737261118452086],[31.028463657569311,-29.736899275828947],[31.028203691806937,-29.736398081122669],[31.027957403523018,-29.735896882978405],[31.02776588929758,-29.735658232613844],[31.0273828765338,-29.735228669162968],[31.027013560964232,-29.734870708993647],[31.02664421016927,-29.734369533343965],[31.026644153397609,-29.734154711694874],[31.026753461970259,-29.733820522605413],[31.027013177243916,-29.73343856464734],[31.027300281573357,-29.733211749515466],[31.027901831986394,-29.732746177062054],[31.028448820667418,-29.73278186425064],[31.028722310052736,-29.732781805189394],[31.029091480414912,-29.732942266057393],[31.029433385934702,-29.732793583524131],[31.029501677972167,-29.732519073913892],[31.029597307921172,-29.732208754526777],[31.029993797818062,-29.731981909011559],[31.030321889158589,-29.731671536199624],[31.030732038687241,-29.73140888170208],[31.03136094433755,-29.731050697941587],[31.031784744021461,-29.730728364211917],[31.032126503720576,-29.730429918133691],[31.032796486599604,-29.730274604773502],[31.033001586812254,-29.730238750169548],[31.033384430668598,-29.730143177822448],[31.033644206917998,-29.730047635702803],[31.034109788737744,-29.729866618021347],[31.035004633419742,-29.729902091897078],[31.035384111605964,-29.73025940055075],[31.035411881760524,-29.730116196078942],[31.03541175435085,-29.729753385975481],[31.035575583681172,-29.729018174077876],[31.03568485033658,-29.728664882108156],[31.036034769376833,-29.728292429466524],[31.036294353097706,-29.727808810475512],[31.037426033367865,-29.727371918566885],[31.037531975315318,-29.727331018356878],[31.037894562489569,-29.727094050298202],[31.038427060177504,-29.726746033760936],[31.039206198375496,-29.726077470504357],[31.039876018716821,-29.725611822951585],[31.040668908197961,-29.725181937889012],[31.041256743938014,-29.724883392194709],[31.041543762366658,-29.724584938616321],[31.041581260760861,-29.724482257624448],[31.041748630525888,-29.724023950146872],[31.041917264211165,-29.723637440031212],[31.042268614459992,-29.723254191770952],[31.043054103013496,-29.72299042192477],[31.0425629312948,-29.72297058571916],[31.042180019579675,-29.722817945945959],[31.041698583794471,-29.722474383218859],[31.04130840729248,-29.72093429109318],[31.041007070687474,-29.719621583053385],[31.040568911309421,-29.718046355628033],[31.041033153973803,-29.716518588071516],[31.041114876293214,-29.715754750338402],[31.040321299662072,-29.714275107616096],[31.039855689405247,-29.71234184763869],[31.039144307471648,-29.71117247133262],[31.039053184954966,-29.710137188854031],[31.03879554927018,-29.709856612629313],[31.038587763585731,-29.709675345702671],[31.037874017902514,-29.709210505202272],[31.035791131812562,-29.709053034681315],[31.034758225945041,-29.709597386052732],[31.033729312667518,-29.709755616834283],[31.032888557217245,-29.709211845244702],[31.031529061710096,-29.709054124910487],[31.031019309711379,-29.710142305581744],[31.026316119392753,-29.710301188414007],[31.025916440653898,-29.709678256590941],[31.025801029611522,-29.709758929453024],[31.025217803344987,-29.70993917458301],[31.024646787983851,-29.709792114183671],[31.024192344479264,-29.709497786383192],[31.024853450383873,-29.709701861585138],[31.025553670657054,-29.70959635791424],[31.026382834983149,-29.709394838210276],[31.02679614988703,-29.709196284468032],[31.027498775098646,-29.708835284499365],[31.027953386981466,-29.70851041896309],[31.028201314616393,-29.708185596025064],[31.028717843366739,-29.707572029831137],[31.029296301399068,-29.706723891449681],[31.029730187704789,-29.706254681868444],[31.030232633586866,-29.705545108414213],[31.030907823259781,-29.704865116216581],[31.031734373841527,-29.704395807730052],[31.032573597509103,-29.704016722217037],[31.032204345901743,-29.703558524206684],[31.032620111335561,-29.703416500273345],[31.033180101801381,-29.703116083918015],[31.034035820311615,-29.70177394398597],[31.034582297369827,-29.700799939421241],[31.034538317766536,-29.700112518096009],[31.034669346890979,-29.699520527785864],[31.035456528770446,-29.698928363282647],[31.036374965897892,-29.698431634881757],[31.037293274085226,-29.697610278945753],[31.037708711798246,-29.697285540147671],[31.038173995411199,-29.696806462545016],[31.038167499840391,-29.695929637744584],[31.038014035110233,-29.694955818020254],[31.038144993918063,-29.694249251609126],[31.03882273897656,-29.693599812008085],[31.039544164006738,-29.692816688212041],[31.039631406154449,-29.692205610048113],[31.039513461503418,-29.691423666271984],[31.039203712318841,-29.690634306459081],[31.03931898802772,-29.690553622582044],[31.039924527505129,-29.690487678517879],[31.040618497861949,-29.690131220222796],[31.041591924324642,-29.690236650788886],[31.042526005397043,-29.690134868302884],[31.042826429163274,-29.689807120292681],[31.045895897605085,-29.689637135211601],[31.04716953637762,-29.688982831356391],[31.047394460261589,-29.687629472260017],[31.048455704426356,-29.687105137363901],[31.048547919568325,-29.687004426655637],[31.049378957178604,-29.687548104771277],[31.049475177091718,-29.687826826231248],[31.050545434748461,-29.68863130313084]]]}},
{"type":"Feature","properties":{"sde_LDR_Mi":0.0,"CAT_NAME":"Newlands West Stream","MAJ_CAT":"Umgeni River","Id":0,"Phase":"Phase4","OBJECTID":0,"Shape_Area":17905538.377900001,"BlockName":"Newlands"},"geometry":{"type":"Polygon","coordinates":[[[30.986741315364434,-29.764291324611552],[30.987307601068348,-29.76440595119384],[30.987594855974649,-29.764398817754035],[30.98810370677106,-29.764391703804343],[30.988448414016698,-29.764370252285822],[30.988678229232004,-29.764262861807914],[30.989033883326254,-29.764200832456918],[30.989293753918826,-29.764439543404404],[30.989409639493232,-29.76457999856504],[30.989539940744709,-29.764737925163114],[30.989283686191513,-29.765063575400891],[30.988787515925402,-29.765549408267557],[30.98870536209262,-29.766265470085187],[30.988869462787207,-29.766695125242176],[30.989375550750108,-29.767053201210654],[30.989867973950194,-29.767303863880404],[30.990100505535828,-29.767447095217385],[30.990456142626297,-29.76767387642138],[30.990896354790582,-29.76773289547355],[30.99119484277475,-29.767411369158964],[30.991495786564183,-29.767387519894669],[30.991783056890011,-29.767292062231263],[30.992070316332139,-29.767327883196877],[30.992261793388959,-29.767733666763302],[30.992439560455452,-29.76856909037231],[30.992781482923245,-29.769416457171516],[30.992899109645489,-29.769643118101833],[30.993109746288948,-29.770049001762736],[30.993479061130301,-29.770550268320878],[30.994026216726102,-29.771027673020111],[30.994251267593306,-29.771530854218426],[30.994108224855403,-29.772221123686094],[30.994045446978802,-29.772531240583028],[30.991928735085448,-29.772679226427258],[30.991758901992,-29.773075151181683],[30.991635945083289,-29.773149205321225],[30.991249289413137,-29.773166339058221],[30.990936480150413,-29.773079032613666],[30.990411177213524,-29.773007388768804],[30.990000771433412,-29.77308612586145],[30.989532895805343,-29.77329374938644],[30.989138886378779,-29.773537180735119],[30.989081530027057,-29.773594620591478],[30.988917245876671,-29.773759143418339],[30.988753078268335,-29.773823575675475],[30.988512947180094,-29.773849740998838],[30.988424753126065,-29.773859350745106],[30.988159367573775,-29.773796671306723],[30.988391915850791,-29.773904102113505],[30.988528701426329,-29.774035393169342],[30.988617600298198,-29.774226352294271],[30.988680453016183,-29.774394392577086],[30.988675667219397,-29.774499426190228],[30.988680076970539,-29.77459683756237],[30.988584398157055,-29.774811173420968],[30.988519839604216,-29.774917573451923],[30.988524196135305,-29.775013626852939],[30.988518642544935,-29.775135411199631],[30.988522319537278,-29.775216601506351],[30.988520321446519,-29.775260491638697],[30.988585165885706,-29.77543925577179],[30.988721562345628,-29.775549529631856],[30.988706520278114,-29.775879671088319],[30.988713263020529,-29.776028519946404],[30.988698570336108,-29.776350881349025],[30.988810688990693,-29.776441532465682],[30.988770294734422,-29.776516180479859],[30.988640269542618,-29.776655527601267],[30.988646853673149,-29.776800896047561],[30.988615113395959,-29.777003304325568],[30.988551829587337,-29.777083513245628],[30.988556450492361,-29.777185506535865],[30.988489795036159,-29.777327020447679],[30.98845994205918,-29.777409238017643],[30.988274586589522,-29.777607875804001],[30.988272550354619,-29.7776525967606],[30.988308516062823,-29.777832910671297],[30.98826917791229,-29.777930774821382],[30.988305729661896,-29.778144798976893],[30.988299355038677,-29.778284761326208],[30.98841882878105,-29.778436263021494],[30.988459621722878,-29.778548709378381],[30.988685961434289,-29.778731702006255],[30.988768790886123,-29.778843623931802],[30.988958540399217,-29.77903452132206],[30.989016929746274,-29.779195471430171],[30.989049127545204,-29.779248570457071],[30.989078961981974,-29.779303730706818],[30.989111159847937,-29.779356829719546],[30.989140990701337,-29.779439053250897],[30.98920150953186,-29.779538858349799],[30.989236731295122,-29.779635928874995],[30.989327085846675,-29.779784931086841],[30.989297228554932,-29.779899144430502],[30.989265012612794,-29.779979300470153],[30.98923513410606,-29.780250961248743],[30.989190573006738,-29.780324409709049],[30.989263682914252,-29.780690944061782],[30.989173007246485,-29.780840384616088],[30.989205274676575,-29.78116914135741],[30.989279765457979,-29.781239292801118],[30.989355166473032,-29.78130025030417],[30.989359078466528,-29.781386600820902],[30.989373997873429,-29.781400649268058],[30.989352037275847,-29.781422086026616],[30.989078381231213,-29.78152164384209],[30.988893959535435,-29.781658464992663],[30.988799137564303,-29.781711059104904],[30.988267485661556,-29.782123070579019],[30.988013345356062,-29.782224785458133],[30.987709408861473,-29.782442264976428],[30.987310615602794,-29.782455850561998],[30.986907951905668,-29.782794663667449],[30.986472676764933,-29.783140048842306],[30.986693105066859,-29.783278543108729],[30.987088154642219,-29.783633219424058],[30.987785976737541,-29.784217740218825],[30.988731371100773,-29.784981988583059],[30.98888083552308,-29.785179956882669],[30.988895368516911,-29.785580411073731],[30.989023277911873,-29.786120846861646],[30.989146239738311,-29.786311943348192],[30.98947350132234,-29.786799600246422],[30.989676505800226,-29.787142281745354],[30.98958070316155,-29.787428700827064],[30.989252312244339,-29.787667363362047],[30.988746070345176,-29.787762796768156],[30.988020904905504,-29.78795368410411],[30.98756934996409,-29.788359413378725],[30.987172505980229,-29.78887255635312],[30.987104041989333,-29.789290255030796],[30.98714499691928,-29.790006325250918],[30.98722699187385,-29.790782071528117],[30.986898557999062,-29.791223613475623],[30.986227992532996,-29.792154431137192],[30.985867491172307,-29.792475601568611],[30.986141118902015,-29.792648679798017],[30.986273733405028,-29.792762428766796],[30.986403702140677,-29.792881786511323],[30.986567871435096,-29.793048885329469],[30.986793603146722,-29.793293563903095],[30.987108265244579,-29.793603890149868],[30.987320328035018,-29.793759058247751],[30.987744466485861,-29.793979885193863],[30.98816861522311,-29.794129104198802],[30.988455954101703,-29.794129129601739],[30.988633819760764,-29.794224620445849],[30.988941657549915,-29.794457367914774],[30.989167405267697,-29.794636403031102],[30.989262983194426,-29.794726234116034],[30.989416907488042,-29.794803820309735],[30.989618066047171,-29.794873143407838],[30.989960779060038,-29.795039567677282],[30.990152328069726,-29.795161909965611],[30.990299402454362,-29.795340937246579],[30.990408846001696,-29.79555278130757],[30.990480667053358,-29.79570793404271],[30.990549053547401,-29.796012266813491],[30.990600338809184,-29.796292729469656],[30.990645439041803,-29.796508026559103],[30.990866846639847,-29.796941138403714],[30.990701560072022,-29.797259945336936],[30.989822645528619,-29.797796271347824],[30.98840703709741,-29.79829209157845],[30.987865149716495,-29.798506862530431],[30.986485128663901,-29.799434226175595],[30.985227810977573,-29.800371943880549],[30.984154892220378,-29.80113562231546],[30.983785150182669,-29.801256977150992],[30.983259659904704,-29.801457409832672],[30.982241572496001,-29.801528883469917],[30.981551895322259,-29.801600395507268],[30.980730929254214,-29.801270888505801],[30.980221991420809,-29.800769567844995],[30.979713038435857,-29.800368494294453],[30.978842827470739,-29.800038967943106],[30.977906950553194,-29.799666460982177],[30.977496597701563,-29.798978969203851],[30.976823509964731,-29.798377358111512],[30.976232428529567,-29.79820539749295],[30.975871270364841,-29.79786162072088],[30.975792570756418,-29.797635916350295],[30.975783916569505,-29.797611096748643],[30.975641550318773,-29.797202798466049],[30.975740214612685,-29.796601321654947],[30.975732396269677,-29.79625197602045],[30.975636358661223,-29.796184858199997],[30.975394354985838,-29.796015728339011],[30.974712443463734,-29.795701058899187],[30.973967154127575,-29.795541207432976],[30.973064099493957,-29.795455098649366],[30.972111847284999,-29.79515415365039],[30.971557057990143,-29.79475710952881],[30.971079982599143,-29.795391287797571],[30.97053799418558,-29.795878092690469],[30.969831876282953,-29.796121395707861],[30.969076385690929,-29.796722716123039],[30.968583640000681,-29.797209524407247],[30.968356820030305,-29.797442298272923],[30.967753712966879,-29.797364615022683],[30.966646259531075,-29.797287410387597],[30.965731622873292,-29.797403273144358],[30.964190525029291,-29.7975743012626],[30.962372361351225,-29.797654924223121],[30.961247726140268,-29.797494468964111],[30.960047168639552,-29.797534692532409],[30.95865611140534,-29.797502673759219],[30.957446660464282,-29.797337637823176],[30.956949793425316,-29.797248690673797],[30.955919398637132,-29.797064227545583],[30.954346400943376,-29.797108784636951],[30.953005977824446,-29.796995536294002],[30.95172975694171,-29.796654540292852],[30.949790405500405,-29.796367379694722],[30.948911514078819,-29.795530316470344],[30.948867574931668,-29.795322182518902],[30.94837858591983,-29.794591896516568],[30.947791509749294,-29.793818090772707],[30.946531610385243,-29.792090017689457],[30.945256341288207,-29.79070247589398],[30.944078328420066,-29.788620335121326],[30.942750739806183,-29.787290283271982],[30.942754631836884,-29.787287596230442],[30.942470002242111,-29.787036423443251],[30.941720652643674,-29.786460989863265],[30.941242045376576,-29.786120225087398],[30.940901678528402,-29.785911518249783],[30.940498106905377,-29.785590214690803],[30.940326252742231,-29.785552067247025],[30.940228069830553,-29.785530272915683],[30.939788645028415,-29.78540914251014],[30.939486048228442,-29.785336832564248],[30.939457891926029,-29.785318777102109],[30.939257590987253,-29.785244186117559],[30.939040191799837,-29.785103607250129],[30.939130972134652,-29.784638698647015],[30.939744788720269,-29.783917291191393],[30.940197751861422,-29.783755841037795],[30.94047620100384,-29.783163187968771],[30.939711847149834,-29.782767532974159],[30.939490322839681,-29.78258125442439],[30.939326402875373,-29.782158699886875],[30.939301997060795,-29.781793494584022],[30.93919565644596,-29.781177628178348],[30.938900380873783,-29.780790815912532],[30.93870348813542,-29.780604547372967],[30.938211039642919,-29.780496908140197],[30.937480552969667,-29.780374833408342],[30.937037394037233,-29.780209927733996],[30.936889685194672,-29.780138250619277],[30.936914481380999,-29.779866156965987],[30.936980292983922,-29.779637046875333],[30.936931239470226,-29.77932195395627],[30.93668508901181,-29.779157140890181],[30.936274779583794,-29.778977927016452],[30.935954686840176,-29.778920487009628],[30.93577884282865,-29.778812600044436],[30.935604370083922,-29.779018828261503],[30.935259967709381,-29.779710307303077],[30.933622520685176,-29.780328784751109],[30.933127852645281,-29.780847697233476],[30.932277057093565,-29.781011891438233],[30.931350743597562,-29.781654431630027],[30.930536766609979,-29.781482606871226],[30.929611477830566,-29.780686868079897],[30.928282376709234,-29.780644571649027],[30.92777080084235,-29.780175284727157],[30.927063124232841,-29.77930550206796],[30.926062445352816,-29.776709694987776],[30.925751304689921,-29.775661675385173],[30.925697316567017,-29.77466869812643],[30.925414229617513,-29.774100468709396],[30.925310565174193,-29.773671903753105],[30.925218170372709,-29.772923093605268],[30.925265994102006,-29.772214958976186],[30.925289691512525,-29.771845371555546],[30.925421393882093,-29.771337037683153],[30.925857167559784,-29.770306144796923],[30.926243235246744,-29.769891041172734],[30.926809800695086,-29.769569125248342],[30.92728015735614,-29.769439968002651],[30.928305006975879,-29.768757040521738],[30.929669055403664,-29.768068552569538],[30.930056385020389,-29.767864921677905],[30.931280604901726,-29.766907047932495],[30.932019712743408,-29.767248395471906],[30.93279830566755,-29.767381454610948],[30.933693062805105,-29.767210340591419],[30.933931417100595,-29.767157041443593],[30.935152446286331,-29.767281750739997],[30.936124918259953,-29.76747255312862],[30.936644952306334,-29.767551746564116],[30.937369462707629,-29.767343126895554],[30.937590985252722,-29.767305601479084],[30.938073371819137,-29.767130897285689],[30.938434570790506,-29.767016494936705],[30.93902545631359,-29.767102696852042],[30.939649112684879,-29.76728916066881],[30.940223424316681,-29.767647455676297],[30.940870511375078,-29.767788329649338],[30.940772408552345,-29.767129502784364],[30.94075508359937,-29.766882098331873],[30.940864774280257,-29.766442958712723],[30.940908855357598,-29.765917861446237],[30.940963755931801,-29.765602815760168],[30.941160849521889,-29.765402404349881],[30.942058234259171,-29.765316872226723],[30.942802365342963,-29.765317196079771],[30.943261991863704,-29.765288751274387],[30.94379817718367,-29.765336718082892],[30.943964093574827,-29.765344026539239],[30.944419157000979,-29.765340602636147],[30.944739362954056,-29.765193900872674],[30.945045785141343,-29.765165385777522],[30.94558200678501,-29.765146512290357],[30.945817287031169,-29.765191720738333],[30.946216557900986,-29.765423651716596],[30.946829211095331,-29.765729422036998],[30.947124540771981,-29.765987325136447],[30.947934192770742,-29.766264526173021],[30.948437482562973,-29.766455674946318],[30.9487875736266,-29.766637214995665],[30.948813054410763,-29.766867958066275],[30.949043029864718,-29.766538655311823],[30.949166217212145,-29.766388328301769],[30.949314055240727,-29.766180725130155],[30.94949482634874,-29.765765474448528],[30.949848074758862,-29.76509966493532],[30.950414537926779,-29.764777647534835],[30.95089876775813,-29.764777828160685],[30.951374773019232,-29.764813807431075],[30.951817935752473,-29.764878415782153],[30.952334869838094,-29.76514354850972],[30.95281079680953,-29.765351379086415],[30.953254818919994,-29.765490257820009],[30.954381863970443,-29.765877242013964],[30.954738395534573,-29.766111693054267],[30.955214286400402,-29.766422151454318],[30.955487791088789,-29.766594100246412],[30.955701180169932,-29.766603719463099],[30.955941967099076,-29.766522645436908],[30.956215548037157,-29.766522736276595],[30.956403814702842,-29.766436532423686],[30.956456392164405,-29.766307995182103],[30.956549467166436,-29.766174359635876],[30.956735499510977,-29.766179194403936],[30.956943377448365,-29.76627951184631],[30.957271623140869,-29.766398963061071],[30.957528790924822,-29.766394272090565],[30.958075930251596,-29.766446958334413],[30.958464405056528,-29.766470949842692],[30.95882011672467,-29.766332621117247],[30.959006200007238,-29.766213334136573],[30.959394703013004,-29.766165716052875],[30.959750360804325,-29.766156277168097],[30.960007482353099,-29.766266152354667],[30.960270142001811,-29.766208946010469],[30.960565621598075,-29.766175617888955],[30.96103072794104,-29.766123244022602],[30.961402794735235,-29.766128126901908],[30.961621627710759,-29.766209345026805],[30.962119423175704,-29.76652933252976],[30.962617289156377,-29.766667914109274],[30.963104228983855,-29.766763526647065],[30.963552823346081,-29.766983245393895],[30.964072447289347,-29.76749418314964],[30.964258353653285,-29.767861815369812],[30.964514374341427,-29.768107408089691],[30.964838195467955,-29.768313093938549],[30.965487865683404,-29.768593725195604],[30.965897423125643,-29.76861276280145],[30.966240284852773,-29.768426836733262],[30.96675336134162,-29.768116670342074],[30.967300623038049,-29.767836346589323],[30.967929960624971,-29.767544106007417],[30.968128371179219,-29.767347235101003],[30.968497738394895,-29.767251847769938],[30.9689696211842,-29.767407107508429],[30.969133679745998,-29.767705507802447],[30.96906518102578,-29.768039657122671],[30.968982883056182,-29.768761673577533],[30.969297562770141,-29.768582729879061],[30.969646428833201,-29.768439596700521],[30.969885802470113,-29.768487389314132],[30.970159388789902,-29.768487451318315],[30.970309910537775,-29.768320402541793],[30.970501490577874,-29.768081755899868],[30.970583627164153,-29.767872920867259],[30.970747826498769,-29.767705874617185],[30.970959862858024,-29.767676085148178],[30.971159598601979,-29.767720550951093],[30.971308660502547,-29.767753735360504],[30.971692168599017,-29.76791322334758],[30.971924195293894,-29.767861277727743],[30.972362007679081,-29.767580909739536],[30.972642479779953,-29.767401950895174],[30.973114466874812,-29.76719319432268],[30.973237290234731,-29.76709249563622],[30.973351808398785,-29.766998605811068],[30.973552291851394,-29.76684121549938],[30.973737023419055,-29.766596595504577],[30.973839655125051,-29.766447434860776],[30.974092744988752,-29.766340074363335],[30.974256911593201,-29.766268499540967],[30.974598886969229,-29.766268565652027],[30.975091313798529,-29.766340266169038],[30.975487950318072,-29.766567095358514],[30.975829920981766,-29.766591027243468],[30.975913070530542,-29.76657770132481],[30.976424982404428,-29.766495658808026],[30.976671252241516,-29.766292816329663],[30.976965385269033,-29.766143686886764],[30.977389443598195,-29.766101989373759],[30.977827196332502,-29.765988685919748],[30.978162319630826,-29.766042446827488],[30.978435859708227,-29.766227476133555],[30.978716231479059,-29.766454276644541],[30.978859820062073,-29.766651218568132],[30.978916294433095,-29.76679041973367],[30.978976032328358,-29.766937664567106],[30.979023853258361,-29.767206197907853],[30.978989594385975,-29.767498587162333],[30.978929747266044,-29.767719779039904],[30.978985105096374,-29.767621372533473],[30.979042244312385,-29.767519799130017],[30.979222871622838,-29.767219078800338],[30.979492632182705,-29.766875487394341],[30.97960054223347,-29.76659615783014],[30.97970729229877,-29.766331228819485],[30.979994630053337,-29.76593743476602],[30.980487125726771,-29.765665402186919],[30.981061669225038,-29.765515111237615],[30.981677246385328,-29.765371984167519],[30.982177901507736,-29.765329088436783],[30.982374880003597,-29.765314793451768],[30.982690913377166,-29.765325424722594],[30.983488135905581,-29.765051727642572],[30.984682716285675,-29.764294531112931],[30.984778006980225,-29.763900344022783],[30.985075327775395,-29.763725452623873],[30.985387207697208,-29.763682523300808],[30.98559046819857,-29.763782109702024],[30.985887795645645,-29.764047772853171],[30.986339165047138,-29.764255480243914],[30.986741315364434,-29.764291324611552]],[[30.979659428278197,-29.769706569733632],[30.979722978860085,-29.769947377398161],[30.97952276574658,-29.769056119837238],[30.979577427642511,-29.76933062118831],[30.979659428278197,-29.769706569733632]],[[30.979909930628217,-29.780646198786659],[30.979927127493767,-29.780707694875687],[30.979927125065522,-29.78070761105381],[30.979909930628217,-29.780646198786659]],[[30.964717398334145,-29.782358401102712],[30.96460240319859,-29.782566029785411],[30.964791316905924,-29.78224385008998],[30.964717398334145,-29.782358401102712]]]}},
{"type":"Feature","properties":{"sde_LDR_Mi":0.0,"CAT_NAME":"Umbilo River","MAJ_CAT":"Umbilo River","Id":0,"Phase":"Phase4","OBJECTID":0,"Shape_Area":4138735.1013000002,"BlockName":"Hillary"},"geometry":{"type":"Polygon","coordinates":[[[30.952480291943527,-29.877573760361837],[30.952539673806569,-29.878324360055515],[30.952629893604843,-29.878668099577773],[30.952448894116216,-29.879162113424567],[30.952448693683582,-29.879584586617078],[30.952670222543379,-29.880264919756293],[30.952883675640884,-29.880651666519014],[30.953033391933353,-29.881115307380433],[30.952876048672504,-29.881485038928219],[30.95270299106139,-29.881868472177018],[30.952529968904791,-29.882156019814435],[30.952404185915054,-29.882279242035526],[30.952215498438324,-29.882457215390286],[30.952121137658043,-29.882580441008312],[30.951995316181986,-29.882758436823725],[30.951963808535385,-29.8829090766252],[30.951963720960912,-29.883087118943276],[30.951979282886356,-29.883402120786357],[30.95197921553159,-29.883539074470008],[30.951973998152564,-29.883688310282253],[30.951834615599211,-29.883826989885549],[30.95163546626841,-29.884087034261324],[30.951535861041126,-29.88427774756379],[30.951396451051398,-29.884468446023497],[30.951237129712556,-29.88467651175824],[30.951030168774821,-29.884968946187964],[30.950790873324017,-29.885307066518269],[30.950706652417622,-29.885598954776881],[30.950487372389819,-29.885913937179367],[30.950087428777405,-29.885994939480611],[30.94978606462977,-29.886128488864617],[30.949391518174064,-29.886367023341528],[30.949232564736469,-29.886538815625428],[30.948995083823053,-29.886795476672749],[30.948661250044115,-29.886951857269828],[30.948381748383543,-29.887173725441322],[30.948192643300718,-29.887381307425194],[30.948028111412988,-29.88773927045759],[30.948019637748502,-29.888233345360373],[30.947912718760733,-29.888412317043446],[30.947649605033305,-29.888712956166394],[30.947583764542962,-29.888906264966785],[30.947328839637368,-29.889257030548229],[30.947082228771894,-29.889421624586742],[30.946794556267466,-29.889536077741454],[30.946349772560058,-29.889661578821805],[30.945767219431559,-29.889814921022015],[30.945430282097146,-29.889850584863183],[30.945159076796365,-29.889900596284232],[30.944683499581526,-29.889889043997115],[30.944090827816936,-29.889850024097445],[30.94348498124512,-29.889748084316498],[30.942983964326174,-29.889646304211823],[30.942635374882379,-29.889533410159533],[30.942167127062806,-29.889275425871755],[30.941649627047052,-29.888931491510053],[30.94109686846695,-29.888423104645501],[30.940524335777248,-29.88809320436183],[30.939904319114209,-29.887735937969968],[30.939637317511593,-29.887333782841264],[30.939113723689335,-29.886545140096672],[30.938865655519354,-29.88608033045243],[30.938614781026924,-29.88561025766893],[30.938422591126784,-29.884998880443497],[30.938307776385969,-29.884633638407038],[30.937784856299654,-29.884256270211385],[30.937412516947802,-29.883988766651584],[30.937026622564368,-29.883501665111016],[30.936631381720829,-29.883124266144108],[30.936410167625958,-29.882819528747884],[30.936212233210913,-29.882575727820139],[30.936196778564767,-29.882548754471166],[30.936037643660367,-29.882271012318959],[30.936014444140472,-29.882108531991726],[30.936014575810169,-29.881905446027382],[30.936084628633175,-29.881692240456012],[30.936247881152941,-29.881509543930534],[30.935863430819456,-29.881552796263051],[30.935356826429086,-29.881397403603689],[30.93493256985569,-29.880967561459443],[30.934323712241895,-29.880544638087397],[30.933577275574919,-29.880250830146281],[30.932180804326126,-29.879701143488766],[30.931030707756442,-29.87935445361498],[30.930209092814117,-29.879282416058782],[30.929700180129817,-29.879364092262314],[30.929332230280163,-29.879878662946702],[30.928727917018531,-29.880723769448231],[30.927742732254526,-29.881178637473511],[30.927071468040701,-29.881488559160328],[30.926468988633019,-29.881368882177629],[30.925839824737402,-29.880849047988111],[30.925620644294174,-29.880389796848732],[30.925347179910684,-29.879816797545253],[30.924927106461176,-29.87930292113079],[30.924183907863977,-29.878813655719487],[30.923403722794937,-29.878300031558858],[30.923280730158229,-29.877965800505724],[30.923544136297505,-29.877630066791969],[30.923728077148731,-29.876763085037179],[30.923882001580722,-29.876037569972336],[30.923685244688233,-29.87546461108909],[30.923959527783939,-29.875089290864601],[30.924466276937235,-29.874920763480773],[30.925227515626439,-29.874667596874964],[30.926271491927594,-29.874320390440513],[30.927016611259138,-29.874072571548432],[30.927549930679238,-29.873718945173639],[30.927604292189347,-29.873483145124389],[30.927701114324005,-29.872951415106197],[30.927807792253166,-29.872629179654339],[30.927758885956692,-29.872393894718282],[30.927636392452943,-29.872115794360063],[30.927513915325875,-29.871816306866606],[30.927416009903364,-29.871474059054378],[30.927342739215145,-29.871003502903264],[30.927441212064291,-29.870575817859621],[30.927637748222871,-29.870276512461412],[30.927907866862409,-29.870020019866892],[30.928472654126512,-29.869485660017926],[30.928791907576922,-29.869143645367963],[30.929012579482652,-29.868915548064336],[30.929040077285201,-29.868979577941811],[30.929203467475315,-29.869178185524998],[30.929314359839918,-29.869285140721509],[30.929495340116116,-29.869387042347629],[30.929723047525009,-29.869483878230874],[30.929979933306097,-29.869616361305841],[30.930150167884133,-29.869633409140555],[30.930184333218357,-29.86963683053915],[30.930342056542241,-29.869591101553453],[30.930412968773474,-29.869546522081517],[30.9304159022645,-29.8695446779201],[30.930447228798453,-29.869524983181879],[30.930552413387115,-29.869443595245723],[30.930692642730744,-29.869357134148832],[30.930891247951696,-29.86931142596308],[30.931054803355465,-29.869275879935046],[30.931165787397333,-29.869250487059468],[30.931346871833099,-29.869204768498719],[30.931609709437147,-29.869174363760749],[30.931849172157179,-29.869164306850692],[30.932135357872863,-29.869154274086355],[30.93240400539322,-29.869169683069767],[30.932766081416652,-29.869210589373708],[30.932835914532074,-29.869214972505556],[30.933093129953946,-29.869231116517202],[30.933504304303803,-29.869271145427923],[30.933645404605031,-29.869284880894376],[30.933854862539665,-29.869305272009012],[30.933881532692581,-29.869307868372907],[30.934021685295669,-29.86933338874702],[30.93412096812515,-29.869338529264848],[30.934167648441861,-29.869404725287414],[30.934179002199343,-29.869442417928862],[30.934196787105154,-29.869501454826988],[30.9342105787651,-29.869533199320244],[30.934260934574667,-29.869649103941793],[30.934278381611442,-29.869761098224291],[30.934412655049847,-29.869847698706039],[30.934541104751371,-29.869908845917777],[30.934646192265443,-29.869969980888779],[30.934715822688986,-29.870026062375086],[30.934797964272455,-29.870092221742638],[30.934926321389863,-29.870295894741208],[30.935042995128391,-29.870504651688499],[30.935283125202428,-29.870838021914238],[30.935299745411967,-29.870861095489449],[30.935428095959349,-29.871080039110463],[30.935538953898543,-29.871253160653836],[30.935588313131952,-29.871347403274083],[30.935632287569561,-29.871431365585373],[30.935690600968925,-29.871573920191775],[30.935692697403379,-29.871591063340929],[30.935708031612645,-29.871716455413214],[30.935754663891434,-29.871859005396438],[30.93581300441457,-29.87196083858284],[30.935918036923137,-29.872113596543986],[30.93602893970251,-29.872220545517223],[30.936163187512111,-29.872352957025321],[30.936244907845943,-29.872429350533345],[30.936275878481791,-29.872450015221382],[30.936344155075233,-29.872495571689111],[30.936486738830506,-29.872553905237329],[30.936531005787611,-29.872572015127421],[30.93669450282631,-29.872633176520583],[30.936933890695229,-29.872755456868706],[30.937061518714426,-29.872826730754781],[30.937079854507839,-29.872836970362812],[30.937149747905838,-29.872852798422777],[30.9372375274903,-29.872872677520714],[30.937418612541695,-29.872832041036606],[30.937541305794003,-29.872765925900463],[30.937699004767804,-29.872760910052559],[30.937704203187778,-29.872759598203235],[30.937832920130958,-29.872727094792076],[30.937880091953332,-29.872715183108582],[30.937897032066569,-29.872645241752334],[30.93790351357849,-29.872618479713218],[30.937939699272192,-29.872550247323762],[30.937973683084081,-29.87248616674745],[30.938055508062998,-29.872394581131335],[30.938156080767676,-29.872322346582216],[30.938172407282202,-29.872310620758984],[30.938289234251624,-29.872226712555939],[30.938368937507281,-29.87218954698017],[30.938646078334511,-29.872001803006516],[30.939008725954622,-29.871883942818002],[30.93914467604235,-29.871839758818549],[30.939172421489815,-29.871830741480998],[30.939435593067511,-29.871725472850031],[30.939610333816752,-29.871689497014263],[30.939647059246667,-29.871688122082467],[30.939790586729515,-29.871682749818433],[30.939953667874235,-29.871712438050075],[30.940070901675178,-29.871733779516784],[30.940357051543671,-29.871794991462068],[30.940543884646058,-29.871901970939291],[30.940742433284264,-29.871952963455275],[30.94095265391088,-29.872019230376498],[30.941139525192359,-29.872065126141699],[30.941236145947379,-29.872082714340959],[30.941279683509475,-29.872090639907945],[30.941548360479391,-29.872070397649896],[30.941776121762665,-29.872106130409833],[30.941832914415897,-29.872119768927057],[30.941997314113028,-29.872159248665319],[30.942009712145474,-29.872162226298926],[30.942084269413069,-29.872177255964719],[30.942161548685934,-29.872192833535639],[30.942185021027008,-29.87220239357714],[30.94218987233161,-29.872204368986718],[30.942190150265812,-29.87220367323604],[30.942196179608523,-29.872188580153619],[30.942376535447821,-29.872258395294718],[30.942613389867734,-29.872311029610319],[30.942968671497606,-29.872311029610312],[30.943131246995552,-29.872277393319735],[30.943205543559401,-29.872253379159115],[30.943265391373991,-29.872234035089281],[30.943373269694881,-29.872211816201101],[30.943487358833003,-29.87218831801076],[30.943614415543941,-29.872146547384521],[30.94365340615014,-29.872133728966372],[30.943750232669217,-29.872101896624923],[30.943989698992581,-29.872096907529155],[30.944270059690751,-29.872071574860428],[30.944509519650673,-29.872076765942026],[30.944708072837877,-29.872122661750286],[30.944947499402602,-29.872188935091767],[30.945093497431014,-29.872219537071754],[30.945473075877686,-29.872326590158497],[30.94562489440575,-29.87239282549891],[30.945765026794355,-29.872469236618635],[30.945940208046569,-29.872535482294069],[30.945995021496778,-29.872598400218049],[30.94605111104147,-29.872662783259543],[30.946095615045291,-29.872693518988449],[30.946098801705464,-29.872695719785174],[30.946191233204285,-29.87275955543069],[30.946465632144822,-29.872963276606146],[30.94682962286803,-29.873197017656995],[30.946886013325688,-29.873233229284395],[30.947047660003243,-29.873350066772101],[30.947294702436249,-29.8735286272812],[30.947574961871165,-29.873701807309772],[30.947761770373013,-29.873880039612935],[30.947778299630961,-29.873897342318489],[30.947849332412424,-29.873971698819233],[30.947919373397735,-29.874063350503299],[30.948036157735618,-29.874119389575476],[30.948094516693821,-29.874211036564983],[30.948147045449851,-29.874282320832254],[30.948151782008043,-29.874297207215225],[30.948176202278528,-29.87437395685847],[30.948182003656093,-29.874450312580525],[30.948177004935193,-29.87450660924484],[30.948176128599027,-29.874516483515137],[30.948094326933493,-29.874577534235115],[30.948006706060855,-29.874597860702469],[30.94787235627097,-29.874623259040661],[30.94777790591651,-29.874653148860769],[30.947743839313539,-29.874663929578965],[30.947591951446583,-29.874719862393089],[30.94752770446728,-29.874719836866781],[30.947422414252443,-29.874706298999168],[30.947329133510767,-29.87469430644347],[30.947142241062533,-29.874673870775084],[30.946990348094868,-29.874739982545595],[30.946797558668262,-29.874826439716696],[30.946593106142071,-29.874877259253847],[30.946464582904667,-29.874928109844255],[30.946354742798984,-29.874948215866539],[30.94635359915064,-29.874948425734157],[30.946275078163847,-29.874964183790208],[30.946031879095461,-29.875103154891676],[30.945964422263025,-29.875195883203173],[30.945944599622329,-29.875223131997267],[30.945658229588311,-29.87554369980495],[30.945476994716838,-29.87585921897152],[30.945336630201513,-29.876200207232252],[30.945213890575868,-29.876352863732169],[30.945132052174475,-29.876474995426392],[30.945096921212677,-29.876632778026721],[30.945107015188064,-29.876832862300649],[30.945108476465162,-29.876861844180322],[30.945125918621002,-29.877009468436036],[30.945156698362865,-29.877261781078825],[30.945189881011501,-29.877533789783307],[30.945214951337235,-29.877624493641271],[30.94522381552785,-29.877656564142406],[30.945286700731486,-29.877632239124214],[30.945487008502589,-29.877552994079206],[30.945687307203006,-29.87748961475717],[30.945996884031036,-29.877346951065231],[30.946160788136687,-29.877251823787702],[30.946361146956207,-29.877077381549441],[30.946488682487331,-29.876902908733147],[30.946652620221045,-29.87674431694527],[30.946834770755668,-29.876601603718914],[30.947071521023187,-29.876458907575845],[30.947362904435948,-29.876284501477528],[30.947781742498822,-29.876078414745088],[30.948036645030804,-29.87603092029774],[30.948318855548884,-29.87598343638831],[30.948537363354422,-29.875904194373334],[30.94870127113688,-29.875793198202103],[30.948865203559883,-29.875634603894156],[30.949065526786036,-29.875507763431688],[30.949174850653101,-29.875333281255564],[30.949302396094929,-29.875127074252205],[30.949448237465607,-29.874746348472087],[30.94961225823106,-29.874413227608322],[30.949685235870561,-29.874111802513152],[30.94968536809937,-29.873857946547655],[30.94950355812977,-29.87339776042122],[30.949376239889229,-29.873175585750875],[30.949285340534942,-29.872937559424908],[30.949230851509377,-29.872699547523911],[30.949212780960977,-29.872445684080244],[30.949194693904484,-29.872223552635216],[30.949176624009876,-29.871969689138911],[30.949067505802308,-29.871763387339975],[30.948903791493624,-29.871525331552061],[30.94870365203878,-29.871318992964785],[30.948467095854824,-29.871128505378543],[30.948339759357665,-29.870953927671096],[30.948230636814468,-29.87076349122038],[30.948176116416633,-29.870588935579462],[30.948176213843357,-29.870414410251271],[30.948285548375349,-29.870224063602368],[30.94837666104646,-29.870065441537555],[30.948449578380504,-29.869890949600162],[30.948458782536289,-29.869716427618378],[30.948422504401911,-29.869478421915211],[30.948404430041485,-29.869208688772485],[30.948422783427578,-29.868907238647715],[30.948495775918349,-29.86855821264491],[30.94855055805132,-29.868225045760497],[30.948605357698909,-29.867860146830051],[30.948623709265178,-29.867574563961835],[30.948714918118686,-29.867209679944189],[30.94884250173169,-29.866908275036639],[30.94893361148532,-29.866733784341218],[30.949079340580276,-29.866543449344821],[30.949279664007651,-29.866384868199926],[30.949443563094608,-29.86625800451657],[30.949653044589308,-29.865988363649191],[30.950199170328666,-29.865956846482067],[30.950563243104643,-29.865956988605522],[30.950909104159436,-29.865972988816399],[30.951236753659401,-29.866004847258349],[30.951509760675943,-29.866100148492603],[30.95178278390609,-29.866163716948829],[30.951982999734518,-29.866243140733307],[30.952219568632724,-29.866401890849041],[30.952718227225226,-29.866752463642243],[30.953210565081815,-29.867058543704648],[30.953572359816189,-29.867382897603704],[30.953966549823679,-29.867736290773177],[30.954553299590454,-29.868542780049189],[30.95469994216996,-29.868939521240531],[30.954809352752555,-29.869235529179871],[30.955411608628648,-29.869770390231409],[30.95545516360384,-29.870362345726331],[30.955309269443624,-29.870597528702955],[30.955104913937259,-29.870748113641866],[30.954900544196025,-29.870926090550078],[30.954766819823305,-29.871254750201889],[30.954735245953149,-29.871569750284529],[30.954719367266865,-29.871925844376879],[30.95468777289172,-29.872281932718707],[30.95464051360047,-29.872528446205013],[30.95454614052494,-29.872706461928782],[30.954373155350915,-29.872911853599849],[30.954153059109291,-29.873089823626383],[30.954003680337934,-29.87326781913012],[30.953736476158372,-29.873363594228085],[30.953563556177944,-29.873473099761213],[30.953453470330285,-29.873637412906394],[30.953390510069983,-29.873842831827069],[30.953374662382632,-29.874116748847054],[30.953358814580287,-29.874390665786787],[30.953374384276994,-29.874691986559455],[30.953358549595173,-29.874938511075833],[30.953311250635963,-29.875253504483332],[30.953263971278009,-29.875527409403603],[30.953169478899568,-29.87596565124603],[30.952933537799129,-29.876390143354747],[30.952768395828699,-29.876650307949436],[30.952658278392924,-29.876869404542095],[30.952556605161906,-29.877271763010931],[30.952480291943527,-29.877573760361837]]]}},
{"type":"Feature","properties":{"sde_LDR_Mi":0.0,"CAT_NAME":"Bellair Stream","MAJ_CAT":"Umbilo River","Id":0,"Phase":"Phase4","OBJECTID":0,"Shape_Area":16489711.2237,"BlockName":"CatoManor"},"geometry":{"type":"Polygon","coordinates":[[[30.984685874943438,-29.829220270490982],[30.984932178003831,-29.82970960778534],[30.985107318671201,-29.83012255665242],[30.985353684825206,-29.830208511616519],[30.986059978947839,-29.830151303087263],[30.98676624396019,-29.83030890932833],[30.986930438946715,-29.830752883989422],[30.986929022946633,-29.831115688471506],[30.986753712806536,-29.831917660102839],[30.986622279238162,-29.832137239092884],[30.986578434317991,-29.832461849240044],[30.986575193470426,-29.832788055989035],[30.986301371870152,-29.833229599153334],[30.986246565415517,-29.833623427274059],[30.986119343874815,-29.834537603482069],[30.986218976121659,-29.83517489071621],[30.986313333422789,-29.835778429738138],[30.98705381424756,-29.836368410558464],[30.987327511563336,-29.836953220359344],[30.98756012669584,-29.837693172235706],[30.987587439247857,-29.838218286200373],[30.987619780051805,-29.838840066720977],[30.987149256834769,-29.839316204349469],[30.986341557969649,-29.839686088054364],[30.985369605318137,-29.839912736551767],[30.98473984056853,-29.840366170434606],[30.984233216363798,-29.841177646368511],[30.983863461842706,-29.842084611789971],[30.983959222349071,-29.8424903910818],[30.984219258859383,-29.842884255669421],[30.98441361390265,-29.843178633383342],[30.984753052932422,-29.843504904069629],[30.985054144385966,-29.844030049416141],[30.985197423991458,-29.844279946779466],[30.985232041067427,-29.844493121759388],[30.985117017097764,-29.844700766325165],[30.985002883466446,-29.844906802671499],[30.985116936400914,-29.845244972089503],[30.985363273881131,-29.845782044748205],[30.985396058645467,-29.846268969255512],[30.985338519196908,-29.846555386909017],[30.985461712108698,-29.846669970136553],[30.985502763373404,-29.846798865456165],[30.985584830220887,-29.847307277042013],[30.985724423893025,-29.84762235858766],[30.98591331397952,-29.847858678648194],[30.98610219008097,-29.848202407411634],[30.986414273612304,-29.848589112210536],[30.986718165285215,-29.848825442867142],[30.98694371328229,-29.849000845990361],[30.98723564599911,-29.848911421077229],[30.987514972876863,-29.848546257270936],[30.987631780872785,-29.848393553300788],[30.987744987761069,-29.848388745649302],[30.987868169223745,-29.848639377970038],[30.987966696805547,-29.848990256294481],[30.988060606582586,-29.849324687235484],[30.988189737677182,-29.849474411145597],[30.9881979350404,-29.849617623825765],[30.988312917412728,-29.849760845996293],[30.988575746676027,-29.849990008100242],[30.988904294444531,-29.85019053282511],[30.989084989578615,-29.850362402202464],[30.989117823398203,-29.850577222803533],[30.989068509536676,-29.850835000190632],[30.988994549263992,-29.851121417880098],[30.988780929160423,-29.851543875034054],[30.988343828440204,-29.852328749444329],[30.987993294260541,-29.852758353682734],[30.987752241342701,-29.853536449365635],[30.987483794338587,-29.85438137411548],[30.987516634951419,-29.85452458906498],[30.987445406337233,-29.854806232255715],[30.987281083829448,-29.855040129185543],[30.98720985418754,-29.855321772226919],[30.986886731393053,-29.855412441351319],[30.986543057898977,-29.85560275914634],[30.98628632584682,-29.855766829600867],[30.98613227342755,-29.855957762590215],[30.98594881667545,-29.856261964060245],[30.985516746582928,-29.856251646994696],[30.985212115863337,-29.856251613227741],[30.984862995274916,-29.856206819977128],[30.984435154905601,-29.856132180754564],[30.984092885434311,-29.856057550481907],[30.98368558263773,-29.855985894881083],[30.983380969037672,-29.855887398774318],[30.98360930804661,-29.856109121181618],[30.983800937353369,-29.856407502748176],[30.983885536588886,-29.856674357475484],[30.983965143173492,-29.856968435639928],[30.983951402168387,-29.857278726163692],[30.984006108817884,-29.857648696551774],[30.983951247518696,-29.858245405576394],[30.983951184511113,-29.858639237889122],[30.98412905816577,-29.859379186717266],[30.984033121316973,-29.859975890675209],[30.983778964374658,-29.860626483416109],[30.983580535712196,-29.861123447486481],[30.983481306127171,-29.86144755779894],[30.983481257868057,-29.861682867200738],[30.983331771166533,-29.861968833452575],[30.983342691507644,-29.862169331174318],[30.983463119596315,-29.862546470372337],[30.983627388499254,-29.862770855782593],[30.983835469293954,-29.863019114961688],[30.983889924162849,-29.86360843651989],[30.983840262688627,-29.864018985159291],[30.983666678713014,-29.864256651143208],[30.983123187733106,-29.864728018000221],[30.982278189066943,-29.865142389964056],[30.981608780128504,-29.865358370905099],[30.98108810262304,-29.865639195322125],[30.980641762061133,-29.866071284832408],[30.980368931247956,-29.866611439849919],[30.98012092470282,-29.866978733200309],[30.979798498631961,-29.867497257002107],[30.979500862057339,-29.868037405165968],[30.979474520276064,-29.868197873775603],[30.979426375663316,-29.868491160005718],[30.979153575589933,-29.86883684157031],[30.978831210198219,-29.86909608274367],[30.978409672972223,-29.869355306744584],[30.977849417107407,-29.869812419135794],[30.976477052043041,-29.870932131420691],[30.976364715398852,-29.871237536823095],[30.976104442890669,-29.871655190073984],[30.975926328778431,-29.872072857794482],[30.975693459496426,-29.87240697516614],[30.975227837177684,-29.872585902904781],[30.974529450612842,-29.872657375704794],[30.973968041607638,-29.872561791881679],[30.973529900211346,-29.872370756151323],[30.973393009872343,-29.872203648606217],[30.973050846970001,-29.871559127638555],[30.972736003606958,-29.871177165737098],[30.972092498003999,-29.870890608303728],[30.971791316670537,-29.870639924193704],[30.971449128616438,-29.87013861041676],[30.971367054840343,-29.869840235355802],[30.971202915606355,-29.869219616457301],[30.971093484843284,-29.86882576086774],[30.970874528832834,-29.86837220957295],[30.970600785868239,-29.867978317169161],[30.970340783755322,-29.867429281418243],[30.970135601562504,-29.866725111662948],[30.969834602763029,-29.865925445266619],[30.9695061947718,-29.86522124616026],[30.969177655678283,-29.864958615259575],[30.96905453037407,-29.864612491736914],[30.968698635786538,-29.864266313095882],[30.968219463672291,-29.864075249784825],[30.967600629150688,-29.863807982677006],[30.967223496001235,-29.863876350089622],[30.966740754878082,-29.863883936695775],[30.966384754864894,-29.863883846526974],[30.965823410900736,-29.863764359376074],[30.965906581278819,-29.864038012049988],[30.965988591170902,-29.864462894333787],[30.966245940569472,-29.864663456639548],[30.966689416244218,-29.86514094129619],[30.96706299848686,-29.865543167869347],[30.967319007412797,-29.865947857281594],[30.967477658776076,-29.866511195324144],[30.967471994345864,-29.867088813897396],[30.967302051751727,-29.86755659631228],[30.966951404118191,-29.867895442973481],[30.966294066803002,-29.86813396265833],[30.965225912248432,-29.868448750956315],[30.964672633734047,-29.868687289914497],[30.964354880610522,-29.868902021768164],[30.964146554233633,-29.869441395363793],[30.963965474643956,-29.870362673323974],[30.963897200142725,-29.870710028746458],[30.963774750745099,-29.871332999833591],[30.963667943507506,-29.871876383702364],[30.963690896817745,-29.87233414252545],[30.963833115945853,-29.872868837590556],[30.964063009901949,-29.87330808208193],[30.964199806065334,-29.873699563789543],[30.964407829311508,-29.874294876188213],[30.964478706562637,-29.874969446859922],[30.96436905588077,-29.875251066350906],[30.964157474709239,-29.875794472535958],[30.963974423950486,-29.875943147507961],[30.963640265483665,-29.876014661554454],[30.963092519211681,-29.875981093536275],[30.962500884793513,-29.876128911836204],[30.962259809641385,-29.876291149322654],[30.962078915179113,-29.876644352131439],[30.962128154242023,-29.876801898746901],[30.961682709799522,-29.876907633668658],[30.961489617682656,-29.877033746502381],[30.961312546068275,-29.877128661407468],[30.961033083102578,-29.877393520153188],[30.960277038199191,-29.877715520242301],[30.959381307193201,-29.87803747306436],[30.958995038814308,-29.878259331146541],[30.958583403372064,-29.878495756784528],[30.957803450407258,-29.878702910575605],[30.956940689120085,-29.878745595293459],[30.955782167224434,-29.878702248832489],[30.954524014403329,-29.87865516308754],[30.954024517280473,-29.878636466317271],[30.95381475766369,-29.878628614200103],[30.953675530775271,-29.878486709258624],[30.953519448956119,-29.878415048731966],[30.953161964396621,-29.878550973077381],[30.952806726917906,-29.878686041700107],[30.952629893604843,-29.878668099577773],[30.952539673806569,-29.878324360055515],[30.952480291943527,-29.877573760361837],[30.952520209272159,-29.877415794155866],[30.952556605161906,-29.877271763010931],[30.952594203221718,-29.87712297401292],[30.952658278392924,-29.876869404542095],[30.952768395828699,-29.876650307949436],[30.952933537799129,-29.876390143354747],[30.953169478899568,-29.87596565124603],[30.953214944108176,-29.875754790744622],[30.953263971278009,-29.875527409403603],[30.953311250635963,-29.875253504483332],[30.953358549595173,-29.874938511075833],[30.953363751750985,-29.874857520702893],[30.953374384276994,-29.874691986559455],[30.953358814580287,-29.874390665786787],[30.953374662382632,-29.874116748847054],[30.953377037606124,-29.874075694743706],[30.953390510069983,-29.873842831827069],[30.953453470330285,-29.873637412906394],[30.953563556177944,-29.873473099761213],[30.953736476158372,-29.873363594228085],[30.954003680337934,-29.87326781913012],[30.954153059109291,-29.873089823626383],[30.954285855147752,-29.872982444745837],[30.954373155350915,-29.872911853599849],[30.95454614052494,-29.872706461928782],[30.95464051360047,-29.872528446205013],[30.95468777289172,-29.872281932718707],[30.954695352677923,-29.872196504028881],[30.954719367266865,-29.871925844376879],[30.954735245953149,-29.871569750284529],[30.954750100206549,-29.871421555492386],[30.954766819823305,-29.871254750201889],[30.954900544196025,-29.870926090550078],[30.955104913937259,-29.870748113641866],[30.955309269443624,-29.870597528702955],[30.95545516360384,-29.870362345726331],[30.955446039665159,-29.870238342890815],[30.955411608628648,-29.869770390231409],[30.954953325628789,-29.869363391691671],[30.954809352752555,-29.869235529179871],[30.95469994216996,-29.868939521240531],[30.954553299590454,-29.868542780049189],[30.954236731417723,-29.868107658112418],[30.954088085266537,-29.867903342882034],[30.953966549823679,-29.867736290773177],[30.953572359816189,-29.867382897603704],[30.953210565081815,-29.867058543704648],[30.953094884734313,-29.866986627066389],[30.952718227225226,-29.866752463642243],[30.952219568632724,-29.866401890849041],[30.952094684778473,-29.866318087360654],[30.951982999734518,-29.866243140733307],[30.95178278390609,-29.866163716948829],[30.951639670843161,-29.866130395775073],[30.951509760675943,-29.866100148492603],[30.951236753659401,-29.866004847258349],[30.950909104159436,-29.865972988816399],[30.950798691520724,-29.86596788101015],[30.950563243104643,-29.865956988605522],[30.950199170328666,-29.865956846482067],[30.949653044589308,-29.865988363649191],[30.949516648339397,-29.86573445173887],[30.949472404639696,-29.865673792559445],[30.949389306983491,-29.865559863428935],[30.949261947655916,-29.865432883813099],[30.949079977974638,-29.865305882291171],[30.94889802529903,-29.865147148272523],[30.948807115636583,-29.86494085218289],[30.948364033013704,-29.864896956784804],[30.948118597621953,-29.865003792987011],[30.947848578156666,-29.865196167260944],[30.947431226316226,-29.865580964670265],[30.947185626874202,-29.865987219014244],[30.946768315442078,-29.866286465638449],[30.946498301220082,-29.866457449848898],[30.946179150526806,-29.866735348429057],[30.945909004037571,-29.867141589721697],[30.945712506431018,-29.867483700307751],[30.945565025272391,-29.867932767038631],[30.945196716189798,-29.868338964397445],[30.944705793421914,-29.868595397698456],[30.944460404099672,-29.86859529110674],[30.944067854871246,-29.868466797146144],[30.943699858011403,-29.868316925854877],[30.943454581137736,-29.868124333750835],[30.943233881293466,-29.86786759084282],[30.942865988259477,-29.867546620705728],[30.942498022121168,-29.867353972188436],[30.941786505224766,-29.867182554363755],[30.941369410707203,-29.867096803070286],[30.940903173419709,-29.867096584078677],[30.940670031617117,-29.867139250863218],[30.940277424794143,-29.867096300473666],[30.939982962490841,-29.86709616359737],[30.939688565998193,-29.866989090728701],[30.939148944721236,-29.866625256816445],[30.938682862004676,-29.866389778351266],[30.938486608806908,-29.866304136709715],[30.938167691295998,-29.866175662024354],[30.937750539941774,-29.8661754619046],[30.937357885846598,-29.866239433672575],[30.936916168208178,-29.866281993415775],[30.936523526826608,-29.866324575852889],[30.936057186331787,-29.866495443291413],[30.935689026052195,-29.8666235837219],[30.935419103020031,-29.866623449787394],[30.93502661463873,-29.866430770859886],[30.934462344401066,-29.866259391830525],[30.934020767323322,-29.866088073103633],[30.933775354665581,-29.866130722965817],[30.933677201016529,-29.866130673205543],[30.93356690755957,-29.865938134219991],[30.933444302048319,-29.865809749954153],[30.933100884210699,-29.865638487136703],[30.932708357090746,-29.865509964172535],[30.93238945987169,-29.865360091637694],[30.932242346438638,-29.86518892016808],[30.932193431150729,-29.8649536378494],[30.932095558322228,-29.864547233266947],[30.93185036875639,-29.864269074810249],[30.931458013109086,-29.863905290062867],[30.93106552479124,-29.863733988223348],[30.930623949014421,-29.863584044807038],[30.930206885434245,-29.86347688459243],[30.929814381062524,-29.863348345184022],[30.929569119968299,-29.863198496550194],[30.929225740068645,-29.862984418534111],[30.928514414349102,-29.86264181924923],[30.92873528067237,-29.862599168276045],[30.929191346291109,-29.862342723567654],[30.929385002894509,-29.862279546377078],[30.929651232392239,-29.862258597844153],[30.930026436083306,-29.862174439109303],[30.930220092782601,-29.862111260222914],[30.930329021754901,-29.862079677159731],[30.930425880804773,-29.86200589827051],[30.930522731164778,-29.861911013333],[30.930631743377546,-29.861763409380742],[30.930765069856648,-29.861457609011719],[30.930874111048741,-29.861267816084382],[30.930971066170677,-29.861056922222552],[30.93103168160691,-29.860898745439368],[30.931183088033013,-29.860687880714629],[30.931267888745786,-29.860550811395704],[30.931425254733679,-29.860466516845825],[30.931606784229139,-29.86043497116351],[30.931800391881133,-29.860435073331086],[30.932163369492912,-29.860488000257568],[30.932369055821209,-29.860519749551319],[30.932719933762176,-29.86057266842986],[30.933167652560886,-29.860572900085064],[30.933349167430226,-29.860562446330128],[30.933579127494145,-29.860488733808889],[30.933815252171474,-29.860246268513411],[30.934009066930319,-29.859940498051682],[30.93417862138449,-29.859687453150155],[30.934414692539079,-29.859518817356921],[30.934693100017526,-29.859371297008884],[30.935237781408006,-29.859107898257868],[30.936194784339872,-29.858437497038228],[30.936579369387918,-29.858203122115388],[30.937194665026034,-29.857885085629629],[30.937425419983224,-29.857734406407335],[30.937810920678512,-29.857377613584337],[30.938550454436051,-29.857055733427032],[30.939016164172536,-29.856721788605213],[30.939347877266854,-29.85629591939615],[30.939425574589364,-29.855879760263772],[30.93944128557418,-29.855655602461198],[30.939451601854991,-29.855508543774501],[30.939671179418855,-29.855204917219094],[30.940045514062248,-29.855092603500417],[30.940471461826515,-29.854969059482375],[30.940948995170547,-29.854901783966945],[30.941620135812499,-29.854834629966287],[30.942599151141454,-29.854950162138888],[30.942638685132128,-29.854612633827855],[30.942698945499352,-29.854350692326523],[30.942839295212714,-29.854176109183634],[30.942859392048259,-29.854071330757844],[30.942859504952207,-29.853879220647745],[30.942919713098519,-29.853704601767888],[30.942959906421461,-29.853495044849165],[30.943020103952133,-29.853337890458224],[30.943417976346286,-29.853012235576792],[30.944141154614112,-29.852468338473219],[30.944749181455748,-29.852182170575283],[30.945335502615574,-29.851523640019664],[30.945911138983636,-29.850354313326047],[30.94604849271262,-29.849518966718144],[30.945555834576833,-29.849160734718982],[30.944871411617765,-29.848993370188474],[30.944294801128777,-29.848624558884982],[30.944122531598207,-29.848216332079044],[30.944080457270442,-29.847717794398843],[30.94423007608178,-29.847067283183396],[30.944416037827079,-29.84625874838715],[30.944525820876503,-29.845781421244123],[30.944723329903823,-29.845472703186299],[30.944967112898006,-29.845281855657589],[30.945148130871488,-29.84470908290864],[30.945296742654239,-29.844184886593212],[30.945559793010517,-29.843798322789443],[30.945855148388695,-29.843542196588292],[30.946619704161122,-29.84316146182486],[30.947169738885052,-29.842790865694738],[30.9477613382515,-29.842375786014344],[30.948239371883918,-29.84204038219093],[30.948576420416451,-29.84167140050149],[30.9489199363037,-29.841438200030364],[30.949445635670926,-29.841373956854252],[30.949831668486013,-29.841381264656203],[30.950225236808539,-29.841360064556511],[30.950624535455326,-29.841266414450416],[30.950925782295624,-29.841094672201081],[30.951199728662765,-29.840760612115595],[30.951380640468113,-29.840316721269343],[30.951638096549743,-29.840106771339808],[30.951851664225043,-29.840068659465974],[30.952245888609504,-29.840111766227505],[30.952694921345127,-29.84004509548819],[30.953114770363975,-29.840015703968309],[30.953459511782949,-29.839985051757509],[30.953736076415375,-29.840023447232827],[30.953795483883727,-29.84012663861775],[30.953844626242248,-29.84042740126522],[30.953910141075994,-29.84084751302478],[30.954003155201296,-29.841005078774113],[30.954399160235816,-29.8411658291705],[30.954644008807822,-29.841292887602478],[30.954883558809886,-29.8415350042679],[30.955025159016863,-29.841684313508935],[30.955178550324181,-29.841757323074667],[30.955345781994403,-29.84180137767602],[30.955357836261051,-29.841804337983287],[30.955527913027069,-29.841851223754585],[30.955585517949189,-29.841897775818737],[30.955732546272476,-29.842162407804913],[30.955936305811687,-29.841862530460389],[30.956535281116032,-29.841186923129001],[30.956994046033444,-29.840775338478107],[30.957466422966682,-29.840536804575581],[30.957942523578499,-29.84011806155997],[30.958326216198653,-29.839995220731584],[30.958686268396878,-29.83991292111963],[30.959071102866019,-29.839772759983781],[30.959441926048843,-29.839675287289371],[30.959945700698917,-29.839504663897038],[30.960358505543038,-29.83938890397582],[30.961079163761799,-29.839181746419094],[30.961771819533755,-29.839017270142705],[30.962296551413289,-29.838907636176053],[30.962779304500025,-29.838804086873669],[30.962954266491497,-29.838627260335262],[30.963353038695885,-29.838602973976503],[30.963632870180607,-29.838609150445578],[30.964052618565411,-29.838615364475356],[30.964437398903026,-29.838591072685684],[30.964730776569159,-29.838382407822735],[30.964780281423153,-29.838347197345158],[30.965017691688534,-29.838227868049472],[30.965144127704821,-29.838164317344049],[30.965155928033983,-29.838148324615801],[30.965333103269614,-29.83790820214568],[30.965585042642058,-29.83764600230883],[30.965899946090982,-29.837371620548343],[30.966172845794116,-29.83717651757177],[30.966389816489116,-29.836871612770398],[30.966550791054619,-29.836652083411217],[30.966571888272536,-29.836322732029316],[30.966641968086549,-29.835950700214205],[30.966562299862847,-29.835618953859644],[30.966551150700408,-29.835572527466113],[30.966425344050663,-29.835230941066278],[30.966383474294101,-29.834919871009916],[30.966292646525329,-29.834578293347825],[30.966207927969247,-29.834217034958446],[30.966245642998778,-29.833962319582046],[30.966431885859645,-29.83371413242747],[30.966990370388455,-29.833695178197573],[30.967275062958027,-29.833762081430301],[30.967975895707394,-29.833771800677958],[30.968402928507292,-29.833896020821776],[30.96875323991873,-29.834239813608619],[30.969125399248568,-29.834765012755373],[30.969304219682105,-29.834972131397848],[30.969575401173508,-29.834470951225693],[30.969859846476091,-29.834135635867785],[30.970060140549485,-29.833754891582945],[30.970333194883768,-29.83346936229562],[30.970842845869011,-29.833088689762082],[30.971045955706707,-29.83297471338911],[30.971288399973318,-29.832686932220799],[30.971343081029364,-29.832385484557072],[30.971423983424085,-29.83214416431764],[30.971671205526093,-29.831819574472526],[30.97199881616724,-29.831613386932059],[30.972217214505285,-29.831502372215848],[30.972417441247821,-29.831296155497466],[30.9728178685553,-29.830963053611072],[30.973163663914928,-29.830693412166536],[30.97365834058823,-29.83031867144167],[30.974101920923637,-29.829939246385031],[30.974830732690265,-29.829552922699019],[30.975638331590812,-29.829433730447516],[30.976637518802765,-29.829469714021393],[30.977267140994346,-29.829505626960778],[30.977814651069838,-29.82948185131119],[30.978184219317782,-29.829469978492408],[30.978854950157849,-29.829291072074987],[30.97938879069806,-29.82917181278809],[30.979607813702703,-29.829064437487279],[30.979950076563558,-29.828694524527062],[30.979909157272836,-29.827978456287351],[30.979840832794157,-29.827417530573584],[30.980018829886809,-29.827107264020324],[30.980757957452425,-29.827035767523647],[30.981373856451945,-29.827191002593082],[30.981989753076704,-29.827370103525645],[30.982318206963576,-29.827608835267007],[30.982728786779148,-29.827847576945526],[30.982988802806322,-29.828110166773698],[30.983467841260243,-29.828241505630327],[30.983987939561128,-29.828396716464763],[30.98438485019911,-29.828563845112107],[30.984535359323189,-29.828909959444218],[30.984685874943438,-29.829220270490982]],[[30.942597797506135,-29.854961719000759],[30.942597249754812,-29.854966395508068],[30.942604977202954,-29.854960414230533],[30.942597797506135,-29.854961719000759]]]}},
{"type":"Feature","properties":{"sde_LDR_Mi":0.0,"CAT_NAME":null,"MAJ_CAT":null,"Id":0,"Phase":"Phase3","OBJECTID":0,"Shape_Area":86978805.144899994,"BlockName":"Tongaat Beach"},"geometry":{"type":"MultiPolygon","coordinates":[[[[31.181649922110989,-29.578956261081846],[31.181434241892408,-29.579144098126751],[31.181266920275139,-29.57924349021415],[31.181077727514406,-29.579350837688843],[31.180866438561178,-29.579517453212034],[31.180763445033843,-29.57963017806232],[31.180636362322819,-29.579786337929288],[31.180505626909536,-29.57991840815275],[31.180332448751383,-29.580042518375375],[31.180159378532913,-29.580164360855001],[31.180074010618576,-29.580277854781798],[31.180004137853864,-29.580390626204075],[31.179976980497347,-29.580503543955913],[31.179969118024182,-29.580638862580287],[31.179975906778363,-29.580740359017412],[31.179977415713584,-29.580821752177247],[31.180177231396918,-29.580969374888131],[31.180164468260458,-29.581093404763561],[31.180087129557958,-29.581194936141991],[31.179996838973764,-29.581206320568597],[31.179971140061923,-29.581375521246631],[31.179932389688194,-29.581409395119415],[31.179816260415297,-29.581398207800444],[31.179867855851455,-29.581510901044318],[31.179945377333343,-29.581635012669427],[31.179893940076354,-29.581781591725466],[31.179829427691274,-29.58183803870898],[31.17972621158026,-29.581781826337526],[31.179635969845229,-29.58193963049666],[31.179571449593912,-29.582041198951078],[31.179481156892955,-29.582041334446242],[31.17951989328013,-29.582187873940271],[31.179532736912538,-29.582289347015518],[31.17946845957929,-29.582334525015355],[31.179442654212664,-29.582334611895934],[31.179481284204975,-29.58243602614024],[31.179365375116028,-29.582582761343119],[31.179287926869222,-29.582571611889414],[31.179197593094365,-29.582560364726444],[31.179158968131272,-29.582661805666909],[31.179029888497013,-29.582740828775623],[31.178978335506848,-29.582707081781649],[31.17891378942436,-29.582740878742712],[31.179004025217491,-29.582887458215815],[31.179017072526019,-29.582977654976386],[31.178939822208768,-29.583056693165268],[31.17884944473975,-29.58301172905616],[31.178759099736023,-29.583000473053684],[31.178725201914062,-29.582941295920669],[31.178627197441397,-29.582963423258818],[31.17847302326512,-29.583041485383934],[31.178293114470613,-29.583150788329522],[31.178189909182855,-29.583209739174123],[31.177967626475638,-29.583352950178519],[31.177691353702798,-29.583596624934962],[31.177515444624415,-29.583762668877299],[31.177292658151963,-29.584019628436653],[31.177072508166663,-29.584322145425489],[31.176910738157606,-29.584534434318407],[31.176762523466689,-29.584726201097837],[31.176674177549266,-29.584850275958615],[31.176584504073109,-29.584984711794185],[31.176506271303115,-29.585096517818545],[31.17637661971763,-29.585277019524508],[31.176221140352002,-29.585490295345036],[31.176106952298635,-29.58564726234021],[31.176030018261919,-29.585748762654163],[31.175990232966029,-29.585777661443455],[31.175900406830728,-29.585929270968368],[31.175777146424686,-29.586109687692268],[31.175653955951002,-29.586255359686657],[31.175524264066041,-29.586401048625067],[31.175357189955886,-29.586600988129788],[31.175178702486924,-29.586823519505884],[31.17488647676543,-29.587171131634527],[31.174647829593955,-29.587468425445948],[31.174622144794956,-29.587541092136174],[31.17461108118426,-29.587656552430122],[31.174748307388519,-29.58772844987622],[31.174735593404709,-29.587886439532145],[31.174593638683294,-29.587920255840128],[31.174503272751465,-29.587886581755011],[31.174400205099889,-29.588044479562953],[31.174374396497896,-29.588100889962394],[31.174258242206012,-29.588078504017652],[31.174180837651221,-29.588078516318614],[31.174232383408981,-29.588168653524249],[31.17433562808759,-29.588258823207866],[31.174206838511203,-29.588439327007098],[31.174064874721417,-29.588416990590385],[31.174026172925419,-29.588540957567886],[31.173897216904525,-29.588574865966603],[31.1737810578283,-29.588608768076885],[31.173884202366871,-29.588766588316155],[31.173639365140883,-29.589048751427825],[31.173523189230302,-29.58920668735092],[31.173420023032914,-29.589296943443738],[31.173329735890835,-29.589308340652707],[31.173303952486137,-29.589443679870996],[31.173136254344591,-29.589579140287441],[31.173007265956787,-29.589669418962565],[31.172874873618309,-29.589528234551185],[31.172797551075384,-29.589576901589183],[31.172704585158392,-29.589665689766331],[31.172629668830176,-29.589789752757675],[31.17246779942538,-29.590015487317636],[31.172326533028194,-29.590190875997667],[31.172329448549135,-29.590218656432537],[31.172330107755446,-29.590263155744143],[31.172273542471235,-29.590352725206227],[31.172208913849552,-29.590465488658651],[31.172137886453825,-29.590578255098976],[31.172056548779324,-29.590702303645781],[31.17200361844295,-29.590781321790985],[31.171974999967748,-29.590826289690494],[31.17194279075288,-29.590870621448353],[31.171861408113898,-29.590983043320719],[31.171783879127492,-29.591096170325326],[31.171599596052488,-29.591377709891812],[31.171415108546402,-29.591659141145378],[31.171337369870777,-29.591771906693314],[31.171323382346269,-29.591792248932929],[31.171259818525954,-29.591884690505971],[31.17121299992003,-29.591963773123563],[31.171172667869403,-29.592042767162791],[31.17115725488129,-29.5920878092167],[31.17107197369452,-29.592372002433571],[31.17098428350932,-29.592627415436265],[31.170994719235861,-29.592657094671878],[31.170973567479159,-29.592725592013153],[31.170947509588572,-29.592793279895858],[31.170951747108234,-29.592821513767042],[31.170805083096244,-29.59306793105171],[31.170730270055891,-29.593193571348319],[31.170734419623642,-29.593221890815379],[31.170708708572633,-29.593289498943548],[31.170685406638796,-29.593345808313508],[31.170691945903449,-29.593379462964528],[31.170663960609033,-29.593445923303136],[31.170249303560645,-29.595032561858396],[31.169442859130296,-29.596217521919367],[31.168897909321725,-29.596991588786047],[31.168712743023729,-29.59732599748007],[31.168571291059003,-29.597669898199236],[31.167672091101092,-29.599453812686061],[31.16590585583355,-29.601675896068578],[31.164249483054469,-29.60363956704753],[31.162831348077003,-29.605689778821361],[31.161838121686426,-29.607125637499315],[31.159329622394065,-29.611903290040146],[31.15248348874594,-29.620413074474584],[31.147802847830654,-29.625330389772984],[31.143571233998951,-29.631160665043613],[31.141806027119362,-29.633333901731636],[31.140386966656834,-29.635080894889732],[31.138253557105035,-29.638215488034142],[31.136584368435379,-29.640437070082196],[31.135458979984591,-29.641934822146354],[31.13314731650426,-29.644815821221886],[31.132239193785466,-29.646195424280943],[31.131589997044493,-29.647079236358724],[31.130574523169436,-29.647887024420672],[31.130175675694375,-29.647973346252886],[31.129640075493441,-29.647964323240082],[31.129351275332091,-29.647830534327515],[31.129235194616932,-29.647606678137436],[31.129081792421257,-29.647310847536559],[31.128726454563683,-29.647230037152212],[31.127696101279106,-29.64709338676073],[31.126739224021367,-29.646712395030956],[31.126125546060383,-29.646537540349691],[31.12569971516351,-29.647447964039216],[31.125583839841685,-29.647656930714835],[31.125399453315666,-29.647707827601419],[31.125156873653467,-29.647657334401437],[31.124985976601344,-29.647567985503034],[31.124873242895085,-29.647556157036103],[31.124770782148349,-29.647565204495759],[31.124565896522956,-29.647517664112499],[31.123304964257098,-29.647591021861611],[31.12191129560463,-29.647549345662],[31.121361288786311,-29.647393657232392],[31.120739725499345,-29.64592123595402],[31.120714858772178,-29.644296626371979],[31.12050632514212,-29.643571187090046],[31.120024662341294,-29.642941472386873],[31.119150727262895,-29.64259993939384],[31.118692042262694,-29.642350168798504],[31.118481913413444,-29.641539340156104],[31.118146222496129,-29.640468121529103],[31.118328381342096,-29.639270516463803],[31.118821682567155,-29.638264281888254],[31.119034689100683,-29.637595621977766],[31.119116558056906,-29.636835585673399],[31.119283631520332,-29.635533082126415],[31.119665278393313,-29.634797560663422],[31.119916361437969,-29.634558639827048],[31.120641543547769,-29.634155935653247],[31.121226883050955,-29.633764984159409],[31.121794631136058,-29.633306171367384],[31.122318682200223,-29.632866491956964],[31.123159161296513,-29.632015963102369],[31.123808821870441,-29.631520909383539],[31.124841242656995,-29.631260117091493],[31.126747564295655,-29.630689023628467],[31.128340824455947,-29.629949926619521],[31.128522898276653,-29.629544917727429],[31.128863437706123,-29.629050500713234],[31.129074067868093,-29.628689108598998],[31.129984814877421,-29.628015869985127],[31.130766262661407,-29.627379406727272],[31.131530877480238,-29.627105600514199],[31.13258051768107,-29.6271044896124],[31.13260798570025,-29.626500376946133],[31.132743585022524,-29.625736419517725],[31.132875292362538,-29.625191986615352],[31.133309059193273,-29.62466172792487],[31.134032073498069,-29.623938948935741],[31.135252808674185,-29.622583119250553],[31.135839528116747,-29.622105130933761],[31.136426338474781,-29.621698748243553],[31.137586820754102,-29.62127983453815],[31.138324743566979,-29.621511794325176],[31.138003305296323,-29.619817775872736],[31.137822205503618,-29.619230775582384],[31.137411568688638,-29.618593887052189],[31.13690183809004,-29.617398554100479],[31.137012462083455,-29.616360541424513],[31.137316760131558,-29.6151567826019],[31.13732404285571,-29.614483656012798],[31.13741672334022,-29.613834907155201],[31.136932337110931,-29.613183771238266],[31.136177313557337,-29.612375372926778],[31.13614429344544,-29.612196385711442],[31.136577994495912,-29.611730485164017],[31.138002813829676,-29.610934157285833],[31.138551266401198,-29.610496774228011],[31.138803979074648,-29.609529795933732],[31.139391128877811,-29.608796672267996],[31.140239557151325,-29.608647502462993],[31.140971500763655,-29.608570344586106],[31.141479309953176,-29.608235741743979],[31.141942974924408,-29.607891415507304],[31.141044438217875,-29.60737226719672],[31.140304951819182,-29.605940881195625],[31.139505010864909,-29.605124792872758],[31.139156009638359,-29.604681781108653],[31.139104937421219,-29.603292629283729],[31.139299943846076,-29.602089401322875],[31.139229438905637,-29.601244334139004],[31.139264865496472,-29.600413797988715],[31.139755276712382,-29.599525336303039],[31.140409019378264,-29.598250013689679],[31.140867252343028,-29.597805554945307],[31.140752102948806,-29.597490599302876],[31.140354974703751,-29.597069841209951],[31.140127238315102,-29.596304162462186],[31.14035595098867,-29.595428691009719],[31.139992272876505,-29.594433912922188],[31.140154961269658,-29.593464024995075],[31.141154609421825,-29.592334351340579],[31.141546686347628,-29.591812549938961],[31.142077920023542,-29.591188962843962],[31.14329903989298,-29.590770985252263],[31.144101805008361,-29.590655542453295],[31.145028599874227,-29.590785746568226],[31.145858620116066,-29.590931163735917],[31.146403831865733,-29.591184774306239],[31.146736235683658,-29.591585415737985],[31.147026803819497,-29.591384590038647],[31.147429326729988,-29.590817466521752],[31.148049321975137,-29.590448902234002],[31.149220738839141,-29.589809463703098],[31.149964833913302,-29.589132791881852],[31.150268972843875,-29.5889550788219],[31.149992752213489,-29.588620758357393],[31.14934869750774,-29.588005649822012],[31.149081748803287,-29.587544073846328],[31.149412073034885,-29.586534019984196],[31.149951924284846,-29.585942639600546],[31.150328122157326,-29.585491079355915],[31.15110105185946,-29.584385474495036],[31.151464530113273,-29.5838964939669],[31.152057757151244,-29.583405296164948],[31.152560623974473,-29.58275666033785],[31.152826410671199,-29.582444856701148],[31.153465114283456,-29.582240035136447],[31.154087696917593,-29.582210670609424],[31.154976240944972,-29.58218369680948],[31.156085992747339,-29.581778684198778],[31.156790318741546,-29.581634636914632],[31.157821615691201,-29.581508487732151],[31.158224166144418,-29.581352856398439],[31.158851155067637,-29.580653922589494],[31.15925978743433,-29.580026856587775],[31.159630352897288,-29.579671557607742],[31.159738981455458,-29.579289513622037],[31.15977888058077,-29.578615149802484],[31.159792017277251,-29.57828692715718],[31.160126729551923,-29.577819068204374],[31.160650981266432,-29.577522063884395],[31.161606988348325,-29.577687991007323],[31.162184944112251,-29.577562283457784],[31.16256954799363,-29.577680848693422],[31.163430302440787,-29.578043803351648],[31.163731055233676,-29.578276161336902],[31.163894907376473,-29.578281926602173],[31.163997125685817,-29.57816841986547],[31.164290096774725,-29.577810013914739],[31.164540517083189,-29.577601349687843],[31.16502657905512,-29.577313806740193],[31.165421399471562,-29.576621097383097],[31.165686645292986,-29.576012092100942],[31.165965313272849,-29.575694688899709],[31.166495678965703,-29.57558652627085],[31.168105329404394,-29.575823490192668],[31.169070694666317,-29.576068287714286],[31.169794161421255,-29.576656153099545],[31.170531488812802,-29.576683851796751],[31.171137551412823,-29.576597141609131],[31.171530318871461,-29.57633168242803],[31.172111474676626,-29.576051656298841],[31.172365595174114,-29.576151578974894],[31.172138480127764,-29.577483796489645],[31.172065941678635,-29.578185656234819],[31.17231273882112,-29.578794010510304],[31.172657297115968,-29.579079997890801],[31.17340936221898,-29.578666074189126],[31.17465639964491,-29.577654965609852],[31.175667685157116,-29.577097261380633],[31.176464510877874,-29.576790674235706],[31.177381478351233,-29.576604122581504],[31.178604361805196,-29.576224491280527],[31.179586686440619,-29.575822157450723],[31.180206768644034,-29.575480645805541],[31.180993857425918,-29.574789080910655],[31.1812546659833,-29.574043994021373],[31.18182535925013,-29.573487821192277],[31.182826145193122,-29.573297108666463],[31.18397308909568,-29.573352811779813],[31.184858473009534,-29.573723947905922],[31.183345530368133,-29.576638134611532],[31.182754723779585,-29.577531124781107],[31.182201121343461,-29.578014597413077],[31.182136013056429,-29.578253382481414],[31.182137922503191,-29.578389489335777],[31.181930704762017,-29.578638501116309],[31.181649922110989,-29.578956261081846]],[[31.124363998739199,-29.642337859037667],[31.124365918687825,-29.642498903511751],[31.124366413503193,-29.642347362637171],[31.124363998739199,-29.642337859037667]],[[31.124309667092618,-29.64272245955922],[31.123927256515987,-29.643419449037964],[31.123973493834093,-29.643336258939318],[31.124022627022594,-29.643247858427998],[31.124309667092618,-29.64272245955922]]],[[[31.153668645103131,-29.49498476091826],[31.153270473049325,-29.495874203981749],[31.155094603757995,-29.496067149931893],[31.15484816703329,-29.497319810850612],[31.154257003865158,-29.498179708502796],[31.154354656614686,-29.498752617139861],[31.153795452330677,-29.499131354798269],[31.153027683135825,-29.500039805138485],[31.1521104929143,-29.501593914909236],[31.15339948710999,-29.502106987452223],[31.154629017697573,-29.503179707526453],[31.155213996581416,-29.505035513903778],[31.155525710105547,-29.505680194787875],[31.155756525324364,-29.506022565864207],[31.156953609392701,-29.507405926784116],[31.15819922120037,-29.508225573446879],[31.159861018205316,-29.509923118595921],[31.161173448212324,-29.511544682866859],[31.162856905710417,-29.513070300494121],[31.1636816220268,-29.5141084396789],[31.164444688072699,-29.513458239124056],[31.166128007930443,-29.514850143905978],[31.166645401413703,-29.516084149375427],[31.16694305345041,-29.516324743509657],[31.167012615177665,-29.517806448701698],[31.166953253795548,-29.519166614125414],[31.166966078805281,-29.519441124303977],[31.166554602046549,-29.520822659338744],[31.16755980490403,-29.522096509397461],[31.167817743643603,-29.524653618243189],[31.167565721490774,-29.527225080256752],[31.168623995895778,-29.527340643663429],[31.16954184176101,-29.527812097547205],[31.170212269426223,-29.528126257471087],[31.171228277208684,-29.527712633908109],[31.172078743068937,-29.527067052067913],[31.172650102915597,-29.526006493580546],[31.173288198241664,-29.525676260508785],[31.174417585152604,-29.525359702546773],[31.175138510973564,-29.525587904492319],[31.176088428104038,-29.525658258918387],[31.176727082513629,-29.525657411414223],[31.176907340392432,-29.525728780954719],[31.177041363930027,-29.527461547367842],[31.177926289611921,-29.528603099063567],[31.178082704165124,-29.529082671679198],[31.178180140367502,-29.529913548119907],[31.178347677187631,-29.530765133856065],[31.179571271112525,-29.530888951075944],[31.18064557046004,-29.530585065713701],[31.181958485829117,-29.530038144366618],[31.182756200757865,-29.529682584227011],[31.183378497358358,-29.529678146720794],[31.183653274146032,-29.529939141099153],[31.183985642176598,-29.530350434590201],[31.184114092337975,-29.531167615786355],[31.184236353874837,-29.532200670153589],[31.184163488555864,-29.532835396316358],[31.184268560114667,-29.533722249711072],[31.184002339164778,-29.535564167116831],[31.183739070195777,-29.535967703183385],[31.183797629526044,-29.536462725082767],[31.183745625328431,-29.536916219753945],[31.183820736546966,-29.537550782007191],[31.18377878769078,-29.537916663503811],[31.183739674127128,-29.538988334987614],[31.183333481368752,-29.539501640201678],[31.182907095186128,-29.540486114432721],[31.183211678750641,-29.541366487098632],[31.183164697544111,-29.543053492690099],[31.18269629497971,-29.543674749672043],[31.182231231378601,-29.544767503341209],[31.181790636301393,-29.545169920338161],[31.181437724200865,-29.545406387391463],[31.181129564747661,-29.545427813129493],[31.181102900683445,-29.54593675131235],[31.181561932970649,-29.546353758065859],[31.181936165710571,-29.546489303423972],[31.182574131043687,-29.546506957238339],[31.183217418415833,-29.54657413815071],[31.185155460832579,-29.547392531188464],[31.185868087784367,-29.547714844980597],[31.187175375444998,-29.547811308137724],[31.187831708768304,-29.547913907991799],[31.188187290678101,-29.54828935230249],[31.188706004615064,-29.548306518896975],[31.189076412031969,-29.54816203268669],[31.189701682158148,-29.547911251426857],[31.189947617545499,-29.548042183310663],[31.190010089293974,-29.548603031390545],[31.190031367334953,-29.54903265510729],[31.190024961947529,-29.549503992498032],[31.189642437373681,-29.550256840825426],[31.188955818193154,-29.55077583087208],[31.187694132262379,-29.552499466290534],[31.187022958148148,-29.552722400635627],[31.186552308810601,-29.553000130220191],[31.186314916649529,-29.553693583978951],[31.18586390190146,-29.554872296525534],[31.185536861145195,-29.555644935986923],[31.185194118354563,-29.555868596464098],[31.184407978827352,-29.555941298965976],[31.183794405106749,-29.556328837610241],[31.183420869339745,-29.556965092135041],[31.183069638477992,-29.557489362434747],[31.182200139898395,-29.557920752372365],[31.180840178842381,-29.558296841763649],[31.180162591925217,-29.558983343591319],[31.179566491822289,-29.560008158401146],[31.179321151892587,-29.560223316585962],[31.17936230759296,-29.560337835300427],[31.179558984998703,-29.560394856735563],[31.180328514210178,-29.560171826680914],[31.180697425105389,-29.560357508571755],[31.180870781359857,-29.561116327148557],[31.180825848326812,-29.562126995094282],[31.180055947509238,-29.562245134049366],[31.178922819680885,-29.563486206073982],[31.178598632329813,-29.563890665913803],[31.178230252941955,-29.564012895818969],[31.177573962012957,-29.564510859461013],[31.177372103013145,-29.565102499499805],[31.177005931756518,-29.565496966036974],[31.176267317537533,-29.56568400207799],[31.176013742170031,-29.565944858266541],[31.175900020739007,-29.566436382107682],[31.175091578136641,-29.567876788319488],[31.173994535638695,-29.568221952468917],[31.17319854903668,-29.567385169247792],[31.172583864966164,-29.567185464565689],[31.171584317449636,-29.567057863632058],[31.170674418157887,-29.566658026293929],[31.169705332252267,-29.566532175354457],[31.169452061245071,-29.566615323045866],[31.169281487346371,-29.567300862182858],[31.169014109938395,-29.567912720920361],[31.168577986598219,-29.568362024031053],[31.168174300538894,-29.568615553753041],[31.168075739667753,-29.568801775608815],[31.168535595199238,-29.569262302723072],[31.16874356702283,-29.569416850839971],[31.168832114481905,-29.570100487820692],[31.168363888147134,-29.570485340338557],[31.167856176432402,-29.570622608097931],[31.166879329736023,-29.570598221901559],[31.165805388949057,-29.570932590692578],[31.164535137528883,-29.570686537418567],[31.164622385196534,-29.570276553931595],[31.164445135943499,-29.56939724919377],[31.164252362272794,-29.568632091624774],[31.164129634960126,-29.567587356006335],[31.163992003478768,-29.567041025247075],[31.164136691362234,-29.566403691015591],[31.16268857048528,-29.565661574082714],[31.162040145414473,-29.565329267711824],[31.160810449023629,-29.56503728327688],[31.159104756173711,-29.564632254508567],[31.157055475187679,-29.564564383480395],[31.154974182631648,-29.564954709738299],[31.15330139189431,-29.56465828039526],[31.150262338901193,-29.563617456126369],[31.148451933964949,-29.562545357522467],[31.147095350249678,-29.561741974840679],[31.145712303661004,-29.560455041532336],[31.144992018524427,-29.560803133226788],[31.144230240645754,-29.560775318922168],[31.143430489332488,-29.560924176744795],[31.142671346646228,-29.561414473300726],[31.142394215024787,-29.561794147212947],[31.142140076190472,-29.563584643511454],[31.141585417289097,-29.564273875306917],[31.140725626600105,-29.564465746190152],[31.139760100694442,-29.56544081592261],[31.139027755239919,-29.565756495135055],[31.138372627985909,-29.565876527468006],[31.137758228143802,-29.565829426817789],[31.137396154377388,-29.565609007616075],[31.136869407452753,-29.564756211504083],[31.136657419899535,-29.564469993962586],[31.136037062252985,-29.56428576758876],[31.13531103230299,-29.564730227121554],[31.134207871933675,-29.56517419222282],[31.133717650938497,-29.565541781890357],[31.133428161083291,-29.565895508798786],[31.132386307629723,-29.566369005328664],[31.131889884908627,-29.566760961388166],[31.131596345962517,-29.56706649358555],[31.132072322552133,-29.567746305975326],[31.132343531322181,-29.568433481662673],[31.132172081932698,-29.568870466775461],[31.132057663511429,-29.569071085544355],[31.132414720967137,-29.569172983591226],[31.13309503926126,-29.569501704556529],[31.134199163389596,-29.570579917130161],[31.135172634158849,-29.572093895763743],[31.136269880974115,-29.573043124694138],[31.136713719099586,-29.574145444910538],[31.137264768611058,-29.575770397154745],[31.138028517812952,-29.577165977556469],[31.13873555006694,-29.579005587032611],[31.138827633694468,-29.580444827395066],[31.138877248266123,-29.580781336762843],[31.138550077057744,-29.581132256204548],[31.137305095925672,-29.581324506150711],[31.136868903154785,-29.581869183129452],[31.136574721366237,-29.582423260481097],[31.136782907638128,-29.582900437898243],[31.137407258384933,-29.584169655031936],[31.137631311985512,-29.584800698302747],[31.13747378490751,-29.584928944101257],[31.136941299866411,-29.584958137867215],[31.135966928256092,-29.585374469904419],[31.134293776351459,-29.58398696323831],[31.133449439656232,-29.583497594849611],[31.132867307658952,-29.583257989079851],[31.132121180376597,-29.582793276673772],[31.13083738042862,-29.582463992296763],[31.129532221665517,-29.582695575307682],[31.128139687479852,-29.582847304910263],[31.127335959301021,-29.582862229281133],[31.127003734981319,-29.582790101690449],[31.12639135433275,-29.582433518333229],[31.126169080132239,-29.582199633833184],[31.125759681143897,-29.582175249248312],[31.125531034836932,-29.582429386668757],[31.12512830073824,-29.58248048969147],[31.124937231093202,-29.582552278390828],[31.124787204374584,-29.582689669626141],[31.124651003743377,-29.582967281557902],[31.124577473801878,-29.583096297859946],[31.125375056908545,-29.583238764675411],[31.125954553571241,-29.583686964480204],[31.12662089965572,-29.584025330725201],[31.126629755695291,-29.584176404639063],[31.126421066300512,-29.584271089029968],[31.125991942454149,-29.584378396829731],[31.125118734850748,-29.584596748358109],[31.124385716614778,-29.584780039416671],[31.123468338631522,-29.584945595809323],[31.12268626696531,-29.585218434032729],[31.12029468191178,-29.585797072859002],[31.120044764958234,-29.585765075121529],[31.119368522142469,-29.585475669387151],[31.118777381633322,-29.585173958008898],[31.117954607152392,-29.584900482551532],[31.117557108816218,-29.584768358883576],[31.117257695735329,-29.584439223329213],[31.116823143599092,-29.584142429998661],[31.116331385469309,-29.583967420276096],[31.115602337778938,-29.58405040712217],[31.115094388482188,-29.583783429412701],[31.114981886135254,-29.585276712426197],[31.114640535753388,-29.58623495025077],[31.113777905105977,-29.586541222962044],[31.112532714470152,-29.586647310377739],[31.111102235435425,-29.587135454619101],[31.110242649308294,-29.588787213575891],[31.110026014573446,-29.590344694495951],[31.110649989907966,-29.591123821342048],[31.110540317521874,-29.591562650477218],[31.1088054847583,-29.591003148841921],[31.10798616755611,-29.591003817819676],[31.107098851185427,-29.591267101874738],[31.106247132759279,-29.591615655671134],[31.105865756978755,-29.591318413090214],[31.105107481988917,-29.5908605238108],[31.103722669227505,-29.590696912947511],[31.102764259502976,-29.590883840954863],[31.100188526353453,-29.591244293812572],[31.100022430992365,-29.591406150749975],[31.099977576621487,-29.591617430235576],[31.099933339545149,-29.592455285399158],[31.099817778419279,-29.592832356823585],[31.09955312129992,-29.593239686312327],[31.099254326690396,-29.593508442646588],[31.098578658525604,-29.593802541741969],[31.0980464025237,-29.594128755453728],[31.097539579554422,-29.594625819144394],[31.097175344293561,-29.595025697949481],[31.0965719946918,-29.594798343096592],[31.095629406596881,-29.59444098206939],[31.094905070692921,-29.59382089326559],[31.094795379016713,-29.593343580344634],[31.094057591129076,-29.592799574860013],[31.092403548614428,-29.591041853215827],[31.091755964597276,-29.590059460685829],[31.091736964105714,-29.589544011473699],[31.091451248168198,-29.588881589006757],[31.091008388949678,-29.588394953813765],[31.090424593516193,-29.587883588796622],[31.089545205910429,-29.588490005566136],[31.089219298335191,-29.588647823916741],[31.088751842514149,-29.588907718963554],[31.088185447464145,-29.589239286862856],[31.087393898931083,-29.589755989997389],[31.086875359365468,-29.590171064296253],[31.086193005935076,-29.590648900651075],[31.085018977269822,-29.591034554649987],[31.083885077817015,-29.591244731517079],[31.08306042887822,-29.591407563156761],[31.082795571969566,-29.591477427768847],[31.082009410798761,-29.591957216832235],[31.081365135174927,-29.592282239489915],[31.080720641084884,-29.59233801035413],[31.079796781770227,-29.592025856494867],[31.079168836161102,-29.591643862824284],[31.079094554959013,-29.590797968726534],[31.079000783600677,-29.589820581614148],[31.078681072516375,-29.588623158991208],[31.07873083372035,-29.588051387839347],[31.078550532369206,-29.586770315286369],[31.078849986327427,-29.585548014425413],[31.078739783140843,-29.585140560212221],[31.078385126891444,-29.584550626187479],[31.078138717038513,-29.583949171592621],[31.078121271495291,-29.583176008945951],[31.07779331944025,-29.58285157488379],[31.076788633821607,-29.582584617694092],[31.076226082197284,-29.582584941837041],[31.075236223780902,-29.582549776424734],[31.074938560555495,-29.582458744565081],[31.074491154472575,-29.582174913854502],[31.073867404835266,-29.582772978051963],[31.072835645610098,-29.583465766605894],[31.071583656931089,-29.584030293708217],[31.070865418167667,-29.584471245129567],[31.070613446927517,-29.584462989936533],[31.069564378318006,-29.583906721950612],[31.068001812188058,-29.583148477607754],[31.06731917125143,-29.58325385205729],[31.066762022306932,-29.583172976156547],[31.066286959259177,-29.583330753509522],[31.065773840479217,-29.583765435337114],[31.065362506267928,-29.585126728622075],[31.064567929055169,-29.585546700545464],[31.063667005048696,-29.585986336669244],[31.0633230142789,-29.586158361852487],[31.06244377086173,-29.586344961462853],[31.061395199118731,-29.586522085690337],[31.06100201881641,-29.586646388852596],[31.059816861842961,-29.586771050027469],[31.059017940629648,-29.586909057433758],[31.0582304585709,-29.587254716692794],[31.057520328354414,-29.587111808397424],[31.056905669018114,-29.586765964404062],[31.055785803728028,-29.586444199598471],[31.054884510078995,-29.586289422953143],[31.054222561428432,-29.586463292318751],[31.053519143794375,-29.586480937523756],[31.052135222506539,-29.585873442778631],[31.050336976555297,-29.585229027630255],[31.049839901968543,-29.584461971247986],[31.049803689859957,-29.583677704263401],[31.049557485705176,-29.582806555369807],[31.049278758833864,-29.581892879377968],[31.048573639037926,-29.581255393871487],[31.047600025479859,-29.580500095114065],[31.04632014283446,-29.579967238666637],[31.045282408523519,-29.57987211847362],[31.045719099939252,-29.579358772125556],[31.046442490323919,-29.578797583891685],[31.046523265231819,-29.578225118394759],[31.046720206929848,-29.57664873027877],[31.046950510356954,-29.576306016310621],[31.047134683831125,-29.575741930617077],[31.049239139379218,-29.574268706320325],[31.049983365296715,-29.574349268465067],[31.050847599436278,-29.573128840334423],[31.051371639518631,-29.572670341281942],[31.051604734280488,-29.572395363546367],[31.053615877719281,-29.572125226561244],[31.0549104622846,-29.572683247240732],[31.055582142916748,-29.572611359016559],[31.056577452476922,-29.572312005198604],[31.057842756296935,-29.572094808894967],[31.058744029788571,-29.572423815048154],[31.059317490753461,-29.572495168963115],[31.0599725718148,-29.572065221338352],[31.061365151888989,-29.572064585184574],[31.062236898780295,-29.571817309504862],[31.063052480935085,-29.571820323863619],[31.062741483093394,-29.572278769089106],[31.062151946924455,-29.572708699689635],[31.061873751469289,-29.573238734621626],[31.06187209307631,-29.573948737202493],[31.06257924915402,-29.574871089218277],[31.063267730951999,-29.575457955202609],[31.064070846577032,-29.575944511785309],[31.064725911421608,-29.575485896442206],[31.065086137472147,-29.575141997927982],[31.065823370501203,-29.575084346654819],[31.066610000375071,-29.575399034025164],[31.06746175073609,-29.575083524469473],[31.068149233640995,-29.57413793567547],[31.068935211527371,-29.573493049816431],[31.070573285204404,-29.573091180080571],[31.071593607019359,-29.572674320276501],[31.072395694316747,-29.572312519489742],[31.074059501486868,-29.572021441178322],[31.075132649637151,-29.572078125565145],[31.076099887462924,-29.572362160727454],[31.076583498842044,-29.572762892790653],[31.0771161175524,-29.572970250496446],[31.077484985654806,-29.57328511509473],[31.077927356558821,-29.57330633893498],[31.078033706146176,-29.57312009326845],[31.077704359015453,-29.570929052697561],[31.077336338814714,-29.570542869930492],[31.076876637375157,-29.570435432580076],[31.076491263630434,-29.569941553233118],[31.076564803275719,-29.56969804036591],[31.077031063705981,-29.569377380285587],[31.077604799941295,-29.569470330829336],[31.077597357476353,-29.569010353012274],[31.077678031192615,-29.5684896886846],[31.077939744197469,-29.56795485494612],[31.07823425634318,-29.567467740665485],[31.078376024716089,-29.567190768975379],[31.078441289153329,-29.56684700726127],[31.07846282984697,-29.566455531998731],[31.078355902808511,-29.566218841759795],[31.077285438721013,-29.56576249083329],[31.076433339705414,-29.565733020740502],[31.075307998277474,-29.565160791407976],[31.074826699293343,-29.564564266129711],[31.074603588526795,-29.56380615930161],[31.074775025662372,-29.563135770009644],[31.074989414111371,-29.562640333661815],[31.075513247579192,-29.562124451748325],[31.075868441617718,-29.561865750672595],[31.077271200794648,-29.561665142824932],[31.078038652101959,-29.561767171627636],[31.078564855246736,-29.561682876203282],[31.078696570920677,-29.561519323627152],[31.078945072694289,-29.561331368476669],[31.079376121690562,-29.561153713108791],[31.080350505843867,-29.560752116559648],[31.080858074881391,-29.560429567786549],[31.081766891949442,-29.55999219617933],[31.082626837043065,-29.559898572288656],[31.083617754425347,-29.559711768663341],[31.084158426469557,-29.559818840840656],[31.084568269618892,-29.560190947712194],[31.084707833952052,-29.560577547730272],[31.085732647600921,-29.56172979604839],[31.086312246472673,-29.562327356225364],[31.087197351598391,-29.56289965045228],[31.088049516563824,-29.563257133474558],[31.088554848700554,-29.563396766046136],[31.08862199744916,-29.563077345550685],[31.088837628147399,-29.562835639827263],[31.08902154149359,-29.562399895072939],[31.08923234433966,-29.561495689481021],[31.08935143632462,-29.561089824819554],[31.089487830682764,-29.560955466034684],[31.090746619936013,-29.560351902537118],[31.091834798774013,-29.559796184507267],[31.092461473662247,-29.55947614340575],[31.092933233987448,-29.559273271182171],[31.093141403892275,-29.559264174256029],[31.093383076627209,-29.558877493945179],[31.094070669812915,-29.558428258634926],[31.094779973506071,-29.557845333975241],[31.095729684313707,-29.557434094274413],[31.096187952445774,-29.557013656624378],[31.096704939079132,-29.556539341644807],[31.097704984547978,-29.556048213812911],[31.098264542632251,-29.55604803824378],[31.098119202862875,-29.554536142516302],[31.098788429666268,-29.553787708633237],[31.099013663421928,-29.552271993608358],[31.099297508340204,-29.552057890756071],[31.100372329063294,-29.551303992288858],[31.100678772878631,-29.550363649895655],[31.101046823130993,-29.549961022472832],[31.101369378594438,-29.549880129889321],[31.101272686190072,-29.549238782695674],[31.101049762320326,-29.549071061875495],[31.100857023422563,-29.548332354952603],[31.100633999120685,-29.548164723771297],[31.100240405966929,-29.547000095553845],[31.099944959599746,-29.546370157191102],[31.099944705994009,-29.546112364263223],[31.100479284539023,-29.545634566420304],[31.101199267401206,-29.544937023750467],[31.102203226017245,-29.544325190078265],[31.10340380455543,-29.543799126999254],[31.104834036127148,-29.543626144250865],[31.105401385339238,-29.543196040114847],[31.105816330516017,-29.543214806141432],[31.107320394577979,-29.543175408379245],[31.106960974538577,-29.542077886429279],[31.106862967035497,-29.541982156634521],[31.106021651651748,-29.541811684907241],[31.105342220684978,-29.540434357297514],[31.104818877352077,-29.538856122567893],[31.104832369456439,-29.53837241355464],[31.105373632530789,-29.536441104740721],[31.10608865505284,-29.535008349800091],[31.106013061749938,-29.533469955997745],[31.105816537750794,-29.532667475284804],[31.106121015727872,-29.531923328143051],[31.105704820752919,-29.530472830988106],[31.107214722422349,-29.529477019754179],[31.107866863872303,-29.528736602053293],[31.108427301431885,-29.528535513025115],[31.108178178305849,-29.527070271361403],[31.108513324342297,-29.526583293541307],[31.108858101808295,-29.525844608678316],[31.109111583336727,-29.525115495757777],[31.109192244380338,-29.523981613672085],[31.10898605364838,-29.522585398858862],[31.108876348262108,-29.522084222621029],[31.109516824469804,-29.521260187847748],[31.109922589006899,-29.520295424657544],[31.109801700604169,-29.519696479540869],[31.109596539227695,-29.519255057046355],[31.110101066236421,-29.518920462622532],[31.110605589922855,-29.518585866275771],[31.11134253683192,-29.518478855259744],[31.111677528149269,-29.518761507476942],[31.111972202868728,-29.518551063893995],[31.112596836327956,-29.517677141341576],[31.112699484985484,-29.517441837078493],[31.112487400569119,-29.516916880360565],[31.111894513540545,-29.516123808089656],[31.110152356368786,-29.515355361012904],[31.109046186935053,-29.514502925944228],[31.108090114479275,-29.513935378197278],[31.107557653624706,-29.513919728906675],[31.107175193286704,-29.513538120171951],[31.107023169497289,-29.51334463410582],[31.105995713847811,-29.51299960702174],[31.105656861582759,-29.512555897467781],[31.105246704325499,-29.511768517568466],[31.104776778050113,-29.511234203897679],[31.104143347532506,-29.510919619368067],[31.102717866037622,-29.50993728985512],[31.102777660259541,-29.509698545024786],[31.103304746322255,-29.509534425787315],[31.104147080331998,-29.509234404221345],[31.104430666195341,-29.509024127012815],[31.104632336329193,-29.508766173940462],[31.104742807391734,-29.508618352172345],[31.104942962118535,-29.508317175679551],[31.105652241230043,-29.50810655923291],[31.105996377369493,-29.507828413560983],[31.106437290275036,-29.507289583693144],[31.106797021922933,-29.506840541712037],[31.107004264815068,-29.506701929863659],[31.107386351108136,-29.506754135602272],[31.109570105361328,-29.507420710682627],[31.109826201392135,-29.507038581522423],[31.11057850997587,-29.506264574282131],[31.111500209875821,-29.505690927753733],[31.112186953291182,-29.504869226497476],[31.112557502555529,-29.504362871996818],[31.112840983330393,-29.504085741180585],[31.113348142657394,-29.503741583641286],[31.113648322302662,-29.50376042337491],[31.114194380844939,-29.504041620214757],[31.114538624025613,-29.504418468267499],[31.11480659429014,-29.504909956671664],[31.115058205406491,-29.505411006598372],[31.115338961956581,-29.505965922935864],[31.11586646148924,-29.5055107433381],[31.116353368972305,-29.505356357556714],[31.116668458079594,-29.505284471895539],[31.117470486105024,-29.504845189784398],[31.117658138523925,-29.504542440409224],[31.117556611729896,-29.504174201118815],[31.116895477150202,-29.503372295412301],[31.116799050966208,-29.502815298296586],[31.117161993521297,-29.501498392263851],[31.117283542196326,-29.501447878340379],[31.117378724830452,-29.500806268266491],[31.117988003367405,-29.499537114708435],[31.120685282879219,-29.499353826089568],[31.120458061415885,-29.496911353812795],[31.120536662926561,-29.496044216083401],[31.121467448008911,-29.494104901685049],[31.121946228255975,-29.493743241323241],[31.122042119140353,-29.4936457205817],[31.123838005393047,-29.493583176243536],[31.124114741010452,-29.493462481565327],[31.124254601444129,-29.493571603587139],[31.124018185781544,-29.494465052365481],[31.123397186865336,-29.49524455178825],[31.124163501854593,-29.496452558563767],[31.125471847851792,-29.496629696071555],[31.125667928443669,-29.49700246536165],[31.127021338737375,-29.497086712943535],[31.127179049473209,-29.496862195921718],[31.127755749335414,-29.496550581942447],[31.128304349554242,-29.496699455097399],[31.128550131648122,-29.496066353809269],[31.129220984407436,-29.495927406850466],[31.129299712364599,-29.495633767831077],[31.131280322591881,-29.49555119878028],[31.132178344750095,-29.49524818136754],[31.134584167848349,-29.494982533699229],[31.1348014781681,-29.4950059516684],[31.135630936316065,-29.494097539988143],[31.135815045632469,-29.493577888977661],[31.134849308846817,-29.493337356653644],[31.134593289126776,-29.492807684742981],[31.133947560187185,-29.492102932344544],[31.133855004844321,-29.491821009216203],[31.133476165063708,-29.490961807817627],[31.134175598178793,-29.49047060325821],[31.134359474115051,-29.490087631541947],[31.134796316835018,-29.489563216705783],[31.13499100254629,-29.48838290215873],[31.135513497274633,-29.487603266805177],[31.136658818601056,-29.487385222633172],[31.136842514259229,-29.486877839136863],[31.136010024259893,-29.486295980644641],[31.136037606103091,-29.486099912637947],[31.135717017063392,-29.485623896069978],[31.135837663870436,-29.484766989495149],[31.136240459150969,-29.484484112831588],[31.137065709956349,-29.483292009953431],[31.137155360397685,-29.479848816962022],[31.137456450323402,-29.480092271804459],[31.137690660604761,-29.483442569743403],[31.138504143247811,-29.483931151700336],[31.139349510998201,-29.484279138661723],[31.140048165622172,-29.484937256731332],[31.141188722982374,-29.485859689171786],[31.141785850223869,-29.487502884331779],[31.142329873135317,-29.488015274531637],[31.143070346753955,-29.488459970634423],[31.144114949608827,-29.488633235713738],[31.144729064911363,-29.488820852845834],[31.14556640998488,-29.488994330887081],[31.145826764615713,-29.489710993668751],[31.147840740087346,-29.48991952515215],[31.148262770311241,-29.490260781607645],[31.148843289571477,-29.490807477419988],[31.150543969341779,-29.490983570726282],[31.151017532817281,-29.492286443312764],[31.152204616019141,-29.492613846326574],[31.152304472181761,-29.49270782796302],[31.152395225168775,-29.492991363400552],[31.153144690131867,-29.493258810465882],[31.153847869657575,-29.494086276125113],[31.153668645103131,-29.49498476091826]],[[31.142678884376817,-29.534665542534938],[31.142106824259045,-29.535483694484697],[31.142945865558321,-29.534300048400784],[31.142678884376817,-29.534665542534938]],[[31.126924535527259,-29.553233196907179],[31.126571310518973,-29.554181382285929],[31.126926198090409,-29.55322995199878],[31.126714904795712,-29.552490608525986],[31.126924535527259,-29.553233196907179]],[[31.113276136991846,-29.56724306617852],[31.112917508752698,-29.569008276674285],[31.113276185019629,-29.567243040660713],[31.113276136991846,-29.56724306617852]]]]}},
{"type":"Feature","properties":{"sde_LDR_Mi":0.0,"CAT_NAME":null,"MAJ_CAT":null,"Id":0,"Phase":"Phase3","OBJECTID":0,"Shape_Area":27904642.020799998,"BlockName":"Durban North"},"geometry":{"type":"Polygon","coordinates":[[[31.068529405221348,-29.734022912330293],[31.068660803955467,-29.736421797945869],[31.068574686709145,-29.740281355352835],[31.068479131813977,-29.74456350953875],[31.068857315448824,-29.745623097777262],[31.069826225854477,-29.746539160529821],[31.070946712882733,-29.747100679971876],[31.071671710546759,-29.747309143308264],[31.072512940523172,-29.74748770273413],[31.074127476920584,-29.74845947030207],[31.074820851873088,-29.748876791605706],[31.07302884726337,-29.751682397997275],[31.071416544400229,-29.753920995990104],[31.068273569919928,-29.758069892063311],[31.066318470035402,-29.761857496310796],[31.065723377978603,-29.762818926249942],[31.066179957452484,-29.763076755092897],[31.064328720777031,-29.765982322059617],[31.062820743710134,-29.765577278370468],[31.0628021590171,-29.765607709570123],[31.062681003585382,-29.765802062910158],[31.062531123260538,-29.766048952138618],[31.062289057879326,-29.766386736847988],[31.062103377660801,-29.766619027857068],[31.061943460647871,-29.766838852913505],[31.061850926622256,-29.76702924938693],[31.061826045941551,-29.767100691975021],[31.061801005916255,-29.767257501395605],[31.061682411009144,-29.767441138818],[31.061563296122756,-29.767609896382893],[31.061368019051564,-29.767870066160359],[31.0612344559216,-29.768087713186844],[31.061093529771156,-29.768281466947119],[31.06097784618461,-29.768505427201976],[31.060809010825707,-29.76873888312581],[31.060694045081007,-29.768934875544769],[31.060575150126631,-29.769146287896756],[31.06043157742576,-29.769408600698963],[31.060286867552421,-29.769669110764063],[31.060094812955462,-29.769991069676781],[31.059905464557605,-29.770305003411224],[31.059708730649163,-29.770590067702663],[31.059506123929697,-29.770871529896397],[31.059349631322444,-29.771154689587043],[31.059211735744196,-29.771421606848104],[31.059151337592429,-29.771593567791903],[31.059130978120209,-29.771621628008578],[31.059085847725807,-29.771720084425031],[31.059011160751101,-29.771857595058208],[31.058912414033895,-29.772040131749218],[31.058780988621773,-29.772227199949121],[31.058665894046865,-29.772399641735138],[31.058571693772123,-29.772586330009574],[31.058487114996019,-29.772789350885347],[31.058388980699732,-29.772954114020035],[31.058236258354771,-29.773154816022114],[31.058117138583548,-29.773343134542799],[31.057938174330964,-29.773576321615156],[31.057821858259874,-29.773799557457082],[31.057398493679933,-29.774691855922821],[31.05837326502914,-29.774861878841026],[31.058065319268707,-29.77523711849598],[31.056697162078052,-29.775313384165361],[31.056598147682539,-29.777960021780324],[31.056175177677378,-29.778302283329264],[31.055943098813831,-29.779577084439605],[31.053741952140772,-29.782716288949633],[31.053583788321436,-29.784018932781713],[31.053493343282824,-29.784302597142162],[31.05301570603504,-29.784993993829897],[31.052188142727559,-29.786788735916133],[31.051596998577104,-29.787000059496982],[31.05141666201358,-29.788474205568818],[31.050890151750099,-29.789094076503012],[31.050585701261507,-29.789743813363746],[31.049727397095811,-29.789902096357096],[31.049529772261778,-29.790522292337993],[31.049221589392609,-29.790730075553117],[31.04929516665781,-29.79084714350267],[31.04991197798002,-29.79114172776519],[31.049088112134417,-29.792607612787243],[31.049014682432766,-29.793087475763574],[31.048599144089167,-29.793631601482449],[31.047885177185474,-29.794096894963019],[31.046933584495608,-29.794162229874225],[31.046196648142121,-29.79574002117765],[31.045823311063291,-29.796846684517185],[31.045529291908409,-29.798572937206057],[31.045235274995182,-29.800335922167033],[31.044604504505795,-29.802356107931431],[31.043932052529442,-29.805551557741406],[31.043090499490582,-29.807131070513446],[31.042924495903989,-29.808802607046065],[31.042916149784173,-29.808820365264577],[31.042914635973332,-29.808826066470559],[31.04241503137391,-29.810707676906766],[31.038744062650196,-29.810175237637424],[31.038220151154601,-29.809296211085279],[31.034838614209388,-29.809511381793655],[31.031159976721277,-29.809068340595996],[31.030164126327158,-29.809051653462099],[31.029974493877571,-29.809048475003067],[31.028631006907222,-29.809025948810284],[31.025318167003618,-29.808870547892479],[31.0251488096714,-29.808354295210648],[31.024172799659649,-29.808170178750608],[31.023823077285513,-29.808316583975042],[31.023726429626702,-29.808357043607227],[31.023553831744145,-29.808358947088905],[31.021176745467162,-29.80830689918314],[31.020944734508078,-29.808310893527366],[31.020711722849299,-29.80833588651188],[31.019717678134249,-29.808478857162353],[31.018237654793769,-29.809023796117302],[31.015924624673101,-29.810421313057272],[31.015807354496598,-29.810731442993344],[31.015604413214543,-29.810554506217819],[31.014703234394478,-29.809928315465822],[31.014419374725691,-29.810328120656703],[31.013802532921446,-29.810395423563222],[31.012722989825168,-29.80999205403289],[31.01202893916906,-29.809117923711572],[31.01102647574287,-29.808243827520052],[31.010255441097588,-29.807974880331802],[31.009407245728415,-29.807504223784608],[31.009043231543917,-29.806988427421317],[31.009407139333874,-29.806226584163444],[31.009638388441104,-29.805486884308923],[31.009792515325795,-29.804545456278944],[31.009561152750361,-29.803873028412873],[31.009021385476949,-29.803133361175806],[31.008712945429714,-29.802662667699217],[31.008590895912754,-29.802237014030151],[31.008481580759256,-29.801855749328695],[31.008789932183856,-29.801116047414414],[31.00925249886247,-29.800645313269435],[31.009270451719921,-29.800535657109087],[31.009081805975274,-29.800636921348008],[31.008819030107485,-29.800647352738931],[31.008841696271524,-29.800302985943524],[31.00877291249417,-29.799916451787784],[31.008789074392933,-29.799740940918607],[31.008714700342615,-29.799685066688991],[31.008721604201472,-29.799610129507638],[31.00878817563466,-29.799451993298614],[31.008773270797153,-29.799290412258028],[31.008829563557192,-29.799156703792171],[31.008893092947822,-29.798972527859171],[31.00896798231938,-29.798817407661016],[31.009000914457665,-29.798721993180529],[31.00907029169197,-29.798613527382127],[31.009123113363845,-29.798573827944939],[31.009182863605005,-29.798490619008515],[31.009391644431165,-29.798258073602302],[31.009541312992599,-29.798031619754902],[31.009650580431011,-29.797897198344845],[31.009801839894234,-29.797686535215835],[31.009851097670072,-29.797612011738174],[31.01000896283956,-29.797183464436969],[31.010026526296102,-29.796783799222464],[31.010414151571485,-29.796199733380249],[31.010553463015238,-29.795997557174818],[31.010649732051466,-29.795718797089183],[31.01235193215209,-29.795548439677201],[31.013005157473867,-29.794271258927306],[31.014248313793743,-29.792960100362546],[31.013763916647818,-29.791550045674438],[31.015572351529205,-29.790451542831978],[31.016259772968947,-29.789107127653196],[31.016469778489242,-29.788102047021624],[31.016872605419241,-29.787471961270075],[31.017201020573932,-29.786520007480025],[31.017843896767168,-29.786036754994885],[31.01842790467607,-29.785445252528387],[31.018963625334173,-29.783387016799416],[31.019190219895499,-29.782848333418144],[31.018963475729528,-29.782493742818929],[31.018770848060552,-29.781392258267598],[31.016996132696104,-29.781308593310985],[31.017342922196313,-29.780930564633962],[31.018334798843693,-29.780404953093921],[31.019400723989424,-29.780138864639984],[31.019191267422606,-29.778672328756343],[31.019074368039998,-29.77840694347735],[31.021348994144606,-29.778504847867278],[31.021692520147553,-29.77849288558415],[31.022084401376194,-29.777768335934642],[31.022508343623823,-29.777593707422525],[31.022470013159563,-29.776754569889022],[31.022607684161116,-29.776411633566219],[31.022399796687797,-29.776230344288255],[31.022595921019036,-29.776038703445671],[31.022925219438534,-29.7757819977172],[31.023518082766337,-29.774968374232198],[31.022888330397425,-29.773957849691477],[31.023082227654704,-29.771110938726725],[31.023558660086238,-29.76995173436319],[31.023527228839409,-29.769492202883015],[31.023067416310717,-29.767995643915054],[31.023546900610729,-29.767621635656234],[31.023804618462499,-29.76736999095036],[31.02353501761829,-29.766715009149095],[31.023332690857085,-29.765397047879539],[31.02277167602842,-29.764496736951369],[31.022604954082095,-29.763717939304808],[31.021680990076057,-29.763073435310165],[31.020525093379081,-29.762855418222937],[31.020064598398243,-29.762353793790716],[31.019810114590687,-29.761079026867485],[31.018955654385973,-29.760917850348321],[31.018655387090408,-29.760817215450746],[31.018734669171923,-29.760704980681485],[31.019338625025668,-29.760380132046983],[31.019565773501046,-29.759798141118804],[31.019694378898343,-29.759729019888045],[31.020155855612046,-29.757724009875311],[31.020206753975948,-29.755658015392491],[31.020422934458818,-29.755106608016035],[31.020626290324998,-29.753997152397108],[31.020002783783404,-29.753474648940902],[31.019900833716466,-29.752838129372346],[31.020077830097353,-29.752297554286454],[31.021262891638798,-29.751669230096798],[31.021863260503849,-29.751286456962578],[31.022860890823782,-29.750757472379828],[31.023340754397864,-29.750580852585383],[31.023433155730515,-29.750480160417691],[31.025387819623859,-29.750600332820909],[31.026128994952938,-29.749876244594539],[31.02790668343922,-29.74966840682632],[31.028310645932994,-29.749476804676672],[31.028835901045909,-29.749391084402593],[31.030078673238144,-29.749102536233771],[31.031528295244563,-29.748762065245643],[31.032041134977526,-29.748654531467789],[31.032625764211812,-29.748511174488645],[31.033948866962234,-29.748188609861543],[31.035244856078826,-29.747760120426452],[31.036311412383146,-29.747175040953923],[31.037391628209335,-29.746578014467605],[31.038471735549514,-29.745730354332462],[31.039251094408684,-29.745252744837394],[31.039657003326766,-29.745161221339394],[31.03971186217235,-29.745552657008815],[31.03997156524678,-29.746016751412689],[31.040349185974453,-29.746231168136088],[31.040877104969841,-29.746403409931123],[31.041015118354064,-29.74693968614444],[31.040966190887801,-29.747130591614596],[31.041634714523358,-29.747829633269692],[31.041828152020155,-29.748898418028336],[31.042428570724628,-29.749675909095014],[31.043419594757761,-29.750168978175836],[31.04414038985184,-29.750922568424897],[31.0440069340683,-29.751200104951359],[31.044214812957783,-29.751381456414357],[31.045388912060464,-29.752008233423638],[31.045960912930369,-29.751469114042045],[31.046996973280322,-29.75140209676654],[31.047013039905934,-29.750714376071763],[31.047204425104855,-29.750518581829944],[31.047212469549926,-29.750172477918213],[31.047039945241341,-29.749752445257077],[31.046941225834953,-29.749222588324535],[31.046970724617871,-29.747957519378424],[31.047153694984598,-29.747327312475011],[31.047634632183275,-29.746324641370091],[31.047672710521891,-29.745871115533895],[31.048028066412652,-29.745395993253258],[31.048415997307583,-29.744412448240297],[31.048809306954251,-29.743254655288084],[31.049079910480607,-29.742886972149979],[31.049347858518306,-29.742686372977584],[31.049177972339923,-29.742431912315446],[31.049215250539561,-29.741893921856231],[31.049491147225751,-29.741444800986105],[31.049694267518529,-29.741114148209341],[31.04853705088771,-29.740572750645324],[31.04829055358627,-29.739868703328206],[31.047975774957354,-29.739355633483296],[31.049381055606151,-29.738240431483323],[31.05021226565669,-29.737753190067579],[31.050841225908215,-29.737561997580997],[31.051738408859602,-29.737747829086892],[31.05205587640333,-29.738143930750898],[31.052504550010731,-29.738387217398905],[31.052909351598576,-29.738415699003252],[31.053073516857879,-29.738534978608179],[31.053161250078148,-29.738935943593898],[31.053385747725326,-29.739355948904446],[31.053818028661457,-29.739618333161836],[31.054223951406673,-29.739680323711795],[31.054315988244294,-29.739942748760377],[31.054436517813677,-29.740286413747253],[31.054994698818554,-29.740691956264595],[31.055645637981346,-29.740663041378713],[31.056289317461466,-29.740660283942432],[31.056881903447554,-29.740657742615962],[31.057443929639923,-29.740590188842425],[31.058953405918409,-29.740073953790358],[31.059390952715169,-29.739959186967958],[31.059798441837533,-29.739729437570634],[31.059883047846704,-29.739423875491369],[31.060065867336291,-29.738863292950125],[31.060140571737829,-29.738009939759944],[31.060283697631242,-29.73723413083216],[31.060638861698244,-29.736589503501136],[31.060898195384507,-29.735777836485056],[31.061192118511343,-29.735634486837672],[31.062049744499362,-29.735414694404732],[31.062354380670357,-29.73547282832822],[31.062595889706589,-29.735518914524022],[31.062996955800571,-29.735245767655762],[31.063663316625206,-29.734791936908348],[31.064988938154276,-29.733508330549462],[31.067548044997476,-29.731334962949102],[31.067707277652175,-29.731567207913066],[31.068529405221348,-29.734022912330293]]]}},
{"type":"Feature","properties":{"sde_LDR_Mi":0.0,"CAT_NAME":null,"MAJ_CAT":null,"Id":0,"Phase":"Phase3","OBJECTID":0,"Shape_Area":43666746.601599999,"BlockName":"Inanda"},"geometry":{"type":"Polygon","coordinates":[[[30.971409797835069,-29.645207773352716],[30.971858788086777,-29.646447562210032],[30.973418128714094,-29.646879123768443],[30.975119421612693,-29.648256795330216],[30.97524536039397,-29.649292202163643],[30.975154918190817,-29.649575906647346],[30.974915172023184,-29.650108210665454],[30.975154641500247,-29.650640609241361],[30.975443492094691,-29.651547400959441],[30.976815312607702,-29.65138960018945],[30.977070338892425,-29.650845568670366],[30.979099041147645,-29.651003968036864],[30.979993178731682,-29.651311107499975],[30.981208733049986,-29.651606922464591],[30.982430675120519,-29.652990160445462],[30.983133632815782,-29.65346423927874],[30.98469865644093,-29.652292475768068],[30.98489095872473,-29.651734979167149],[30.985321619063885,-29.651204484934819],[30.985929148566402,-29.6502843770674],[30.986359901025097,-29.649753879373215],[30.98655249386044,-29.64919529792741],[30.987045951910115,-29.64922999312947],[30.987590227921512,-29.648471082479841],[30.987701778893349,-29.648387195124329],[30.987999823670989,-29.648489527170966],[30.990517811995751,-29.648647806667181],[30.991696487817443,-29.648948036540148],[30.993216618110239,-29.647945952896389],[30.993692519489937,-29.647407418051792],[30.994481583007474,-29.646991663506999],[30.994947252492302,-29.647051767219629],[30.996565435382085,-29.646143919049784],[30.997874364018035,-29.645849046240436],[30.998379154181645,-29.646548753444812],[30.998153429463461,-29.648483289697694],[30.998704728088953,-29.648569092779539],[30.998912313509294,-29.648750425247421],[30.998796824730274,-29.649556301429239],[30.997643662965018,-29.650815841853518],[30.997366630002588,-29.651389954006291],[30.9969283678954,-29.651913902253749],[30.996836112925781,-29.652558563941149],[30.998699238026155,-29.653980472470959],[30.99982586952575,-29.654432098612652],[30.999910558662812,-29.655672717885189],[30.999276787397058,-29.656691313043737],[30.999633021415079,-29.657369273174901],[31.000267621408547,-29.65808449248836],[31.000463561312486,-29.659001334875398],[31.000682845643446,-29.659353890630619],[31.001294021646174,-29.660633391090141],[31.003430391006223,-29.660827870670222],[31.003589733022132,-29.663161984488731],[31.003687761518563,-29.663257789495695],[31.003895387598625,-29.663439114663674],[31.005336961764723,-29.663596497615764],[31.006025460067292,-29.664419673507108],[31.006306367301363,-29.665277234284154],[31.006710082867283,-29.66587704846857],[31.006894697114319,-29.666259726942442],[31.007891315585322,-29.666447954684749],[31.008576314034507,-29.666927042236491],[31.00864003810063,-29.667871050311398],[31.007643313807105,-29.668000664270998],[31.005921480983723,-29.668774118094845],[31.003895613508838,-29.670148668249041],[31.00328132249744,-29.67107998478242],[31.002493408400099,-29.672274498950713],[31.002018626314644,-29.673729502087081],[31.002117037527089,-29.674331006708947],[31.00301907552943,-29.675849075954734],[31.003412710155203,-29.676794290036487],[31.003973975077042,-29.677773803664454],[31.001623266188119,-29.678938673995315],[30.999619924039045,-29.680056937563155],[30.995161252742268,-29.682518985761124],[30.99124665795048,-29.684552445729729],[30.988305203922334,-29.685535631940965],[30.986993054393864,-29.685650082027134],[30.98463104354396,-29.686738266793171],[30.983676890320364,-29.687497970687236],[30.983198426912942,-29.687855173468822],[30.982367280822448,-29.688475665712559],[30.982039166283837,-29.688876624845946],[30.981483293834781,-29.68982153020848],[30.980950431848576,-29.690631034622385],[30.98083432150505,-29.690988708541909],[30.980952079464146,-29.692719124610448],[30.981050113414735,-29.692814948899883],[30.981163070134457,-29.692988504173552],[30.981211027796146,-29.693197013721154],[30.981025063359823,-29.693540704006072],[30.981044133416763,-29.693896358118845],[30.981160140380265,-29.694277196384942],[30.981052150866827,-29.694877384121625],[30.981078017429542,-29.696013931407158],[30.981286309014433,-29.696339406734836],[30.98135365109556,-29.696783179967724],[30.981244745141652,-29.698180785262846],[30.981153250590577,-29.69856592464571],[30.981030162848466,-29.699084048397346],[30.980908648973344,-29.699595541761408],[30.980623987431091,-29.699605441379472],[30.980809361689829,-29.700859279719879],[30.980403688479846,-29.70284016071076],[30.982006365193758,-29.70380571190254],[30.982138806544363,-29.70472648353816],[30.982559224291901,-29.708262945077774],[30.981877939293895,-29.708654474830944],[30.980536901497686,-29.708721661682461],[30.980066478803668,-29.709542639696],[30.97829094914929,-29.709626142149293],[30.978050531971352,-29.711846312522646],[30.978712160820436,-29.713157358291276],[30.981396465921247,-29.71847603747981],[30.983574829443302,-29.720092389037756],[30.983412124603021,-29.720529860462875],[30.982301900004245,-29.722052189944907],[30.981440083193835,-29.723257368006269],[30.980519324250416,-29.723194316895714],[30.979931144890887,-29.72261965743369],[30.979215138694983,-29.722061014566638],[30.977097393170773,-29.722191366063004],[30.976980527417343,-29.721631483102041],[30.97653646325946,-29.720575548720678],[30.974476604153253,-29.71962005222948],[30.974059686993591,-29.719232097890792],[30.97390260454333,-29.718641306086123],[30.974162714787102,-29.717646953989121],[30.974723259700056,-29.717436074124663],[30.974078543669439,-29.717029338499874],[30.973393402880557,-29.716809618739745],[30.97233929596878,-29.716883252932917],[30.972023110140672,-29.716904442890019],[30.971469435308169,-29.716713371658521],[30.970567147671986,-29.716426744526999],[30.970006695327381,-29.716056647123079],[30.969495963774449,-29.715749506599391],[30.968766663127639,-29.7156866372063],[30.96856782328744,-29.715209197601848],[30.968225580047179,-29.714873117961631],[30.967292709566767,-29.714610274665869],[30.964889774842725,-29.714375797314251],[30.964728566138543,-29.714179024209805],[30.964678582632111,-29.713871545241616],[30.964580605910303,-29.713521322018014],[30.964345457077659,-29.712480559023533],[30.963814028693349,-29.711443682146573],[30.963476176386916,-29.711232217680077],[30.963389511134473,-29.711126553580193],[30.962343128358807,-29.710992282100239],[30.961358793948229,-29.710953807888984],[30.960489439236632,-29.710562097197236],[30.960073845865875,-29.710514234236804],[30.958537429952845,-29.70989316399211],[30.957189973047932,-29.70862050895391],[30.956930228034423,-29.708602522862371],[30.956101474725759,-29.708196474949503],[30.955424270213335,-29.707394068772253],[30.954784108062952,-29.706669435421357],[30.954666855820953,-29.706590367775153],[30.954459147229226,-29.706590295106889],[30.954251355200192,-29.706771550628225],[30.953973022684981,-29.707759016209547],[30.954477213102031,-29.708435431966613],[30.954631740511619,-29.709038380753345],[30.954536394648397,-29.709409123586656],[30.955165564319671,-29.7102532865858],[30.954995599044494,-29.710868571825916],[30.954749598320987,-29.711197944822207],[30.954664622551796,-29.711486507097455],[30.955530466387174,-29.712092136855166],[30.955676238847804,-29.713118902690397],[30.955541676250729,-29.714060321171196],[30.955793867724882,-29.715577094196302],[30.956208762553164,-29.716847255873649],[30.956023918811702,-29.717209218746838],[30.954700669447206,-29.717376830471817],[30.954284923319051,-29.717993471891937],[30.954453826936902,-29.718377297992483],[30.954342170495842,-29.718461247163631],[30.953641641913453,-29.718510074647163],[30.953290808396734,-29.718865298294599],[30.951106678662317,-29.718711312161048],[30.949787150100128,-29.718459540427961],[30.948007366968447,-29.718255590693499],[30.947301566813511,-29.718304743396249],[30.94662743480287,-29.717887143146282],[30.945936416126436,-29.717935302385897],[30.945226951417069,-29.71788520831084],[30.943139171263422,-29.71865166584918],[30.942292638590274,-29.718819180298794],[30.941780893032199,-29.719097710992553],[30.941305333572299,-29.71971873787837],[30.941284556665384,-29.720054832206934],[30.940315526265604,-29.721846666837383],[30.940274367407504,-29.722082952489995],[30.94049572237013,-29.722333677832044],[30.940758261694242,-29.722305152633613],[30.940963269329988,-29.72245561960662],[30.941151518945855,-29.72320758036464],[30.940916857408681,-29.724067919349817],[30.941015171035232,-29.724297106592381],[30.941058758253568,-29.724583555249076],[30.941119667845683,-29.724782748011918],[30.940792236541444,-29.725030203754883],[30.94023799746795,-29.725369812755876],[30.939462841316058,-29.725595300217297],[30.938660505317191,-29.725805891251852],[30.9364988644463,-29.723994702298203],[30.936239253363684,-29.723708148266265],[30.936082188923528,-29.723427610538618],[30.935870946412887,-29.723168172816155],[30.93492797004334,-29.722810644145774],[30.932555690026348,-29.721653579720254],[30.931694815266464,-29.720883359497524],[30.930738129730948,-29.720280167332199],[30.929201835232902,-29.720097282920584],[30.928495980172414,-29.720019398804233],[30.927740591770593,-29.719977217749598],[30.926786804517711,-29.720134826675682],[30.925521533277806,-29.720452659965428],[30.923939018121651,-29.720657528043741],[30.923082684519361,-29.720538760904891],[30.922843624763264,-29.720080672220291],[30.922261624195944,-29.719485990805403],[30.921400682065588,-29.718926945172864],[30.920297053123942,-29.718665104399371],[30.919900456220873,-29.717637113601306],[30.919851821489502,-29.716899528237583],[30.919967316390728,-29.716083273955554],[30.920123508201133,-29.715668045420241],[30.919902309486275,-29.715302714105079],[30.919169896635029,-29.714630004115044],[30.918378644479972,-29.713766267730382],[30.917314892798125,-29.713021617369737],[30.916441530884786,-29.712011852668095],[30.91658579939682,-29.71101039807532],[30.91731187327742,-29.710143997648792],[30.917605217389202,-29.708678939279118],[30.918222033817212,-29.707942823073854],[30.918459802817814,-29.707451218277118],[30.918938222058507,-29.707117273523387],[30.919310800801753,-29.706548527436173],[30.920525284078671,-29.705895489400728],[30.921320049207864,-29.704298479349259],[30.921433768475943,-29.703310621696911],[30.921776140261898,-29.702768170183219],[30.922091068059014,-29.702478096658094],[30.922419313333439,-29.702274207852181],[30.922776308726611,-29.702013048958658],[30.923075731703079,-29.701955937160893],[30.923432477163185,-29.702020590654197],[30.923745253539572,-29.702005504764077],[30.923937222053173,-29.70122986673881],[30.92430000988892,-29.700525933633486],[30.925267557039152,-29.699766660925434],[30.926078100051942,-29.699190263331189],[30.926474649050476,-29.699023399699801],[30.926394230860009,-29.698702195054455],[30.926476680097213,-29.698111478292731],[30.926723128741465,-29.697591442698208],[30.926846656428868,-29.696879435816413],[30.926966625776103,-29.696381232453078],[30.927281396634196,-29.695865234119168],[30.927766833134683,-29.695626807670266],[30.928385370420724,-29.695633110804476],[30.928086322085708,-29.695335506505579],[30.928183265406336,-29.694150064680034],[30.928535135913467,-29.691328288574304],[30.926637969877447,-29.690137235700366],[30.925566574046549,-29.690211781053087],[30.92504282177741,-29.689956269200689],[30.922174048843427,-29.690294166282428],[30.921430431578653,-29.689256087694211],[30.920198611805148,-29.689165403354902],[30.919714201317436,-29.688319356232714],[30.91507710889282,-29.688194658379878],[30.915007470519836,-29.688074178273808],[30.916419322253653,-29.68709842917513],[30.917494940598807,-29.686885842595697],[30.918012640473709,-29.686165268837033],[30.919345158371868,-29.68599820454375],[30.920260192982855,-29.686444778466605],[30.921127868221379,-29.686167172780397],[30.922746729471619,-29.685910317425989],[30.924451571437967,-29.685081071802639],[30.925090087490137,-29.684913549474178],[30.925186347637872,-29.68481617354335],[30.924978682911959,-29.684816055246753],[30.924980217683167,-29.682640012382286],[30.924772557537921,-29.682639893813572],[30.924240450711864,-29.682016572791646],[30.924061092655148,-29.679998388717046],[30.923619147544564,-29.679840168831415],[30.923528726415565,-29.679737723766465],[30.930489631702208,-29.679654346003669],[30.930962202098492,-29.679016150961925],[30.930507855417023,-29.678265242229539],[30.931784690787879,-29.677448480527111],[30.932335880713161,-29.676929582739142],[30.934644807933058,-29.676755008923898],[30.935052609708737,-29.676204271758667],[30.935844686115292,-29.675200301883315],[30.935313463043574,-29.674322326648657],[30.935892681338469,-29.673854214326305],[30.937705382696894,-29.672147577362207],[30.937962588291363,-29.671672171229137],[30.93828676591723,-29.671137882458311],[30.94004743596361,-29.670954730041977],[30.940418169163323,-29.670269606403107],[30.940878807751847,-29.669685576608909],[30.940978875466577,-29.669410193404339],[30.94067578389939,-29.668224567809855],[30.940245130426288,-29.668056576550939],[30.939015220389358,-29.667135870818367],[30.937962065126392,-29.66642351511404],[30.937866061900955,-29.666326041094827],[30.938547322916516,-29.665795007895454],[30.938795217437846,-29.665324034531995],[30.939222242849521,-29.665153009743502],[30.939625935038794,-29.664961675673052],[30.940468306794386,-29.664790930260104],[30.941214345384136,-29.66433621714928],[30.942545036416679,-29.664066448558685],[30.942948716941427,-29.663875105947881],[30.943583452003057,-29.663704161440982],[30.944088900300514,-29.66346459575232],[30.946971889887863,-29.662497942243764],[30.948971686341256,-29.660976042467023],[30.950436844099208,-29.660805391047017],[30.951426280595417,-29.66013629564177],[30.951988559418972,-29.65998485838594],[30.952627415054984,-29.660609823537101],[30.953471790615577,-29.660654066505209],[30.955835508398483,-29.659900628222264],[30.956206787640678,-29.659538097616508],[30.958781062708393,-29.659712735001225],[30.959561053684503,-29.660083218489365],[30.959987879728793,-29.660254486929539],[30.961211912344236,-29.66091594606268],[30.963615344998825,-29.660714031897999],[30.964030608440812,-29.660895477999077],[30.965134487924832,-29.660810009092344],[30.965607018575383,-29.660277787617918],[30.965776756667232,-29.659881976866842],[30.966022491353172,-29.659552492792773],[30.966233237742784,-29.658836434923593],[30.966721390662119,-29.658181974313479],[30.96653499528535,-29.657454535729109],[30.966815947792156,-29.656799479267921],[30.966938779641811,-29.656725445773983],[30.966819586127254,-29.656111964241134],[30.965783699518067,-29.655920710964729],[30.965160385371778,-29.655592166972525],[30.963707772497653,-29.655376088967554],[30.963526996967033,-29.655171433300222],[30.963196880024043,-29.654948691661332],[30.962630028857191,-29.655021689930198],[30.962176085356276,-29.654507790618368],[30.961114706054104,-29.6538625212083],[30.960828548336131,-29.653538552770762],[30.960179141296983,-29.653198967411431],[30.959052782192323,-29.652364585053558],[30.958753200733288,-29.651724481681562],[30.958191118603317,-29.651061859935044],[30.957073047102181,-29.651205740033863],[30.956035754977894,-29.650849223730038],[30.955847055059827,-29.650635532787778],[30.955729971346575,-29.65055646513925],[30.955618617151689,-29.648768481997294],[30.955882162137009,-29.648318155783507],[30.95725237169345,-29.647340277914658],[30.959835079516822,-29.645881633454746],[30.962075895185574,-29.645686559153734],[30.965905652682554,-29.645032008721156],[30.968088291877567,-29.645206966837435],[30.96847173401596,-29.645568641029456],[30.969386530249906,-29.645600534096864],[30.970371833512271,-29.645395806724832],[30.97115651864349,-29.645033241106226],[30.971409797835069,-29.645207773352716]],[[30.929150089700695,-29.704520737039321],[30.928466245258232,-29.704961949136091],[30.928883390490263,-29.704693645602429],[30.929150089700695,-29.704520737039321]],[[30.938382415169066,-29.716962159077553],[30.938866198293287,-29.71732042026504],[30.937870037587647,-29.716572379828694],[30.938382415169066,-29.716962159077553]]]}},
{"type":"Feature","properties":{"sde_LDR_Mi":0.0,"CAT_NAME":null,"MAJ_CAT":null,"Id":0,"Phase":"Phase3","OBJECTID":0,"Shape_Area":18671953.5546,"BlockName":"Ntuzuma"},"geometry":{"type":"Polygon","coordinates":[[[30.971469435308169,-29.716713371658521],[30.972023110140672,-29.716904442890019],[30.97233929596878,-29.716883252932917],[30.973393402880557,-29.716809618739745],[30.974078543669439,-29.717029338499874],[30.974723259700056,-29.717436074124663],[30.974162714787102,-29.717646953989121],[30.97390260454333,-29.718641306086123],[30.974059686993591,-29.719232097890792],[30.974476604153253,-29.71962005222948],[30.975419911839555,-29.720061809533608],[30.97653646325946,-29.720575548720678],[30.976980527417343,-29.721631483102041],[30.977097393170773,-29.722191366063004],[30.976781638869006,-29.723106067862673],[30.975353980778255,-29.724840682670635],[30.974810118018464,-29.72524942056593],[30.974451903469099,-29.726390749644374],[30.974562600603107,-29.72759583610058],[30.974254249688162,-29.728328133502096],[30.973632488214932,-29.728767424768947],[30.973260430868507,-29.729244731986245],[30.97273510183939,-29.730161197878328],[30.971782991128041,-29.730612562583456],[30.969939236292745,-29.729161426646151],[30.969500723718237,-29.729000021824081],[30.969170387872378,-29.728315225653031],[30.96788010034436,-29.727873846501797],[30.965976858345272,-29.727424632022608],[30.964653363937682,-29.727071022615725],[30.963876848597259,-29.72665071686583],[30.962017449756544,-29.726077338031839],[30.961470656952034,-29.725685726748438],[30.960981162216246,-29.725486337621817],[30.960880412256579,-29.725711052195638],[30.960417546101851,-29.725992612624669],[30.959767974064786,-29.726189336899875],[30.959419893589629,-29.726568567729512],[30.959213726159717,-29.727346818589666],[30.959817919853439,-29.728138978727628],[30.960211564406663,-29.728549646028334],[30.961370631486986,-29.729800729657487],[30.96192819443473,-29.730698368840358],[30.962212377766861,-29.731338141713437],[30.962277760669732,-29.73201604227339],[30.962146289630923,-29.732541124484726],[30.962280353337547,-29.733787541723721],[30.961108733414033,-29.733967738144784],[30.960630053837967,-29.734140647410904],[30.959597376094369,-29.734743030271357],[30.959091241461486,-29.735160583520234],[30.958776511449347,-29.735673670822088],[30.958677404816687,-29.736131365477075],[30.957683566718256,-29.737634461879498],[30.957465583388654,-29.738060374618595],[30.957034559630376,-29.738228117203018],[30.956403724333502,-29.738618165206351],[30.955054570553795,-29.738523067812995],[30.953667614469182,-29.739470260899882],[30.952878065557449,-29.739677373595971],[30.952388484511626,-29.739915535632459],[30.951853926866921,-29.740959894984833],[30.950607014236141,-29.74222940209135],[30.949965071912665,-29.743621870261716],[30.949220879695208,-29.744060777054468],[30.948300336214341,-29.744568524596119],[30.947241261472005,-29.745111177453058],[30.94507080400836,-29.745385967432163],[30.944767035853552,-29.745836449808291],[30.944150280784164,-29.746808664687521],[30.943311585272369,-29.747286544565526],[30.942918937095534,-29.747487817064702],[30.941615098622229,-29.747685255306248],[30.941064420526821,-29.747614099255451],[30.940867386824699,-29.7477715468853],[30.940563363098097,-29.748458838401081],[30.94035804893845,-29.748738013512476],[30.940331545745941,-29.748996802958469],[30.940335532140168,-29.749193724126041],[30.940220507745082,-29.74942997544796],[30.940095160106225,-29.749775780754035],[30.940217902636562,-29.750363013935765],[30.940439205141065,-29.750807077305453],[30.940849234958925,-29.751279867587236],[30.941209868325064,-29.752031901984324],[30.941324534729812,-29.752411470038023],[30.94168731637545,-29.752942202233641],[30.941709711830701,-29.753306727832332],[30.942029442176587,-29.753858242173344],[30.941979581055424,-29.754939485826046],[30.941967562348257,-29.755546946921353],[30.942570373074922,-29.756157951392048],[30.943495928093927,-29.756803056557047],[30.94455635877204,-29.757821521981544],[30.945448021249184,-29.758808870526472],[30.945797759219488,-29.759587142998782],[30.946071014535828,-29.760160110114914],[30.946354009935245,-29.760569077883996],[30.946742270094319,-29.761130161470835],[30.946777467631254,-29.761643352686086],[30.946503614703186,-29.762180294042636],[30.946320180703133,-29.762539948143981],[30.945887686634332,-29.762919981514781],[30.945080358982139,-29.763456700516922],[30.944259502574145,-29.763706981295663],[30.943698867508115,-29.763877916411399],[30.943555006368229,-29.763921778549769],[30.943529372870476,-29.76392959398267],[30.943495933262373,-29.763939789422079],[30.943161449636957,-29.764041769927957],[30.942421650442391,-29.764267323102203],[30.941646594668999,-29.764195168200413],[30.941454483367654,-29.764091903928033],[30.941291059080335,-29.76400405920257],[30.94115346859763,-29.763823512472701],[30.94110410390638,-29.764031150465836],[30.941136710951753,-29.764410681445106],[30.940955624053377,-29.765615850256108],[30.940912143653463,-29.765898991692943],[30.940908855357598,-29.765917861446237],[30.940864774280257,-29.766442958712741],[30.940857941068952,-29.766470315152727],[30.94075508359937,-29.766882098331877],[30.940772408552345,-29.767129502784375],[30.940832942618488,-29.767536031045505],[30.940870511375078,-29.767788329649346],[30.940223424316681,-29.767647455676297],[30.939649112684879,-29.76728916066881],[30.93942261860904,-29.767221442788131],[30.93902545631359,-29.767102696852042],[30.938434570790513,-29.767016494936705],[30.938073371819137,-29.767130897285721],[30.937972498813824,-29.767167430292343],[30.93763267959752,-29.767290501283071],[30.937590985252722,-29.767305601479084],[30.937369462707629,-29.767343126895554],[30.937053634359092,-29.7674340689118],[30.937002666749468,-29.767450587150915],[30.936991934939062,-29.767451835004554],[30.936644952306334,-29.767551746564109],[30.936166819626372,-29.767478934162664],[30.936124918259953,-29.767472553128627],[30.935260274741282,-29.767302907446638],[30.93515326292728,-29.767281324071977],[30.934608583220278,-29.767226778933441],[30.934020401128301,-29.767163680480301],[30.933931126604982,-29.767155956355264],[30.933610359694804,-29.767226157074223],[30.933008725141395,-29.767341214431738],[30.93279830566755,-29.767381454610948],[30.932561508241502,-29.767340987180496],[30.932515971654766,-29.767340963956467],[30.932379348448862,-29.767090270237336],[30.932762826007025,-29.766398266196994],[30.933748210503435,-29.76564689141717],[30.934473806958756,-29.76470442911236],[30.934663882921097,-29.764376183376708],[30.934842873423491,-29.764076488015785],[30.935122128246626,-29.763752007415771],[30.9349412106966,-29.763672673613605],[30.934530990713625,-29.763457650579252],[30.934170167257403,-29.763268517669715],[30.934065281950048,-29.763159451424386],[30.933813387178478,-29.762884537375193],[30.933938292807948,-29.76156022259908],[30.933824617853219,-29.759698386016321],[30.933021516132374,-29.757936451303699],[30.931873620744952,-29.756389155063857],[30.929871918554628,-29.755371290333816],[30.928099484989016,-29.755126875310477],[30.926884757368928,-29.755355351905742],[30.924204514669928,-29.755623459307458],[30.923886972423666,-29.755537753483448],[30.923807863343324,-29.755425483503586],[30.921888165500825,-29.755286053892366],[30.921606168797297,-29.754562575065322],[30.921394006280497,-29.754448239371008],[30.921194836121305,-29.753725160715504],[30.921515886336657,-29.753284577977468],[30.921731559531789,-29.752349479515455],[30.922556140434342,-29.751834498969178],[30.922772215439316,-29.750897053463937],[30.923977952100447,-29.749992038406223],[30.924635783994006,-29.749840953032699],[30.925640982218351,-29.749267598995139],[30.92534713516422,-29.748977205700658],[30.924057604927484,-29.747808730639722],[30.922157593992448,-29.746087011448502],[30.921271998687903,-29.745284488410249],[30.919877657230813,-29.744495973742172],[30.919730987671009,-29.743735555178752],[30.919228785631425,-29.743388826622855],[30.918922752786077,-29.743006735003437],[30.918944856814811,-29.742729867778827],[30.919087414797925,-29.742319407651806],[30.919436287648445,-29.741951163239602],[30.92048867038983,-29.741231828909573],[30.92132557000777,-29.740811916811008],[30.922065140915041,-29.73988655274697],[30.922087272507564,-29.739561946783098],[30.921814142638446,-29.739074857193415],[30.921650402528126,-29.738606927046902],[30.921412443591482,-29.737970149084273],[30.921213630352565,-29.737537334353757],[30.921060671063302,-29.737279457455298],[30.920640181087169,-29.73708430847185],[30.919956043988606,-29.736877793944714],[30.919397927879871,-29.737097050529336],[30.919018022951953,-29.737315697230056],[30.918544327496765,-29.73744024229654],[30.917931932244798,-29.737134340137434],[30.91741807114564,-29.736742568060233],[30.917112128090181,-29.736284090986505],[30.916806321754581,-29.735663303679281],[30.916574983581594,-29.73464963042202],[30.916468601540579,-29.733954066299756],[30.91642637346246,-29.733550763710024],[30.916313910781639,-29.733505641522708],[30.916053282763162,-29.733485969908322],[30.915528147984073,-29.733523826329336],[30.914948330677635,-29.733542550290327],[30.914554624750661,-29.733399082346189],[30.914423551765267,-29.733160307024747],[30.914511295279169,-29.732893030188041],[30.915036917913614,-29.73227277286205],[30.915288887594627,-29.73184329110428],[30.915801907297951,-29.731596143371036],[30.915894552991723,-29.731314197823398],[30.916125805437012,-29.730790390244621],[30.916618141305108,-29.729291367850433],[30.9160504214172,-29.728141154633605],[30.915804983652666,-29.727969322826031],[30.91456218135653,-29.727731893356776],[30.911939736745435,-29.727914094292352],[30.911969424883353,-29.728238880115249],[30.911937019091653,-29.728588084910381],[30.91029068153437,-29.728774964468045],[30.909267129633932,-29.728969122929918],[30.906793207900062,-29.72916577353595],[30.906358359042066,-29.728953645696908],[30.906039052708415,-29.728869430315157],[30.905943085418357,-29.72859060452215],[30.905521789827333,-29.727930306774127],[30.905295011505046,-29.726623863472195],[30.903755826493914,-29.726510418565454],[30.903859730180901,-29.718939757410364],[30.904348683974625,-29.71817628162648],[30.907642897871071,-29.717885356666336],[30.908822425760356,-29.718460833728845],[30.910607534743853,-29.719797291714528],[30.911676879535698,-29.719136571838906],[30.912433813229232,-29.717992536277041],[30.912170610919986,-29.717365381078213],[30.912074636100407,-29.717086559050777],[30.912074953095214,-29.716723903264675],[30.912727200332515,-29.71623412017178],[30.913003434594525,-29.715176375831465],[30.913228212802746,-29.714461587945426],[30.913202105096843,-29.714176046387298],[30.913324566746759,-29.713097900218919],[30.914297717043258,-29.713037371938334],[30.915540380318244,-29.712494369451569],[30.916095794535842,-29.712072526871594],[30.916441530884786,-29.712011852668095],[30.917314892798125,-29.713021617369737],[30.918378644479972,-29.713766267730382],[30.919169896635029,-29.714630004115044],[30.919902309486275,-29.715302714105079],[30.920123508201133,-29.715668045420241],[30.919967316390728,-29.716083273955554],[30.919851821489502,-29.716899528237583],[30.919900456220873,-29.717637113601306],[30.920297053123942,-29.718665104399371],[30.921400682065588,-29.718926945172864],[30.922261624195944,-29.719485990805403],[30.922843624763264,-29.720080672220291],[30.923082684519361,-29.720538760904891],[30.923939018121651,-29.720657528043741],[30.925521533277806,-29.720452659965428],[30.926786804517711,-29.720134826675682],[30.927740591770593,-29.719977217749598],[30.928495980172414,-29.720019398804233],[30.929201835232902,-29.720097282920584],[30.930738129730948,-29.720280167332199],[30.931694815266464,-29.720883359497524],[30.932555690026348,-29.721653579720254],[30.93492797004334,-29.722810644145774],[30.935870946412887,-29.723168172816155],[30.936082188923528,-29.723427610538618],[30.936239253363684,-29.723708148266265],[30.9364988644463,-29.723994702298203],[30.938660505317191,-29.725805891251852],[30.939462841316058,-29.725595300217297],[30.94023799746795,-29.725369812755876],[30.940792236541444,-29.725030203754883],[30.941119667845683,-29.724782748011918],[30.941058758253568,-29.724583555249076],[30.941015171035232,-29.724297106592381],[30.940916857408681,-29.724067919349817],[30.941151518945855,-29.72320758036464],[30.940963269329988,-29.72245561960662],[30.940758261694242,-29.722305152633613],[30.94049572237013,-29.722333677832044],[30.940274367407504,-29.722082952489995],[30.940315526265604,-29.721846666837383],[30.941284556665384,-29.720054832206934],[30.941305333572299,-29.71971873787837],[30.941780893032199,-29.719097710992553],[30.942292638590274,-29.718819180298794],[30.943139171263422,-29.71865166584918],[30.945226951417069,-29.71788520831084],[30.945936416126436,-29.717935302385897],[30.94662743480287,-29.717887143146282],[30.947301566813511,-29.718304743396249],[30.948007366968447,-29.718255590693499],[30.949787150100128,-29.718459540427961],[30.951106678662317,-29.718711312161048],[30.953290808396734,-29.718865298294599],[30.953641641913453,-29.718510074647163],[30.954342170495842,-29.718461247163631],[30.954453826936902,-29.718377297992483],[30.954284923319051,-29.717993471891937],[30.954700669447206,-29.717376830471817],[30.956023918811702,-29.717209218746838],[30.956208762553164,-29.716847255873649],[30.955793867724882,-29.715577094196302],[30.955541676250729,-29.714060321171196],[30.955676238847804,-29.713118902690397],[30.955530466387174,-29.712092136855166],[30.954664622551796,-29.711486507097455],[30.954749598320987,-29.711197944822207],[30.954995599044494,-29.710868571825916],[30.955165564319671,-29.7102532865858],[30.95453639464839,-29.709409123586635],[30.954631740511619,-29.709038380753345],[30.954477213102024,-29.708435431966574],[30.953973022685005,-29.707759016209568],[30.954251355200192,-29.706771550628225],[30.954459147229251,-29.706590295106889],[30.954666855820953,-29.706590367775153],[30.954784108062952,-29.706669435421357],[30.955424270213335,-29.707394068772253],[30.956101474725759,-29.708196474949503],[30.956930228034423,-29.708602522862371],[30.957189973047932,-29.70862050895391],[30.958537429952845,-29.70989316399211],[30.960073845865875,-29.710514234236804],[30.960489439236632,-29.710562097197236],[30.961358793948229,-29.710953807888984],[30.962343128358807,-29.710992282100239],[30.963389511134473,-29.711126553580193],[30.963476176386916,-29.711232217680077],[30.963814028693349,-29.711443682146573],[30.964345457077659,-29.712480559023533],[30.964580605910303,-29.713521322018014],[30.964678582632111,-29.713871545241616],[30.964728566138543,-29.714179024209805],[30.964889774842725,-29.714375797314251],[30.967292709566767,-29.714610274665869],[30.968225580047179,-29.714873117961631],[30.96856782328744,-29.715209197601848],[30.968766663127639,-29.7156866372063],[30.969495963774449,-29.715749506599391],[30.970006695327381,-29.716056647123079],[30.970567147671986,-29.716426744526999],[30.971469435308169,-29.716713371658521]],[[30.943506488838675,-29.725026714110577],[30.942443795162792,-29.726013780496288],[30.943508774345151,-29.725028588656734],[30.944275871282699,-29.724995497014991],[30.943506488838675,-29.725026714110577]],[[30.927898500074896,-29.72664804595313],[30.928193711090913,-29.726843932962485],[30.927264350145158,-29.726222829196896],[30.927898500074896,-29.72664804595313]],[[30.921845061897027,-29.732707804375586],[30.92245353354069,-29.732761867644736],[30.921154553601482,-29.732641754935589],[30.921845061897027,-29.732707804375586]]]}},
{"type":"Feature","properties":{"sde_LDR_Mi":0.0,"CAT_NAME":null,"MAJ_CAT":null,"Id":0,"Phase":"Phase3","OBJECTID":0,"Shape_Area":21104668.77,"BlockName":"KwaMashu"},"geometry":{"type":"Polygon","coordinates":[[[30.985707134044862,-29.724583646821475],[30.986913413919531,-29.724751490057947],[30.987479294890871,-29.724006129185419],[30.992755006690331,-29.725018332889949],[30.991339766532146,-29.725920548589663],[30.990185460675651,-29.72600111025217],[30.990087430941813,-29.726459474590069],[30.989660195066872,-29.726993319442382],[30.989464063764974,-29.727547481053179],[30.98924457321078,-29.728081342339625],[30.989048252842846,-29.729360905849958],[30.988807606606581,-29.729548526961434],[30.987374213560678,-29.730982593214836],[30.985110692585092,-29.732296169474122],[30.985175194929216,-29.732871497943378],[30.98565547383847,-29.732892294686742],[30.986065036636255,-29.732913924920556],[30.986601057553507,-29.7330571947384],[30.986907377689892,-29.732971296707198],[30.987224616326515,-29.733047708757979],[30.987716924157059,-29.732837707460266],[30.988417095832752,-29.732503603457747],[30.98933603994497,-29.732293632764883],[30.989511146812717,-29.731577574268865],[30.990178517184244,-29.730918838710156],[30.990550512285331,-29.730317364777715],[30.991075630394757,-29.729964138697571],[30.991589824703713,-29.729381766540321],[30.992727531923745,-29.72897128553269],[30.993788665461015,-29.728408028938816],[30.994280907192497,-29.728723123176621],[30.994549768979489,-29.72889522562474],[30.995243547144046,-29.728809090004972],[30.996249924764925,-29.729448814037355],[30.996695762443935,-29.729570819972441],[30.997507931913578,-29.729553867701743],[30.99815333509105,-29.730164926997734],[30.998831555427834,-29.73153024649995],[30.999235469869515,-29.731571675276857],[30.999489031624957,-29.731813485054786],[30.99942339239227,-29.732233580642269],[30.999718759412509,-29.73221448633371],[31.000200097873943,-29.732109462519151],[31.000670494570404,-29.731813484342858],[31.001031497625391,-29.73186122018895],[31.001636951709209,-29.732270359313524],[31.003216150763105,-29.733600014229889],[31.004336185765819,-29.734456442872716],[31.006400142048705,-29.73603457253423],[31.006783994901742,-29.736328062720535],[31.007546518278843,-29.736446834036805],[31.008114293690031,-29.736786756820049],[31.008316725250911,-29.737287994610941],[31.008196406653212,-29.737560109436778],[31.008169084655869,-29.737908599431965],[31.008322276864693,-29.738276173423831],[31.00838799655526,-29.73922138398731],[31.008506336122821,-29.73978826650621],[31.00878673453623,-29.740387958157751],[31.009060296885739,-29.740969747840747],[31.010021105267757,-29.741963227721872],[31.011282766577331,-29.742646377600522],[31.011621276906798,-29.742941727723348],[31.011891416463811,-29.743293772102504],[31.012031628243282,-29.743577204295331],[31.012096615794182,-29.743800970624918],[31.012161609034568,-29.744069491362762],[31.012199241876804,-29.744266407468142],[31.012257415440324,-29.744681126620623],[31.012377157770125,-29.745304694033035],[31.012367231493602,-29.745502628716523],[31.012989965617699,-29.745487980333074],[31.013241820494972,-29.745488809195439],[31.012927685983531,-29.745790972958364],[31.012496903063212,-29.745940195793924],[31.012387507687112,-29.746059551239778],[31.012373861456801,-29.746304210088365],[31.012353376259703,-29.746542902307592],[31.012271403981806,-29.747247046285047],[31.012223563248384,-29.747467839214139],[31.011738059231941,-29.747557392020653],[31.011471365245153,-29.747533546382211],[31.010862710772916,-29.747056217196796],[31.01034982588347,-29.74686530607525],[31.009816442935968,-29.746823575916281],[31.009426669015284,-29.746853440542598],[31.009036903960666,-29.746984747392656],[31.008653974047945,-29.747092183617198],[31.008250521349286,-29.747110111157973],[31.007785542610002,-29.747360764123243],[31.007259027701313,-29.747754632992446],[31.006903452950048,-29.74796350599377],[31.006390597809595,-29.748196254746716],[31.006130752566236,-29.748351415697016],[31.005976814900077,-29.748487339119229],[31.005555250941509,-29.748914327025052],[31.003757829702103,-29.748510375432822],[31.00273596287202,-29.748648375650294],[31.002051001791166,-29.749119072961367],[31.001197583719179,-29.749727743446702],[31.000737133996026,-29.749938390901171],[31.000393391139692,-29.750114426375944],[31.000179121469873,-29.750425320784977],[30.9995554557978,-29.750568534256118],[30.998959141420642,-29.750783352048231],[30.998209638161907,-29.75125595051119],[30.99768443069928,-29.751757191623941],[30.997593482831761,-29.75229173277253],[30.996842755146819,-29.753000614467929],[30.99662526937508,-29.752839565449754],[30.996098003295234,-29.752923535185516],[30.994101801958262,-29.7536736266369],[30.993705879913659,-29.753711760089203],[30.993363197724431,-29.754124715820627],[30.993182616258125,-29.7547190447854],[30.992772736983451,-29.755462098853943],[30.992705445295176,-29.756499630642796],[30.9920597168563,-29.758294541594033],[30.991063845575543,-29.759621593664935],[30.98903934037369,-29.760948556744026],[30.987038839716057,-29.762259720979515],[30.986283336180538,-29.762754874809872],[30.985515497529303,-29.763134615876609],[30.985112809703235,-29.76324256094038],[30.984778006980225,-29.76390034402279],[30.984682716285675,-29.764294531112931],[30.983488135905581,-29.765051727642589],[30.982690913377166,-29.765325424722622],[30.982374880003597,-29.765314793451786],[30.982177901507736,-29.765329088436797],[30.981677246385335,-29.765371984167519],[30.981061669225031,-29.765515111237612],[30.980933707875504,-29.765548584037106],[30.980487125726764,-29.765665402186912],[30.97999463005333,-29.765937434766006],[30.97970729229877,-29.766331228819485],[30.97960054223347,-29.766596157830129],[30.979492632182705,-29.766875487394341],[30.979222871622838,-29.767219078800338],[30.979042244312385,-29.767519799130003],[30.978985105096374,-29.767621372533458],[30.978929747266044,-29.767719779039894],[30.978989594385975,-29.767498587162326],[30.979023853258361,-29.767206197907853],[30.978976032328351,-29.766937664567106],[30.978916294433095,-29.766790419733663],[30.978859820062073,-29.766651218568114],[30.978738689734538,-29.766485079795892],[30.978593827291913,-29.766355260698155],[30.978435859708227,-29.766227476133562],[30.978162319630819,-29.766042446827488],[30.977827196332502,-29.765988685919758],[30.977389443598188,-29.766101989373759],[30.976965385269033,-29.766143686886764],[30.976671252241516,-29.766292816329663],[30.976424982404431,-29.766495658808029],[30.975913070530545,-29.76657770132481],[30.975829920981766,-29.766591027243468],[30.97548795031808,-29.766567095358514],[30.975091313798529,-29.76634026616907],[30.974598886969229,-29.766268565652027],[30.974256911593201,-29.766268499540967],[30.974092744988756,-29.766340074363335],[30.973839655125051,-29.766447434860783],[30.973737023419048,-29.766596595504584],[30.973552291851387,-29.76684121549938],[30.973351808398785,-29.766998605811068],[30.973237290234731,-29.767092495636188],[30.973114466874812,-29.767193194322719],[30.97264247977996,-29.767401950895174],[30.972623294996051,-29.767414192033549],[30.971919117587873,-29.767853657328356],[30.97169392992226,-29.767912829028194],[30.97169216859902,-29.767913223347534],[30.971308660502547,-29.767753735360508],[30.971159598601979,-29.767720550951093],[30.970959862858024,-29.767676085148178],[30.970747826498766,-29.76770587461716],[30.970583627164153,-29.767872920867269],[30.970501490577874,-29.768081755899868],[30.970309910537772,-29.768320402541825],[30.970159388789899,-29.768487451318325],[30.969885802470113,-29.768487389314139],[30.969646428833201,-29.768439596700535],[30.969297562770134,-29.768582729879061],[30.968982883056182,-29.768761673577533],[30.96906518102578,-29.768039657122671],[30.969133679745998,-29.767705507802383],[30.9689696211842,-29.767407107508429],[30.96894128966218,-29.767397785880267],[30.968497738394895,-29.767251847769948],[30.968128371179219,-29.76734723510101],[30.967929960624971,-29.767544106007417],[30.967300623038049,-29.767836346589331],[30.96675336134162,-29.768116670342035],[30.966240284852773,-29.768426836733255],[30.965897423125643,-29.768612762801443],[30.965487756756612,-29.768591436578586],[30.964851765430925,-29.768312002403924],[30.964514374341427,-29.768107408089691],[30.964258353653285,-29.76786181536982],[30.964072447289347,-29.76749418314964],[30.963552823346081,-29.766983245393842],[30.963104228983859,-29.766763526647065],[30.96261728915637,-29.766667914109266],[30.962119423175704,-29.766529332529782],[30.961996464937592,-29.766450294208109],[30.961621627710759,-29.766209345026784],[30.961402794735235,-29.766128126901911],[30.96103072794104,-29.766123244022573],[30.960565621598075,-29.766175617888962],[30.960270142001811,-29.766208946010469],[30.960007482353099,-29.766266152354667],[30.960001035795401,-29.766263397570384],[30.959750360804325,-29.766156277168118],[30.959394703013004,-29.766165716052836],[30.959006200007245,-29.766213334136587],[30.95882011672467,-29.766332621117261],[30.958464405056525,-29.766470949842692],[30.958075930251596,-29.766446958334399],[30.957717199464639,-29.766412414967451],[30.957528790924822,-29.766394272090565],[30.957271623140869,-29.766398963061043],[30.956943377448365,-29.766279511846271],[30.956735499510977,-29.766179194403936],[30.956549467166436,-29.766174359635894],[30.956456392164405,-29.766307995182103],[30.956403814702842,-29.7664365324237],[30.956215548037157,-29.766522736276595],[30.955941967099076,-29.766522645436908],[30.955701180169925,-29.766603719463074],[30.955487791088789,-29.766594100246408],[30.955214286400409,-29.766422151454318],[30.954738395534573,-29.766111693054288],[30.95438186397045,-29.765877242013971],[30.953254818919991,-29.765490257820009],[30.95281079680953,-29.7653513790864],[30.952334869838094,-29.76514354850972],[30.951817935752466,-29.764878415782139],[30.951374773019232,-29.764813807431036],[30.950898767758126,-29.764777828160685],[30.950414537926779,-29.764777647534835],[30.949843533275359,-29.765101970254786],[30.949548704620533,-29.765663924263372],[30.949350601116205,-29.765390142280406],[30.949116065047285,-29.765006716800926],[30.949061736070188,-29.764242889162556],[30.948881460291176,-29.763684285895504],[30.948378437999033,-29.762996664371496],[30.948050364194277,-29.762585989714776],[30.947623932329407,-29.761936585622806],[30.947206738025098,-29.761221862573962],[30.946725180086599,-29.760789832771511],[30.946071014535828,-29.760160110114914],[30.945797759219488,-29.759587142998782],[30.945448021249184,-29.758808870526472],[30.94455635877204,-29.757821521981544],[30.943495928093927,-29.756803056557047],[30.942570373074922,-29.756157951392048],[30.941967562348257,-29.755546946921353],[30.941979581055424,-29.754939485826046],[30.942029442176587,-29.753858242173344],[30.941709711830701,-29.753306727832332],[30.94168731637545,-29.752942202233641],[30.941324534729812,-29.752411470038023],[30.941209868325064,-29.752031901984299],[30.940849234958925,-29.751279867587236],[30.940439205141065,-29.750807077305453],[30.940217902636562,-29.750363013935765],[30.940095160106225,-29.749775780754035],[30.940220507745082,-29.74942997544796],[30.940335532140168,-29.749193724126041],[30.940331545745941,-29.748996802958469],[30.94035804893845,-29.748738013512476],[30.940563363098097,-29.748458838401081],[30.940867386824699,-29.7477715468853],[30.941064420526821,-29.747614099255451],[30.941615098622229,-29.747685255306248],[30.942918937095534,-29.747487817064702],[30.943311585272369,-29.747286544565526],[30.944150280784164,-29.746808664687521],[30.944767035853552,-29.745836449808291],[30.94507080400836,-29.745385967432163],[30.947241261472005,-29.745111177453058],[30.948300336214341,-29.744568524596119],[30.949220879695208,-29.744060777054468],[30.949965071912665,-29.743621870261716],[30.950607014236141,-29.74222940209135],[30.951853926866921,-29.740959894984833],[30.952388484511626,-29.739915535632459],[30.952878065557449,-29.739677373595971],[30.953667614469182,-29.739470260899882],[30.955054570553795,-29.738523067812995],[30.956403724333502,-29.738618165206351],[30.957034559630376,-29.738228117203018],[30.957465583388654,-29.738060374618595],[30.957683566718256,-29.737634461879498],[30.958677404816687,-29.736131365477075],[30.958776511449347,-29.735673670822088],[30.959091241461486,-29.735160583520234],[30.959597376094369,-29.734743030271357],[30.96019237073078,-29.734379207222641],[30.960630053837967,-29.734140647410904],[30.961108733414033,-29.733967738144784],[30.962280353337547,-29.733787541723721],[30.962146289630923,-29.732541124484726],[30.962277760669732,-29.73201604227339],[30.962212377766861,-29.731338141713437],[30.96192819443473,-29.730698368840358],[30.961370631486986,-29.729800729657487],[30.960867637140261,-29.729256366692994],[30.960211564406663,-29.728549646028334],[30.959817919853439,-29.728138978727628],[30.959213726159717,-29.727346818589666],[30.959419893589629,-29.726568567729512],[30.959767974064786,-29.726189336899875],[30.960417546101851,-29.725992612624669],[30.960880412256579,-29.725711052195638],[30.960981162216246,-29.725486337621817],[30.961470656952034,-29.725685726748438],[30.962017449756544,-29.726077338031839],[30.96311121224398,-29.726411814736316],[30.963876848597259,-29.72665071686583],[30.964653363937682,-29.727071022615725],[30.965976858345272,-29.727424632022608],[30.966961289584734,-29.727663572335672],[30.96788010034436,-29.727873846501797],[30.969170387872378,-29.728315225653031],[30.969500723718237,-29.729000021824081],[30.969939236292745,-29.729161426646151],[30.971782991128041,-29.730612562583456],[30.97273510183939,-29.730161197878328],[30.973260430868507,-29.729244731986245],[30.973632488214932,-29.728767424768947],[30.974254249688162,-29.728328133502096],[30.974562600603107,-29.72759583610058],[30.974451903469099,-29.726390749644374],[30.974810118018464,-29.72524942056593],[30.975353980778255,-29.724840682670635],[30.976781638869006,-29.723106067862673],[30.977097393170773,-29.722191366063004],[30.979215138694983,-29.722061014566638],[30.979931144890887,-29.72261965743369],[30.980519324250416,-29.723194316895714],[30.981440083193835,-29.723257368006269],[30.982654124029658,-29.723958996449465],[30.983678890540954,-29.724266610691519],[30.984703678850639,-29.724471722349172],[30.985707134044862,-29.724583646821475]],[[30.97351266240069,-29.732832395685985],[30.97333472850103,-29.733458923243518],[30.973451067548897,-29.733059139588779],[30.97351266240069,-29.732832395685985]],[[31.003800216698671,-29.73824685948858],[31.003276829116576,-29.740270796254421],[31.003399892798381,-29.739805346600267],[31.003800216698671,-29.73824685948858]],[[30.973494019192135,-29.747010976708591],[30.97247627597708,-29.747812768206828],[30.97292496038305,-29.747459599199896],[30.973494019192135,-29.747010976708591]],[[30.950460240248269,-29.751099963347301],[30.949571101024944,-29.751374121069226],[30.950090903442877,-29.751219169598734],[30.950460240248269,-29.751099963347301]],[[30.956548813662124,-29.762149119693177],[30.956564419239232,-29.762152283674013],[30.957063135546658,-29.762027764177681],[30.956548813662124,-29.762149119693177]]]}},
{"type":"Feature","properties":{"sde_LDR_Mi":0.0,"CAT_NAME":null,"MAJ_CAT":null,"Id":0,"Phase":"Phase3","OBJECTID":0,"Shape_Area":51295.845050399999,"BlockName":"Umdloti Beach"},"geometry":{"type":"Polygon","coordinates":[[[31.113608385904481,-29.672221997128876],[31.113240583449549,-29.672061194296553],[31.113113283241873,-29.671878703046826],[31.113383761484016,-29.671778220968157],[31.11394396198077,-29.671677489570623],[31.114249558037841,-29.67161476854886],[31.114645738624006,-29.671492693125884],[31.115185339531372,-29.670906632322158],[31.115198997605631,-29.670787657673642],[31.11534772600297,-29.670696441442367],[31.115577518737606,-29.670874067380002],[31.116088721029229,-29.670576958484979],[31.116346698111045,-29.670682440164626],[31.116563938501063,-29.670639284582293],[31.116788268193368,-29.670818106686994],[31.11711639309862,-29.670938356997627],[31.117336406074301,-29.671027035675429],[31.117752326836548,-29.671334023516966],[31.117617498856728,-29.671735147059589],[31.117359478355038,-29.671968101210844],[31.117105232975536,-29.67192178101882],[31.116530959453478,-29.671668079420122],[31.116440787499243,-29.671689641020681],[31.115577596319611,-29.672296437459167],[31.115258197093283,-29.672623968757101],[31.115078283981731,-29.672763118411506],[31.114924881713474,-29.672820185453244],[31.114815644414943,-29.672847286475744],[31.114639306830092,-29.672810441753445],[31.114483383684867,-29.672698390955894],[31.114239815859239,-29.672426491419547],[31.114068920131494,-29.672366965433465],[31.113608385904481,-29.672221997128876]]]}},
{"type":"Feature","properties":{"sde_LDR_Mi":0.0,"CAT_NAME":null,"MAJ_CAT":null,"Id":0,"Phase":"Phase3","OBJECTID":0,"Shape_Area":9555136.1964400001,"BlockName":"Yellowood Park"},"geometry":{"type":"Polygon","coordinates":[[[30.931816426670789,-29.894413853980062],[30.932183440414228,-29.894490422301917],[30.932654578979481,-29.894490663635793],[30.933388730909794,-29.894491036340945],[30.93394206883152,-29.894491314552859],[30.934851484285502,-29.894539503730105],[30.935097956154632,-29.894639872854274],[30.93521837733266,-29.894807011446552],[30.935266291642126,-29.895065728421315],[30.935212589957153,-29.895284378319189],[30.9350203297791,-29.896067170021478],[30.935074652416898,-29.896783251186882],[30.935145715025833,-29.897031518321029],[30.935287298965754,-29.897218641157043],[30.935500309240187,-29.897270376942373],[30.936741055164333,-29.897571720534675],[30.937143674526691,-29.897682901396031],[30.937706466542007,-29.897926626799197],[30.938293865142178,-29.89825270754557],[30.939023018572041,-29.898484000682313],[30.939542772103355,-29.898682918338331],[30.940282131438959,-29.89915585086208],[30.941050316649434,-29.899535705063407],[30.941304947711526,-29.899768536188617],[30.941493791378189,-29.900072943062003],[30.941715557614639,-29.900295017987361],[30.941990787893616,-29.900441930381522],[30.942286602100097,-29.900524406344015],[30.942709808033257,-29.900596196218668],[30.942972727266689,-29.900718039322062],[30.943186253386756,-29.900986651703903],[30.94348201563308,-29.901165792244516],[30.94363805514697,-29.901362773842799],[30.94390091334126,-29.90159918368666],[30.944249969295853,-29.90201106265852],[30.944841427791992,-29.902508968725307],[30.945067270956955,-29.90281338583662],[30.945543712686511,-29.903246795916477],[30.946158964100736,-29.903592067032541],[30.946647683886006,-29.903620907755418],[30.94700500454498,-29.903516819851891],[30.947158392891673,-29.903512273163457],[30.947349068171718,-29.903506620978447],[30.947423566667027,-29.903544265325348],[30.947427893851248,-29.90364604420941],[30.947434388571899,-29.903798804922268],[30.947631522462288,-29.90401656365437],[30.947881269756916,-29.904209519690848],[30.948113448164463,-29.904473118965246],[30.948450284574982,-29.904727211382493],[30.949403437989549,-29.905161986279484],[30.949863607721962,-29.905324467463124],[30.950171100865241,-29.905563437292042],[30.950230497352493,-29.905759012212265],[30.950350843522443,-29.90615527382624],[30.950312270933122,-29.906594438742623],[30.950269018585455,-29.906681905516471],[30.950766077644218,-29.906842171772531],[30.951575223116759,-29.906830902784499],[30.951639177812677,-29.906827577654525],[30.951640229801932,-29.906827224352437],[30.951644605821421,-29.906827005305409],[30.951794468663934,-29.906819503648812],[30.952783026562358,-29.906768101441166],[30.953208725137355,-29.906717507699984],[30.953309341344539,-29.90673426690422],[30.953333211221743,-29.907085364259327],[30.953778092304891,-29.907519407101784],[30.954566809367332,-29.908187997549167],[30.955168990232551,-29.908833700725076],[30.954189277999333,-29.90943007504811],[30.953911094769783,-29.909744447644908],[30.95368977126968,-29.910308364954368],[30.952944895106903,-29.91088437665918],[30.952574724065343,-29.911528691702895],[30.952194701422101,-29.912063126165968],[30.951436760993175,-29.913509356940736],[30.950778776282593,-29.914380310359558],[30.950745361646099,-29.914623840287007],[30.950487617534161,-29.915024733183369],[30.950334019590411,-29.915358833250703],[30.950072872386258,-29.917082034001929],[30.949546200296481,-29.918288381515119],[30.949315986588065,-29.918402861574677],[30.949209004903082,-29.918646278130467],[30.949175807183906,-29.919272810894622],[30.949150531814904,-29.919749821620321],[30.949216423496644,-29.920225175672361],[30.949253950101586,-29.920495897089825],[30.949240760230452,-29.920862471225565],[30.949236045380545,-29.920993506104889],[30.949235630546916,-29.920993263082714],[30.948690943775411,-29.921191117173287],[30.947793584599189,-29.921190764947738],[30.946662820804917,-29.921107699744798],[30.94600462644344,-29.920892746190194],[30.945859131348584,-29.920820243469329],[30.945859092375226,-29.920942346123283],[30.945825161135915,-29.921066915848126],[30.94571095899822,-29.921259734854566],[30.945707208798012,-29.9213706294756],[30.945707175417553,-29.921371616544828],[30.945705389572261,-29.921424424471692],[30.945855065889013,-29.92163655186274],[30.945865268686042,-29.921651011644428],[30.946107936784365,-29.921866154855529],[30.946350806330283,-29.922054007920675],[30.946447562016594,-29.922128845520877],[30.946489551763911,-29.9222222446889],[30.94650229800293,-29.922250596527871],[30.946472069268374,-29.922415276146562],[30.946132047206785,-29.922887731761893],[30.946128822255428,-29.9229443114099],[30.946123748582139,-29.923033325532149],[30.946171845113209,-29.923117019257674],[30.946191005236024,-29.923150360122548],[30.946359278874386,-29.923250623874448],[30.946523631629429,-29.923348551014449],[30.94653312490291,-29.923376453474518],[30.946575611714177,-29.923501329752135],[30.946545354663531,-29.923718519790491],[30.946528651294656,-29.924210201716924],[30.946591438114744,-29.924651792226996],[30.946644600218409,-29.925131634369531],[30.946615569383525,-29.925644726573321],[30.946519311964487,-29.926303454747156],[30.946519179548378,-29.926551144576187],[30.946519083556971,-29.926730698552703],[30.946483194127687,-29.927035611495914],[30.94644717436945,-29.92734162979448],[30.946296504979077,-29.927892997762292],[30.946189481492446,-29.928284641640133],[30.94607598834321,-29.92861254333372],[30.946000064611919,-29.928921278644196],[30.945991768034521,-29.928955015623252],[30.946065565344526,-29.929305910793438],[30.946164003669388,-29.929697392185012],[30.946350108410986,-29.930131872234355],[30.946496175616968,-29.930321436980133],[30.946778513979805,-29.930834284302382],[30.946862036019851,-29.931079653432732],[30.946902971977547,-29.931397119076404],[30.947006963288835,-29.931662099671378],[30.94686437688874,-29.931831507602116],[30.946935463098935,-29.932137051171484],[30.947050449457514,-29.932339978410184],[30.947359980245857,-29.932581172731012],[30.947888696727972,-29.932905992371118],[30.948198288304607,-29.933237037208013],[30.948500500070491,-29.933648141971577],[30.94875949544501,-29.93414032736775],[30.948904533296563,-29.934536598211935],[30.948972985897413,-29.934648805949557],[30.949179218751109,-29.934730102198152],[30.949373004068455,-29.934806491257508],[30.949559291145388,-29.934925904390905],[30.949696185295672,-29.935176574310645],[30.949696076037039,-29.93539377619059],[30.949652920757273,-29.935721289085134],[30.949609929615729,-29.935789161474627],[30.949536874088039,-29.935904497855564],[30.949366831396944,-29.936172951479694],[30.949243290565501,-29.936608501155515],[30.949243166384221,-29.936853151569295],[30.949469064129527,-29.937229164658358],[30.949431841567698,-29.937832637973017],[30.94955766876847,-29.938142162381236],[30.949676955947833,-29.938435596992793],[30.949677166696283,-29.938436115411438],[30.949577837303504,-29.938905956698505],[30.949516028124307,-29.939198320075246],[30.949721222159614,-29.93988461292237],[30.949947092688536,-29.940332229990297],[30.949974366846082,-29.940594791911785],[30.950152324724908,-29.940952884179897],[30.95028242166045,-29.941114044491226],[30.950282341542373,-29.941275155632713],[30.950062940289339,-29.941585360863893],[30.949836778999686,-29.941710583666083],[30.949418802754906,-29.941782028889239],[30.949035232391882,-29.941561099178017],[30.948453103959679,-29.941083506388981],[30.947610577869707,-29.940701281051261],[30.946747402385061,-29.940509988561374],[30.946558980712389,-29.940486833947361],[30.946308942067311,-29.940456106962923],[30.946053087582744,-29.940366030310507],[30.945569229162494,-29.940020206659216],[30.945310243843966,-29.939962178551756],[30.945062290864136,-29.939906621803676],[30.944671757221851,-29.939918392618779],[30.944288151315785,-29.939792922333702],[30.944204837721895,-29.939640353725792],[30.944151264430722,-29.939542246982409],[30.943888661778484,-29.93933252467416],[30.943837763561877,-29.93929187567781],[30.94321512740985,-29.939021176410908],[30.942620388247168,-29.938680238486594],[30.94184678086371,-29.93846433168514],[30.941683441290788,-29.938418744392088],[30.941000428970696,-29.938228116277116],[30.940740166874637,-29.938084789545304],[30.940644389538534,-29.937865592902149],[30.940465466584925,-29.937602518111095],[30.940400587409705,-29.937175552773294],[30.940510381753032,-29.936792975465938],[30.940699279337025,-29.936616742311138],[30.940879385823074,-29.936346649185403],[30.941029686207269,-29.935989437642526],[30.941020351375457,-29.935778617698194],[30.940721123669174,-29.935536836146596],[30.940232775000077,-29.935413660450838],[30.939570370568177,-29.935166354370256],[30.93910349843518,-29.935103232949952],[30.938818795890469,-29.934820712354675],[30.938390958903163,-29.934186043109527],[30.938060194161867,-29.934030315922502],[30.937911284679121,-29.933780589521731],[30.93796748974934,-29.933693282366431],[30.938132251087541,-29.933611698970825],[30.938428453271058,-29.933218009912611],[30.938569051575772,-29.932683791760482],[30.938528574759733,-29.932275982167877],[30.938453413860497,-29.931894377897386],[30.938558805639889,-29.931597879851363],[30.938996092463455,-29.930836365050293],[30.939012891312878,-29.930448485058015],[30.938999255412231,-29.930341071135842],[30.939170664328611,-29.930108433832018],[30.939057693556684,-29.930000974040617],[30.938766690510935,-29.929869771693554],[30.938191335099219,-29.92970719835974],[30.937652918051398,-29.929490709169297],[30.937364627553958,-29.929537285702985],[30.936606022400809,-29.929819820318407],[30.936448452226159,-29.929612756175693],[30.936285274979927,-29.929612677417495],[30.935598190247305,-29.929807901702535],[30.935011211957864,-29.930149257081098],[30.934152853442974,-29.930563410581801],[30.933750550679072,-29.930674152817467],[30.933126544137341,-29.931497157357249],[30.932569409234194,-29.932553758841788],[30.931683621707684,-29.933820397054841],[30.930986059113053,-29.934316360892026],[30.930543087451081,-29.935040181933964],[30.929456385536657,-29.935938832735552],[30.928209730663191,-29.935488545805011],[30.927633583582455,-29.934921834007074],[30.927175114298961,-29.934074871494339],[30.926990275236911,-29.933603691309095],[30.926917574882264,-29.933099626384632],[30.926575945734839,-29.93272573134044],[30.925885696948846,-29.932374996442451],[30.925470274486898,-29.932076965873872],[30.925446221407647,-29.931898443081774],[30.92508432210596,-29.931451692913662],[30.924394681081257,-29.930238786872938],[30.924428062101583,-29.92958003936775],[30.924883043380486,-29.92915250192852],[30.926350004112379,-29.928316979091885],[30.926436508046418,-29.928062829315554],[30.926449073304308,-29.92774419365994],[30.926552314729168,-29.927085484304214],[30.926232148316945,-29.926494563440986],[30.925885752025195,-29.926280925531668],[30.925628360940973,-29.926032549542661],[30.925436862883217,-29.925612358043253],[30.925410097440285,-29.925268062264053],[30.925743685997514,-29.925009684072041],[30.926605197073492,-29.924724533978313],[30.926714938395619,-29.924538421683209],[30.926858735873306,-29.923725165897171],[30.927134717373569,-29.923169007163125],[30.927187364425322,-29.922466225155457],[30.926430291256416,-29.920845294069174],[30.925521337440507,-29.919861406075441],[30.924540528883057,-29.919717638100785],[30.924411875957166,-29.919534118928802],[30.924236509906113,-29.919103587787006],[30.92420379225948,-29.918889708155969],[30.924193575721496,-29.91848718563201],[30.924027222891603,-29.91817584598116],[30.923550181938577,-29.917659416139564],[30.923254483661992,-29.917379984088988],[30.923065837494104,-29.917026741155819],[30.922835744850182,-29.916771095462494],[30.922658435527385,-29.916541785187295],[30.922306856191586,-29.916179473845482],[30.921822576754096,-29.915941986610239],[30.921667042574896,-29.915825416491767],[30.921499475767618,-29.915680196937608],[30.921441447358916,-29.915607602424199],[30.921348431389074,-29.915496269283143],[30.921196094173776,-29.915242180141725],[30.921072767927619,-29.91497524531264],[30.92102789748682,-29.914878124617729],[30.920741451355862,-29.914258115916692],[30.920672055732073,-29.913863742604239],[30.92065206170615,-29.913750116552428],[30.920656189737983,-29.913715822867847],[30.920686536457605,-29.913463716314105],[30.92080710098945,-29.913326913473561],[30.920999638320396,-29.913075803796293],[30.92131750065726,-29.913018709616821],[30.921574899989619,-29.913200262898052],[30.921958257202359,-29.913477363931374],[30.92225833672142,-29.913607298048657],[30.922555359670806,-29.913706852701882],[30.922762640571776,-29.913653361436797],[30.923088144368425,-29.913604226778357],[30.923252610373673,-29.913504075244408],[30.923359611244226,-29.913310803297964],[30.923105177396778,-29.912830900007592],[30.923067101891665,-29.912483533178417],[30.922977187386508,-29.91252865114096],[30.92279332509079,-29.912581827544184],[30.922705948227158,-29.912528492454722],[30.922583037067565,-29.912037924332029],[30.922476626684841,-29.911468599964607],[30.922443415332609,-29.910992405384743],[30.922450560266039,-29.910487714270079],[30.922515614865347,-29.909944862580147],[30.922600818481854,-29.909827352040764],[30.922805663811751,-29.909544833498309],[30.922919860577679,-29.909385416064897],[30.922965883846388,-29.909269904825749],[30.923015293231899,-29.909129609475698],[30.923058270459247,-29.908987715802684],[30.923094747792138,-29.908844447535429],[30.923125421348281,-29.908695913897073],[30.923148482440403,-29.908551039432993],[30.923164945732026,-29.908405483462538],[30.92317478546709,-29.908259473956406],[30.92317798626361,-29.908113239594464],[30.923174543137545,-29.907967009407685],[30.923164461510609,-29.907821012419728],[30.923147757201438,-29.907675477287842],[30.923124456400657,-29.907530631945136],[30.923094595629632,-29.907386703243201],[30.92293967493487,-29.906959005206716],[30.92276750312945,-29.906407543534435],[30.92270205626042,-29.906013675903665],[30.922784614591997,-29.905533968542052],[30.922866995606171,-29.905283398069155],[30.922990533689493,-29.904973703210086],[30.922949697095824,-29.904639521101952],[30.922545942338161,-29.904209652567239],[30.922463917209711,-29.904000755444038],[30.922504711294135,-29.903870780363196],[30.922525709583329,-29.90380387703615],[30.923210643028739,-29.903744606414598],[30.923751694898332,-29.903756854498479],[30.924197195411029,-29.903766937866553],[30.924746315262539,-29.903779364460654],[30.925244807322073,-29.903680136656217],[30.925758622907225,-29.903477544998729],[30.926263010360749,-29.903029771650182],[30.926707395949851,-29.902235199721876],[30.927283056632731,-29.901734280680582],[30.92775009187616,-29.901452912674557],[30.927861693776219,-29.901195120680462],[30.928275231584628,-29.900239866934768],[30.928514551529688,-29.899687039616399],[30.928777970475007,-29.899078536152246],[30.929460621120619,-29.898319885557825],[30.93015136969661,-29.897718767555599],[30.930587323916019,-29.897153314775281],[30.930817604048237,-29.896902816722218],[30.930933136230315,-29.89620830451187],[30.930782370506599,-29.895809829370997],[30.930820576001977,-29.895452645577389],[30.930884763543901,-29.894852549350226],[30.930912334405811,-29.894594784144068],[30.931104226544083,-29.89438961550433],[30.931323396225682,-29.894351540193163],[30.931816426670789,-29.894413853980062]],[[30.943273277234105,-29.915409053082954],[30.942884645431921,-29.916111784107571],[30.943273358875253,-29.915408987372057],[30.943273277234105,-29.915409053082954]],[[30.943785708507296,-29.919899257266174],[30.943837780517562,-29.920265410093261],[30.943785698061902,-29.919899059198499],[30.943785708507296,-29.919899257266174]]]}},
{"type":"Feature","properties":{"sde_LDR_Mi":0.0,"CAT_NAME":null,"MAJ_CAT":null,"Id":0,"Phase":"Phase1&2","OBJECTID":141,"Shape_Area":2943182.19502,"BlockName":"Phoenix Industrial"},"geometry":{"type":"Polygon","coordinates":[[[30.994510466052791,-29.71450231636565],[31.001817533325887,-29.718030655923076],[31.001819931518906,-29.718022496200739],[31.004213025642652,-29.719016335565101],[31.006240854735545,-29.719814964878289],[31.008651494480375,-29.720878118562155],[31.007088904097269,-29.723547091522764],[31.006239692546323,-29.725919471213633],[31.006238380458488,-29.727586303233476],[31.006307588647729,-29.727587438999453],[31.006477802282163,-29.73033793506611],[31.008074974164661,-29.733718423682856],[31.00875468900227,-29.73555693884478],[31.006783994901721,-29.736328062720549],[31.003216150763073,-29.733600014229911],[30.999716454631166,-29.730397401631915],[30.998187561234833,-29.727313353413951],[30.996013196594483,-29.725445090906405],[30.994466512235761,-29.72483674667793],[30.994456234114033,-29.724842021882274],[30.992755006020985,-29.725027650584064],[30.989229983740611,-29.724378990989294],[30.987479294890857,-29.724006129185458],[30.986913413919506,-29.724751490057965],[30.985707134044855,-29.724583646821486],[30.984703678850639,-29.724471722349168],[30.983678890540936,-29.724266610691519],[30.98265412402964,-29.723958996449486],[30.981476069251475,-29.723269149917019],[30.982301900004238,-29.722052189944907],[30.983412124602982,-29.720529860462875],[30.9837492292714,-29.719578356317001],[30.984205333317995,-29.718090539385567],[30.984183006135126,-29.716652127163762],[30.985079092371464,-29.71632197941468],[30.986674813552217,-29.715841207602942],[30.987554963222568,-29.715535239224486],[30.988978928262348,-29.715091899336848],[30.98986611182054,-29.715860228295558],[30.992958208415079,-29.713336697194386],[30.994510466052791,-29.71450231636565]]]}},
{"type":"Feature","properties":{"sde_LDR_Mi":0.0,"CAT_NAME":null,"MAJ_CAT":null,"Id":0,"Phase":"Phase1&2","OBJECTID":142,"Shape_Area":2334222.4040899999,"BlockName":"New Germany"},"geometry":{"type":"Polygon","coordinates":[[[30.892751620496206,-29.799609039883784],[30.893175445346181,-29.801383337633997],[30.893126213887442,-29.803198506692695],[30.892982681254651,-29.804724815072401],[30.890708883839505,-29.807693293967922],[30.890140007356102,-29.808806700102178],[30.888847667842601,-29.808436364238734],[30.888840666130093,-29.808518424566152],[30.887396571354572,-29.808556862239136],[30.885550020879915,-29.809999190822779],[30.884182706950593,-29.810951161681814],[30.882782502841568,-29.809814844683455],[30.882127609314395,-29.809445291688412],[30.881724054373532,-29.809458821475868],[30.881328321010169,-29.808725636974138],[30.880939850731551,-29.808411078838734],[30.880263779184851,-29.807605505622018],[30.878210026948778,-29.806757969037463],[30.877953617405577,-29.805814478291079],[30.875307911630632,-29.803671988001856],[30.873772429459425,-29.803457167097452],[30.873118804683568,-29.802646616754711],[30.872911025280509,-29.80246509003511],[30.872075079546278,-29.802277088091191],[30.871456367121766,-29.801919696012138],[30.871364496490923,-29.801456190015934],[30.870626393809971,-29.8006495143084],[30.87094020439034,-29.800738681385923],[30.87181346248132,-29.801256178962117],[30.872183265629559,-29.800921224075413],[30.87466896276965,-29.800570807045311],[30.875931851948561,-29.799296415131142],[30.876719905859641,-29.798141458006281],[30.878091937007792,-29.796584735308436],[30.879795661102939,-29.795802454815192],[30.882870499756734,-29.795475177034444],[30.886276223263096,-29.795313130880018],[30.889729145912238,-29.795233546519633],[30.891195326339247,-29.79531727099463],[30.892091972459255,-29.797215726020848],[30.893084132026249,-29.798289156432098],[30.892751620496206,-29.799609039883784]]]}},
{"type":"Feature","properties":{"sde_LDR_Mi":0.0,"CAT_NAME":null,"MAJ_CAT":null,"Id":0,"Phase":"Phase1&2","OBJECTID":144,"Shape_Area":10557017.5557,"BlockName":"Westmead"},"geometry":{"type":"Polygon","coordinates":[[[30.851339922011782,-29.804970146387351],[30.851087356618557,-29.805555063496325],[30.850976916082441,-29.805810816269467],[30.850191891043092,-29.806703570021064],[30.851250919236371,-29.808667614020596],[30.851891212712811,-29.809647684065844],[30.853377925173863,-29.810508629266558],[30.853910607149057,-29.810802314940052],[30.855487432923375,-29.811671645223196],[30.856312788698045,-29.812192846969861],[30.857734782259623,-29.812714689384372],[30.859523141881642,-29.813797204673495],[30.859813896857951,-29.813985095138523],[30.860577773996695,-29.814478717228344],[30.86241211515037,-29.815561269854253],[30.863207881453828,-29.815909263984064],[30.865164347137906,-29.816764778002867],[30.86550336702798,-29.816888935382146],[30.867136997886284,-29.817487203356954],[30.868035994564071,-29.81822554253797],[30.868508175182221,-29.818927342325718],[30.868696553266169,-29.819587603455187],[30.868721018136235,-29.821113871057744],[30.867415414277129,-29.822432891777286],[30.864482083355647,-29.822429915709023],[30.863778040219092,-29.824586914697278],[30.863770166762702,-29.824581073394835],[30.863342223547363,-29.82564659925939],[30.863056206882767,-29.827213976707803],[30.862012633583209,-29.829151855831057],[30.861254625716995,-29.829852388617947],[30.860450208208569,-29.829892796449016],[30.858842822802433,-29.828942234038823],[30.856998836395118,-29.828032650691387],[30.855816094513298,-29.827948855447801],[30.854728162372087,-29.827741390713499],[30.85449260689818,-29.827039804661194],[30.854683055847641,-29.826214923057016],[30.855535886322521,-29.825390767006823],[30.856246528857383,-29.824731469096342],[30.855561416100709,-29.82399871406982],[30.85478150006325,-29.823574738577474],[30.853788241902645,-29.823367370101074],[30.85255933605541,-29.822540912801646],[30.85103496182861,-29.821851204291455],[30.850920840364488,-29.821464158760257],[30.850818848595129,-29.821374803726471],[30.850602393783262,-29.821129477818797],[30.85024887511058,-29.820680777419284],[30.849976897072136,-29.82054757697675],[30.849680018644765,-29.820386187134769],[30.849198454446864,-29.82021758273503],[30.848749319572299,-29.81984594679647],[30.848348094363523,-29.819656423720666],[30.847746509385615,-29.819207584141459],[30.847746705456743,-29.819192368195768],[30.847457924468184,-29.818876742393577],[30.84725746918286,-29.818680446028782],[30.846944294254147,-29.818680083643958],[30.84666330437458,-29.818637743944471],[30.846296122159799,-29.818191013526665],[30.84355351286457,-29.819891230659426],[30.842351249530459,-29.820204172625346],[30.841329365723158,-29.820412488206031],[30.840277656358566,-29.820463579329012],[30.839256361058489,-29.820331334787038],[30.838060234462638,-29.82170083931122],[30.837759874106116,-29.822355968316465],[30.837021021078545,-29.822992348766721],[30.835591226117216,-29.824744642544342],[30.834824039107097,-29.825660168817009],[30.834412102888265,-29.826418330390435],[30.834104722358656,-29.827085581604369],[30.832555166085289,-29.829626715029345],[30.832059430534294,-29.830528147589956],[30.832031492510115,-29.830578948818975],[30.83189894697523,-29.830748724339912],[30.830699533849106,-29.831991423357362],[30.829897265028844,-29.833010054871707],[30.829631583278903,-29.833689487337548],[30.829083978328864,-29.834245186504958],[30.829499468465848,-29.834569854268029],[30.829022776161978,-29.835540258334181],[30.828382049930234,-29.836163676770781],[30.827832089724083,-29.836590822426725],[30.82773373057702,-29.836686406274605],[30.826485741480006,-29.83682088701212],[30.826277161834245,-29.837047218824271],[30.825383308639008,-29.83726298678916],[30.823896249768588,-29.838415777528486],[30.82250022041509,-29.839331513632963],[30.821579341799392,-29.83965862930912],[30.821189724748457,-29.839862883725569],[30.820240210792463,-29.83994052041913],[30.820325994086396,-29.839470723799039],[30.820579829044544,-29.83894613684437],[30.820308769685823,-29.83817951976177],[30.819620192302498,-29.837763696845904],[30.819716926018828,-29.837485080200146],[30.819956140224296,-29.836919880018606],[30.819765437976383,-29.834809145710807],[30.819445658425852,-29.834307585588611],[30.818475078968508,-29.834051399725386],[30.81820831118424,-29.833274138236106],[30.818590614819623,-29.832370579637537],[30.8184538059913,-29.830855486082619],[30.817554703657624,-29.829781995321035],[30.816514794876838,-29.829780542398556],[30.81641502309208,-29.829686313726487],[30.815694021951991,-29.829388418697722],[30.815080327391644,-29.828249818606285],[30.812982318727592,-29.828143549728299],[30.81288917140963,-29.827500396019904],[30.812066226556297,-29.825810025481776],[30.811146808323763,-29.82514186691699],[30.811259618932898,-29.824192834191596],[30.810589414351607,-29.823705812414268],[30.810212758903415,-29.823309061839431],[30.809758901962606,-29.822979226072956],[30.809455454927637,-29.822659619709892],[30.809156073602662,-29.822054952618036],[30.80826656471109,-29.821408558434271],[30.808019839309058,-29.821275327696856],[30.812664341251175,-29.815756204515221],[30.812693210931158,-29.815776433081709],[30.817132247994483,-29.812134556921503],[30.817121940324764,-29.812127997156484],[30.819324036582934,-29.810191057195318],[30.82053786931802,-29.810263681186303],[30.820529996428466,-29.810225969494002],[30.827158601173,-29.811301129714629],[30.828605295315313,-29.811303041949262],[30.829511282855858,-29.809728764152876],[30.830841463839647,-29.809637548678065],[30.832091002479885,-29.809933798201602],[30.83273266802502,-29.810081940471662],[30.833441608194924,-29.810406943097515],[30.834433165638213,-29.810786663243022],[30.834658701489992,-29.809907627285316],[30.834862538329425,-29.80923024333147],[30.835032491206864,-29.80861174440539],[30.835371268183422,-29.808052390469847],[30.835709898168847,-29.807581430858768],[30.836569160542172,-29.807055449808082],[30.837593320284142,-29.807372068803502],[30.838965028085983,-29.805014211812953],[30.84157504947262,-29.805169019804623],[30.841697107067969,-29.80422294233497],[30.84181911055234,-29.803329432175037],[30.841920959172999,-29.80245355970775],[30.850755991523492,-29.802685806672518],[30.85094563877454,-29.803282363405511],[30.850980714510264,-29.803392704091749],[30.85134098683438,-29.804286766196899],[30.851339922011782,-29.804970146387351]]]}},
{"type":"Feature","properties":{"sde_LDR_Mi":0.0,"CAT_NAME":null,"MAJ_CAT":null,"Id":0,"Phase":"Phase1&2","OBJECTID":146,"Shape_Area":3954124.3789900001,"BlockName":"Bayhead"},"geometry":{"type":"Polygon","coordinates":[[[30.98030092552597,-29.868258034921976],[30.980894638292032,-29.86851311495121],[30.982423260164985,-29.868299542335002],[30.984464113701399,-29.86993057553477],[30.985654343346276,-29.872525071225457],[30.985994304653399,-29.874007610212065],[30.988545554389766,-29.87645402135232],[30.988960729182079,-29.87763619349834],[30.989991209747032,-29.878752048332988],[30.992633322218055,-29.879908985133948],[30.993416838307617,-29.880271778623968],[30.994105399768923,-29.880019595294087],[30.994079466555029,-29.880547875003433],[30.994077878745131,-29.881520103714369],[30.994584412663361,-29.88190021487592],[30.99472213606953,-29.882108269382886],[30.996246422894473,-29.881484174740603],[30.99662562828982,-29.880605613536101],[30.997863113960779,-29.881204791250831],[30.997132709782985,-29.884272436373326],[30.995179375462758,-29.884534228857792],[30.995477001276765,-29.886053826902909],[30.995732117743287,-29.887313981636414],[30.997858676289493,-29.887981167263529],[30.998709372923429,-29.886498669015932],[30.999900271514182,-29.886943397483591],[30.999304791947843,-29.888277657700979],[31.001601567483746,-29.889018922820679],[31.002282081044758,-29.887165773165314],[31.007471003639793,-29.887832783013881],[31.003430620510589,-29.898247513900451],[31.001674896886346,-29.898722296787362],[30.998306516668919,-29.893370267871216],[30.996165693006894,-29.891550263022829],[30.991693884534147,-29.892084874488681],[30.991663764778437,-29.892047373325966],[30.986438417189927,-29.892285322700548],[30.984610118089407,-29.891071208802668],[30.983942616253763,-29.89086881035059],[30.983710603596865,-29.889806607554455],[30.983884899417507,-29.888820324043845],[30.98429144546466,-29.887353560360356],[30.985307309788666,-29.886746720305453],[30.98510423490648,-29.886215610046762],[30.985795780997766,-29.885538986745271],[30.9842464147528,-29.883610454539944],[30.98258103815991,-29.883552012226005],[30.981332573835022,-29.883311337670481],[30.979896615842204,-29.882499374067148],[30.979399074144542,-29.882499281206684],[30.979040834841925,-29.882533904032403],[30.978284586940461,-29.882447049760433],[30.977588044199283,-29.882360200677486],[30.976752233537745,-29.882082541120127],[30.976550613125937,-29.881980580808634],[30.976137417170005,-29.881771625794023],[30.97578423429831,-29.881593037848912],[30.975757265374035,-29.881579396222552],[30.975578213793955,-29.8813712375654],[30.97537925064719,-29.881197771462517],[30.975120622855876,-29.880885552898757],[30.974881881920698,-29.88062536529927],[30.974753810670514,-29.880454963753035],[30.974563530294681,-29.880399836980978],[30.974537053758475,-29.880339803436524],[30.97436464650119,-29.87994888204334],[30.974285105819298,-29.879723408268415],[30.974225514848737,-29.879324509322021],[30.974225800481268,-29.878301277452735],[30.974152356444993,-29.878039198710376],[30.974007096419047,-29.877520784473109],[30.974007120575038,-29.877434069896449],[30.974071927470455,-29.877239561348318],[30.974133834128164,-29.877053756716812],[30.974243942691945,-29.876697684361659],[30.974074121016908,-29.876428491035135],[30.973963994975755,-29.876215085668488],[30.974025281414161,-29.87592702975428],[30.974380393330947,-29.87559635441869],[30.975037934909654,-29.87539672850626],[30.975383741424981,-29.875150269706076],[30.975760974223221,-29.874999690310037],[30.976086357321904,-29.874926239930016],[30.976185317289644,-29.874903901000671],[30.977481855262891,-29.872668903160378],[30.976571176861011,-29.871603248748372],[30.976502459815492,-29.871113295101829],[30.97647705204303,-29.870932131420712],[30.977849417107386,-29.869812419135826],[30.978409672972223,-29.869355306744584],[30.978831210198212,-29.869096082743678],[30.979153575589915,-29.868836841570307],[30.979426375663273,-29.868491160005728],[30.979474520276053,-29.86819787377561],[30.98030092552597,-29.868258034921976]]]}},
{"type":"Feature","properties":{"sde_LDR_Mi":0.0,"CAT_NAME":null,"MAJ_CAT":null,"Id":0,"Phase":"Phase1&2","OBJECTID":147,"Shape_Area":3973996.26883,"BlockName":"Pinetown"},"geometry":{"type":"Polygon","coordinates":[[[30.872075079546278,-29.802277088091191],[30.872911025280509,-29.80246509003511],[30.873118804683568,-29.802646616754711],[30.873772429459425,-29.803457167097452],[30.875307911630632,-29.803671988001856],[30.877953617405577,-29.805814478291079],[30.878210026948778,-29.806757969037463],[30.880263779184851,-29.807605505622018],[30.880939850731551,-29.808411078838734],[30.881328321010169,-29.808725636974138],[30.881724054373532,-29.809458821475868],[30.882127609314395,-29.809445291688412],[30.882782502841568,-29.809814844683455],[30.884182706950593,-29.810951161681814],[30.882946078170274,-29.811812115778455],[30.881903147244103,-29.813667648781504],[30.881284882191782,-29.816431156959471],[30.881709059452412,-29.817792940393712],[30.88142282618584,-29.819805910162223],[30.880274510647414,-29.821390571743084],[30.879708699182839,-29.821061387306205],[30.878815799793312,-29.820748998473288],[30.878332303632639,-29.820579839301832],[30.87746076036446,-29.820138772344407],[30.877087659329568,-29.820029938054301],[30.876497227505489,-29.819857705393794],[30.875329098069461,-29.819561915023893],[30.873279329392886,-29.81904284792595],[30.867800912123055,-29.81711143293612],[30.86713699788627,-29.817487203356965],[30.865503367027955,-29.816888935382146],[30.86516434713792,-29.816764778002867],[30.863207881453807,-29.815909263984064],[30.86241211515037,-29.815561269854264],[30.860577773996695,-29.814478717228344],[30.859813896857936,-29.813985095138538],[30.859523141881635,-29.813797204673502],[30.857734782259609,-29.812714689384372],[30.856312788698027,-29.812192846969886],[30.855487432923375,-29.8116716452232],[30.853910607149057,-29.810802314940052],[30.853377925173863,-29.810508629266558],[30.851891212712825,-29.809647684065865],[30.851250919236371,-29.808667614020596],[30.850191891043092,-29.806703570021064],[30.850715635621377,-29.806107916560084],[30.850909546440008,-29.805887423681384],[30.851698020318395,-29.805888323403707],[30.851797807483027,-29.805982526917152],[30.854092776411672,-29.806159578009943],[30.85432571656321,-29.806803853392548],[30.85632096975224,-29.805863291347936],[30.860230610460196,-29.804421515416912],[30.861630513158385,-29.805033549564659],[30.862780604893544,-29.804009939129891],[30.863707963713772,-29.803556339393676],[30.864107741077554,-29.803069429673304],[30.864601062617513,-29.801280770411353],[30.865040036518199,-29.801316028053591],[30.866017970881568,-29.801230001118622],[30.867534378685288,-29.801388168150591],[30.868771026984501,-29.801841915553702],[30.869428950820339,-29.80231248367345],[30.869425835791805,-29.802363075414878],[30.870626393809971,-29.8006495143084],[30.871364496490923,-29.801456190015934],[30.871456367121766,-29.801919696012138],[30.872075079546278,-29.802277088091191]]]}},
{"type":"Feature","properties":{"sde_LDR_Mi":0.0,"CAT_NAME":null,"MAJ_CAT":null,"Id":0,"Phase":"Phase1&2","OBJECTID":148,"Shape_Area":2260068.8855900001,"BlockName":"Conaught"},"geometry":{"type":"Polygon","coordinates":[[[31.035202223398535,-29.753416356963818],[31.034137300902618,-29.756030399009887],[31.033012021005128,-29.755951829385847],[31.031445487081349,-29.755657053556945],[31.030787599127247,-29.756581554739121],[31.029078895363664,-29.756733961035234],[31.02853406852827,-29.757285971154488],[31.027099156395305,-29.757570769681241],[31.026663910831935,-29.758011738822521],[31.025305457680069,-29.758277336514588],[31.024974717822836,-29.758714120103836],[31.024835641586325,-29.759783927135718],[31.028534655865649,-29.760484019975376],[31.028315949170754,-29.761054988062504],[31.028272998236002,-29.761043180433163],[31.029032963217418,-29.762823339094428],[31.028582370105788,-29.765401536916752],[31.02893558859633,-29.767805195301314],[31.03014358822816,-29.768114182627638],[31.030474279067949,-29.768321705077756],[31.030114825480823,-29.769986980109024],[31.028977257279454,-29.770923196154456],[31.029075106525774,-29.772029310791172],[31.02878296876937,-29.773617672795094],[31.025179696879121,-29.772711528811026],[31.0246962040287,-29.772612905328455],[31.024418463558529,-29.772586034470802],[31.024150908953853,-29.772155328607901],[31.023022967561189,-29.771981051275358],[31.023082228449518,-29.771110937924234],[31.023558661214683,-29.769951733922987],[31.023527229049186,-29.769492203031962],[31.023067416347185,-29.767995643990695],[31.023546901099625,-29.767621635658173],[31.023804619866368,-29.767369990322376],[31.023535017366292,-29.766715008404859],[31.023332691856524,-29.765397047676085],[31.022771677510804,-29.764496737198044],[31.022604954505237,-29.763717939369073],[31.022678172332053,-29.762331456457694],[31.022678029130109,-29.76165910557695],[31.02210851437551,-29.761066007870145],[31.020317893085721,-29.760091579677123],[31.020272335383122,-29.758274252795093],[31.018849278008265,-29.757661954734438],[31.016690665325129,-29.756919760997782],[31.020571141228686,-29.754298032157866],[31.020562346262935,-29.754346017192013],[31.024696709011231,-29.751583592234194],[31.026972334225015,-29.750271708431097],[31.027712015084521,-29.749905168169992],[31.028291767197253,-29.7496346171875],[31.02917144072882,-29.749416338625966],[31.030490922494391,-29.749023482773264],[31.031791310845868,-29.748662767884475],[31.034515484096982,-29.747968067884486],[31.036368176002931,-29.747135537558467],[31.036597932148407,-29.746961784669665],[31.038026812088582,-29.745881175144621],[31.039971565171594,-29.7460167514609],[31.040349185974108,-29.746231168064728],[31.038643124876806,-29.748109526234806],[31.038636594678504,-29.748124150384481],[31.037561225977001,-29.750532610708813],[31.0362014091675,-29.752374295688355],[31.035202223398535,-29.753416356963818]]]}},
{"type":"Feature","properties":{"sde_LDR_Mi":0.0,"CAT_NAME":null,"MAJ_CAT":null,"Id":0,"Phase":"Phase1&2","OBJECTID":149,"Shape_Area":1679336.5655100001,"BlockName":"NCR"},"geometry":{"type":"Polygon","coordinates":[[[31.013806327449227,-29.790760713940248],[31.014631599485298,-29.791022992675963],[31.015044930571918,-29.790771920724303],[31.017192939261825,-29.790947719989283],[31.018599863953437,-29.791958021252146],[31.019841514356134,-29.793978823682345],[31.019138392074741,-29.79538639724159],[31.01974031018289,-29.798550724748537],[31.01960569159829,-29.798813967287007],[31.019382441894312,-29.799163207462744],[31.019190049144264,-29.799539368259424],[31.01833098673001,-29.800496357979725],[31.018363624695741,-29.800849353446438],[31.018230879371981,-29.800958082847757],[31.018235439833763,-29.800959167006457],[31.017712901163456,-29.80168149790898],[31.017435773039288,-29.802178514040715],[31.017103803085426,-29.803151227362921],[31.016731499512446,-29.803267239807209],[31.016037680459892,-29.804007000258707],[31.016192030143191,-29.805150131989372],[31.015112703863203,-29.806024418078781],[31.014033303427656,-29.806360743592361],[31.013879266547104,-29.8076384063191],[31.014110704009511,-29.808579801973767],[31.014881828308987,-29.809117678709864],[31.015652985765264,-29.809790039707902],[31.015604413214529,-29.810554506217834],[31.015498884154358,-29.810462498995836],[31.014419374725691,-29.810328120656731],[31.013802532921435,-29.810395423563222],[31.012722989825171,-29.809992054032914],[31.012028939169056,-29.809117923711593],[31.011026475742849,-29.808243827520052],[31.010255441097581,-29.807974880331805],[31.009407245728404,-29.807504223784608],[31.009043231543895,-29.806988427421317],[31.009407139333874,-29.806226584163486],[31.00963838844109,-29.805486884308923],[31.009792515325756,-29.804545456278969],[31.009561152750369,-29.803873028412887],[31.009021385476938,-29.803133361175821],[31.008712945429714,-29.802662667699241],[31.008590895912729,-29.802237014030151],[31.008481580759245,-29.801855749328698],[31.008789932183856,-29.801116047414439],[31.009252498862455,-29.800645313269463],[31.009270451719924,-29.800535657109087],[31.009081805975274,-29.800636921348033],[31.008819030107471,-29.800647352738945],[31.008841696271507,-29.800302985943514],[31.00877291249417,-29.799916451787794],[31.008789074392915,-29.799740940918607],[31.008714700342622,-29.799685066689015],[31.008721604201433,-29.799610129507638],[31.00878817563466,-29.799451993298636],[31.008773270797139,-29.799290412258049],[31.008829563557178,-29.799156703792171],[31.008893092947808,-29.798972527859185],[31.00896798231938,-29.798817407661041],[31.009000914457658,-29.79872199318056],[31.009070291691977,-29.798613527382127],[31.009123113363842,-29.798573827944971],[31.009182863604977,-29.798490619008515],[31.009391644431162,-29.798258073602302],[31.009541312992567,-29.798031619754902],[31.009650580430996,-29.797897198344845],[31.009801839894202,-29.797686535215881],[31.009851097670072,-29.797612011738181],[31.010008962839553,-29.797183464436937],[31.010026526296095,-29.796783799222464],[31.009582375091586,-29.796524643018415],[31.008472378586976,-29.796132910509478],[31.008524978442932,-29.795991740578359],[31.008525193752586,-29.795991717205172],[31.009188098983511,-29.793140906797689],[31.00959887933465,-29.791850629448046],[31.009401578514236,-29.791105166794296],[31.010223258115094,-29.790015562599706],[31.01254072821154,-29.790388101579435],[31.013806327449227,-29.790760713940248]]]}},
{"type":"Feature","properties":{"sde_LDR_Mi":0.0,"CAT_NAME":null,"MAJ_CAT":null,"Id":0,"Phase":"Phase1&2","OBJECTID":152,"Shape_Area":3267270.9672099999,"BlockName":"Durban CBD"},"geometry":{"type":"Polygon","coordinates":[[[31.031602438335309,-29.848149754101115],[31.031600858261942,-29.848955335700889],[31.031883774463136,-29.849293350958114],[31.032092243092695,-29.848765467830191],[31.032788805182847,-29.848156182056325],[31.034479282989292,-29.848019722509271],[31.035200592436411,-29.847688542265733],[31.035314818117541,-29.847706286256741],[31.035480924601245,-29.849006250103582],[31.036107571246035,-29.849202747065949],[31.036356170265623,-29.849382097123321],[31.036855047979053,-29.849688712318969],[31.037055977156509,-29.849799708034489],[31.037096959345668,-29.849837793079814],[31.036338292858836,-29.850713146630991],[31.036047606041897,-29.851131516091478],[31.036316609549143,-29.851749199969916],[31.036137990243247,-29.851856298178369],[31.036285906898197,-29.852139020901802],[31.036451937052,-29.853273588867726],[31.036797919564734,-29.853712882212154],[31.036892564664729,-29.853429132727761],[31.036994724971411,-29.853306248920443],[31.037006165107865,-29.853332516354079],[31.037659106524398,-29.852952818835945],[31.03831259577623,-29.85416711989355],[31.039223687759705,-29.854091238499276],[31.039227302774894,-29.854099405219682],[31.039260478035398,-29.854816909976897],[31.039154411398822,-29.855054509325502],[31.038790214495002,-29.85510905073258],[31.038801415317646,-29.855127576983069],[31.038661279061532,-29.855153793096786],[31.038661429857623,-29.855601506993459],[31.038396507882755,-29.855759326254557],[31.038516045655719,-29.856266101395512],[31.038591950315013,-29.856556393969583],[31.038481925648966,-29.856847617668091],[31.038718951665913,-29.857113449925517],[31.038801125491609,-29.85753037553032],[31.039171713081657,-29.858322490268584],[31.039606547364013,-29.859630885502465],[31.039432174492802,-29.860185892550575],[31.039443779703326,-29.860280906586368],[31.039359665352503,-29.860390983907951],[31.039392098823399,-29.861696961125471],[31.039204002368983,-29.86202683991015],[31.038913057205104,-29.862083627767877],[31.038459508808042,-29.862254033806778],[31.037997023425202,-29.8619617882879],[31.037294246575367,-29.860737600305889],[31.037269910989561,-29.860695208483204],[31.036449001321355,-29.860651926663159],[31.03538410759769,-29.860857608130598],[31.034358988446115,-29.861049932829125],[31.033350607475811,-29.861352053971046],[31.033036457330113,-29.861266336926263],[31.032878715435416,-29.861220386276091],[31.032470954565291,-29.86184828623735],[31.032417439602394,-29.861880403095757],[31.031140936284533,-29.862018223064744],[31.030553465142805,-29.862022970158073],[31.030553183680322,-29.862022663942692],[31.030466603018187,-29.861928468915469],[31.030279855476248,-29.861696447187956],[31.029514150171707,-29.861746017915813],[31.028419238815008,-29.861816894066006],[31.026815392101483,-29.861903791497316],[31.026702076425508,-29.861860453214323],[31.026629434568537,-29.861913865210674],[31.026442323004296,-29.861924002041587],[31.025704817004119,-29.862012171954142],[31.025469180857606,-29.862038892378461],[31.023648325906624,-29.862116585994926],[31.023360670824363,-29.862167318250773],[31.022573810065605,-29.86237116171343],[31.022354599506976,-29.862313745766112],[31.022245244313762,-29.86245322009491],[31.02150841415482,-29.862596054698496],[31.020638773051513,-29.862873199039456],[31.021126868944698,-29.863181313590829],[31.021191175773119,-29.86337335715945],[31.021078000081282,-29.863642784928714],[31.020631178561754,-29.863584171786108],[31.019829375495135,-29.863610969404792],[31.019567577257426,-29.863769658679789],[31.019257158155071,-29.863957818632642],[31.018183121217849,-29.864763530420657],[31.017503799026901,-29.865222418096945],[31.017271237590197,-29.865387828705853],[31.017394157749919,-29.866031295480372],[31.017125348136332,-29.866206675383768],[31.016046595932043,-29.865985055777852],[31.015011961809968,-29.865199686675226],[31.014905639539439,-29.863627469183083],[31.014565486329012,-29.863627507150813],[31.014553996997698,-29.863001612072409],[31.014861727432315,-29.862978107362455],[31.014825620230987,-29.862444170704894],[31.014825543502408,-29.861876069412585],[31.014825439416661,-29.861101859119767],[31.014644878079167,-29.860910312471685],[31.014825386502256,-29.860708846412006],[31.014986781390807,-29.860666869725147],[31.015157683256401,-29.860219780686734],[31.01482530782275,-29.86012749734936],[31.014825220670737,-29.859481802770993],[31.015228925779677,-29.8584704521041],[31.014825066222411,-29.858338713749241],[31.014825019807503,-29.857996630936906],[31.014382133989496,-29.856797304671357],[31.014444805641716,-29.856697949190522],[31.014678455232247,-29.856697923422132],[31.014860838421455,-29.856851893049647],[31.015035735187858,-29.857031789291472],[31.015164982775893,-29.856439969546802],[31.014853571418232,-29.855462954155897],[31.014951492800282,-29.855222082503417],[31.014837091681997,-29.855241284400869],[31.014777920003176,-29.855225604073514],[31.014739701498037,-29.855105696760816],[31.0141711394749,-29.854486319226623],[31.014318124910471,-29.8540456150197],[31.014849089855492,-29.853593539172561],[31.018496438386837,-29.852937948132777],[31.018737653427102,-29.852853824791143],[31.018737610204049,-29.852622372316048],[31.019345333078046,-29.85253484667313],[31.01925081579104,-29.851953655942896],[31.019120926859291,-29.851526771603467],[31.018979154688147,-29.850657557484439],[31.019073558700139,-29.850657543882342],[31.019226980648934,-29.850734671882197],[31.019474785066379,-29.850693488949418],[31.019634011577157,-29.850281992850746],[31.019647760612898,-29.84990039378917],[31.020107589457773,-29.849600426288728],[31.021097306300884,-29.850179612843686],[31.021048436892418,-29.850974210214801],[31.020679067424126,-29.851957636661609],[31.020935161582891,-29.85195598872955],[31.02094006016809,-29.851938446222615],[31.022038524035061,-29.851555640319948],[31.022486619254735,-29.851363727064033],[31.02281911252344,-29.85080580775297],[31.022829982017054,-29.849933479650808],[31.022696972957398,-29.849154982362194],[31.022200215495015,-29.848556036967363],[31.022474159169654,-29.848165484171556],[31.022811595776769,-29.848136015369462],[31.023812829308273,-29.847680422734996],[31.024479994532783,-29.847725924609776],[31.024591963770316,-29.847766095999326],[31.024866273589758,-29.848218764071373],[31.025642549431556,-29.847805204294126],[31.026033201693341,-29.847831842367192],[31.026338080240873,-29.848363121175179],[31.026420497700588,-29.848351974344983],[31.026441796443827,-29.848314817138],[31.02643867034584,-29.848064080492037],[31.02651516845296,-29.848069399395207],[31.026521349849222,-29.848301464230701],[31.026897702006632,-29.848256042104946],[31.02688235354244,-29.848071992730922],[31.026943551112257,-29.848071980259039],[31.026952768863897,-29.84821601911187],[31.027283214046683,-29.848141263768174],[31.027292349178019,-29.847975881476064],[31.02761975267568,-29.847967810691628],[31.027622860129021,-29.848143860731447],[31.027649673106087,-29.848185715331574],[31.028243437449792,-29.848105398350512],[31.028308291979194,-29.848218403065133],[31.029584207967538,-29.848050075418897],[31.029703384355518,-29.847513896572153],[31.029807333941459,-29.847228459224191],[31.029828720508601,-29.847136672607888],[31.030413740976677,-29.84700902707781],[31.030446691511809,-29.846737507222997],[31.030642516418233,-29.846726791642897],[31.030996069573341,-29.84688196686696],[31.031602438335309,-29.848149754101115]]]}},
{"type":"Feature","properties":{"sde_LDR_Mi":0.0,"CAT_NAME":null,"MAJ_CAT":null,"Id":0,"Phase":"Phase1&2","OBJECTID":253,"Shape_Area":852895.67330899998,"BlockName":"Rossburgh"},"geometry":{"type":"Polygon","coordinates":[[[30.97420774233813,-29.909730760624821],[30.974125879389007,-29.908459750079107],[30.974108030494286,-29.908171212638862],[30.974100439236846,-29.9080484951796],[30.974146685873922,-29.907457279441683],[30.9745575449362,-29.907040707854712],[30.97410576702184,-29.906777020627057],[30.975611462498247,-29.90611006563547],[30.975655666646954,-29.906135752183818],[30.978021152980368,-29.905089773378638],[30.978094847453956,-29.905038428863808],[30.978352821929729,-29.904653295637054],[30.978470772570919,-29.904383691856836],[30.978544502059755,-29.904165437555449],[30.97860087061785,-29.903904990849398],[30.978529069543445,-29.903911234754659],[30.978610950751158,-29.903536327752658],[30.978500448284567,-29.903440015814667],[30.978419442332356,-29.903234575438173],[30.978295836871531,-29.90264456174285],[30.978287628525162,-29.902605380076775],[30.978250767310676,-29.902247453386138],[30.97822813187355,-29.902027659373779],[30.978257627963064,-29.901918531043442],[30.978316608828472,-29.901751631155335],[30.978383899080566,-29.901694357074625],[30.979613615376934,-29.900647666687949],[30.979710857068593,-29.900536354771127],[30.979871554626595,-29.900352404642785],[30.979982132000615,-29.900063539402193],[30.980026364051845,-29.899941573674848],[30.979378376068318,-29.89937497827243],[30.979545544661963,-29.899347114283287],[30.979739282206136,-29.899189472586734],[30.979943943550779,-29.899080670861803],[30.97997598559245,-29.898919533412489],[30.979963327681741,-29.898835476635579],[30.979976030203133,-29.898696413281815],[30.97996182103072,-29.898609642179913],[30.979922708659316,-29.898556955087844],[30.979805357420123,-29.898470168229807],[30.979727117309913,-29.898442266211042],[30.97968800072789,-29.898411271284367],[30.979652447088075,-29.898349287985532],[30.979652465346227,-29.898259420148428],[30.979601789817913,-29.898150617266008],[30.979551831851985,-29.898043354773712],[30.97950443877896,-29.89797921559418],[30.979435530720203,-29.897885959037797],[30.979398807068453,-29.897821935276742],[30.979389639336905,-29.897741911304596],[30.979401895897769,-29.897688564858193],[30.979401432252899,-29.89763421749975],[30.979463303042895,-29.897609224327024],[30.979524372990841,-29.897584554619705],[30.979506940374932,-29.897542320211763],[30.979545819625393,-29.897501867985383],[30.979579988670533,-29.897457488104038],[30.979622380966536,-29.89737117634424],[30.979686677645137,-29.897333842405459],[30.979742305379499,-29.897330247974121],[30.97987213798908,-29.897330267846495],[30.979968499168994,-29.897288305891831],[30.980018212370148,-29.897266657474049],[30.980156179042041,-29.897167694287059],[30.980187483638556,-29.897137029539241],[30.980496000147454,-29.896834817527992],[30.980714532998721,-29.896620748820258],[30.9807256676131,-29.896595536806483],[30.980756769354443,-29.896566808869363],[30.980794303980826,-29.896554697872432],[30.98080691467193,-29.896596518406863],[30.980888173205095,-29.896537375122247],[30.980932700155776,-29.896495682081362],[30.980982790100033,-29.896463687381637],[30.981052911895695,-29.896440423340177],[30.981160808929168,-29.896424367930344],[30.981284243343335,-29.896390127569216],[30.981425979900731,-29.896358840716051],[30.981438529287981,-29.896315132606002],[30.981486905110813,-29.896302650867145],[30.982042890256931,-29.896420663334439],[30.982266079478912,-29.896468036363608],[30.982566296348729,-29.896574130687505],[30.982839624963102,-29.895985021019687],[30.983750344040306,-29.896174078495545],[30.984054022108545,-29.895582096763686],[30.984372062384161,-29.895569538675758],[30.98416255902772,-29.896053639560499],[30.984097752335757,-29.896203387818311],[30.983639100618827,-29.896991275301595],[30.98337433575999,-29.89742687723454],[30.983065782858557,-29.897934515549061],[30.983012177690359,-29.898041724203711],[30.982724245941132,-29.898617574336683],[30.982377744325898,-29.89931055179796],[30.982267486313791,-29.899426671292094],[30.98228845477027,-29.900042994076792],[30.982301119438539,-29.900453614025114],[30.982291549117328,-29.900578401279279],[30.982224518404298,-29.901452404763713],[30.982517475136,-29.901474639491127],[30.982475952050322,-29.901841874386221],[30.982440931908048,-29.902151594384843],[30.982173446244936,-29.902140460721093],[30.982122401120293,-29.902673147582369],[30.982135504011495,-29.902792132060675],[30.982138444892115,-29.902830656462672],[30.982144242688641,-29.902906605274008],[30.982173284237238,-29.903050479195883],[30.982338806757486,-29.903427826166972],[30.982365294762996,-29.903505757858429],[30.982440655563011,-29.903727479956338],[30.982681714505492,-29.904097651826046],[30.982708076499943,-29.904138133303018],[30.983472239476921,-29.904759707138339],[30.983669309836245,-29.904894732849986],[30.985249803734536,-29.905977608026905],[30.987193786289161,-29.907301551063501],[30.987415022638679,-29.907452064015786],[30.986860114208682,-29.907734293309428],[30.986758195260904,-29.9078341631181],[30.986717068096898,-29.907850537881536],[30.986312332940926,-29.908011682045419],[30.98603215022678,-29.907589937112249],[30.98568818713246,-29.907811855799494],[30.985611764150825,-29.907767456373382],[30.984911096749499,-29.908200191403729],[30.984337825703449,-29.908510862329564],[30.983828255425689,-29.908743854140791],[30.98377455231098,-29.908762399853202],[30.983167154832568,-29.908972155122651],[30.98308938827736,-29.908999010326639],[30.9830310403553,-29.909040366473466],[30.982552979740891,-29.909379206518743],[30.981862188828288,-29.909497889933068],[30.981766146134106,-29.90952147563603],[30.981153207659215,-29.90967199620771],[30.980689659105966,-29.909695684473942],[30.979944359285724,-29.909663899490308],[30.979420461740101,-29.91033022183975],[30.976936503919454,-29.910074562075209],[30.976745244549679,-29.91020597115449],[30.976332610995261,-29.91014812142944],[30.975794722577767,-29.910038890751093],[30.974947384520735,-29.909794788030375],[30.974939996566139,-29.909871821730704],[30.974527385038613,-29.909736931255612],[30.97420774233813,-29.909730760624821]]]}},
{"type":"Feature","properties":{"sde_LDR_Mi":0.0,"CAT_NAME":null,"MAJ_CAT":null,"Id":0,"Phase":"Phase1&2","OBJECTID":170,"Shape_Area":38757342.242799997,"BlockName":"CBD Phase2"},"geometry":{"type":"MultiPolygon","coordinates":[[[[30.991521312487407,-29.796879894774474],[30.992173338332833,-29.796961177895685],[30.992639075972953,-29.796961204649442],[30.993430815368111,-29.797184664361605],[30.993314352342647,-29.797611183769163],[30.993267710289388,-29.798626717591851],[30.993290927090381,-29.799682876243985],[30.994129244331678,-29.800251616241418],[30.994874426165598,-29.800698483001376],[30.996015520165951,-29.800840697332738],[30.998746200393516,-29.80035853060604],[30.99931602485681,-29.799724459556515],[30.999915315261319,-29.799038974499453],[31.00026899101524,-29.798636250725039],[31.000553896163289,-29.798627681252309],[31.001074586663727,-29.798790481176503],[31.001781937970573,-29.798756199190713],[31.002341922316877,-29.798653367425572],[31.002617003687607,-29.798670499437776],[31.002626833380063,-29.798876145301453],[31.002450009656226,-29.799467381080063],[31.001772133272883,-29.799870115382998],[31.000485134093541,-29.800315692743229],[31.000072506187426,-29.800735554205538],[30.999925138029262,-29.801172551934833],[30.999925137512498,-29.801866607094663],[31.000642337068459,-29.802080820095913],[31.001556032906446,-29.802277889869163],[31.002400957434748,-29.802389268777326],[31.003933610447973,-29.802449212119466],[31.004385551402471,-29.802569158030245],[31.005476121250808,-29.803083232177922],[31.006301460530327,-29.804042876316291],[31.006723929451528,-29.804051424078946],[31.007215171758023,-29.804051398176028],[31.007716211288912,-29.803691489552399],[31.00820743015101,-29.803425833997895],[31.008767439904783,-29.803391523719462],[31.009561152750361,-29.803873028412863],[31.009792515325774,-29.804545456278959],[31.009638388441104,-29.805486884308923],[31.009407139333874,-29.806226584163444],[31.009043231543917,-29.806988427421317],[31.009407245728429,-29.807504223784584],[31.010255441097581,-29.807974880331805],[31.011026475742888,-29.808243827520052],[31.012028939169074,-29.809117923711572],[31.012722989825193,-29.8099920540329],[31.013802532921428,-29.810395423563183],[31.014419374725691,-29.810328120656699],[31.015498884154376,-29.810462498995836],[31.015604413214543,-29.810554506217819],[31.016423485641358,-29.810880851175881],[31.017130358625643,-29.810264224568989],[31.018367368294737,-29.809200532203977],[31.018968567874129,-29.81067499810359],[31.019534245022243,-29.811168145169741],[31.021466797678439,-29.811825484616268],[31.02204542104819,-29.812086362140121],[31.022833774814039,-29.812441792214685],[31.024247891680766,-29.813016974526828],[31.025049355376325,-29.813838873825532],[31.025803635218193,-29.814414162784288],[31.026699434285739,-29.815400443146867],[31.027029560147813,-29.816099117250477],[31.027925374852405,-29.817044286620117],[31.027925683279648,-29.818154051701423],[31.028444450606962,-29.819140398797359],[31.029010376198389,-29.820167835756109],[31.029057880946201,-29.821441999490371],[31.028747788664834,-29.824053947673587],[31.028704576191608,-29.825192538637772],[31.029494440434586,-29.825591783193836],[31.030881190697286,-29.826292710422194],[31.032840207317591,-29.827316985134122],[31.032839023260575,-29.827322844845266],[31.032709827282225,-29.827962211560685],[31.03479940173677,-29.828720749830421],[31.0374758254851,-29.828945897593162],[31.037498175401122,-29.828947777304887],[31.03745532569549,-29.830845421141888],[31.037107574351143,-29.832173883583568],[31.036847163454262,-29.834147525263415],[31.036956331686106,-29.835229170951013],[31.036695694079924,-29.836785286212738],[31.036913926414105,-29.838417175418559],[31.037088391509968,-29.839365933792202],[31.037045293171982,-29.84058041307885],[31.037241701937059,-29.842003563885044],[31.037032858033729,-29.842018380667266],[31.037272934167966,-29.843023993778925],[31.037420123106092,-29.84424832878172],[31.038426349954417,-29.844375959776031],[31.038657010096152,-29.844576909492421],[31.037315672993422,-29.845216894907502],[31.037274108206848,-29.846185443075544],[31.037215004700887,-29.846673332791283],[31.036684411394496,-29.846731302178046],[31.035470726194102,-29.8470033921134],[31.035298316603818,-29.847119080165768],[31.035152443562737,-29.847252107208305],[31.035026480426225,-29.847419821363232],[31.035179130503565,-29.847697321222419],[31.034376682829205,-29.848032893893773],[31.032844550664294,-29.848148925683788],[31.032095240646886,-29.848755506790017],[31.031856624377841,-29.849275952778644],[31.031592864716746,-29.8489464369488],[31.03160256951417,-29.848170188825158],[31.031005218737178,-29.84687369616999],[31.0306569585786,-29.846730670668659],[31.030448029009339,-29.846730719004686],[31.030423240574613,-29.847008265188492],[31.029801456850631,-29.847116821210768],[31.029607720021847,-29.848031880934261],[31.02830940406194,-29.848205628401338],[31.02824470758274,-29.848110237735479],[31.027652749047331,-29.848171074985],[31.027617904276685,-29.848088687464251],[31.027637764383748,-29.847949913096304],[31.027309447211806,-29.847967327676844],[31.027279643377543,-29.848127786895251],[31.026971237881881,-29.848197235348923],[31.026971206413918,-29.848080147989819],[31.026891608476141,-29.848062817946317],[31.026841862678705,-29.848062828066961],[31.026876705641989,-29.848140879224271],[31.026881687195289,-29.848166897624793],[31.026866788981916,-29.848262305175595],[31.026533507527855,-29.848323084526509],[31.026487198997874,-29.848315259201229],[31.026474548059142,-29.848091606576912],[31.026447789530074,-29.848088867703499],[31.026447851003773,-29.848322127675182],[31.026428971408574,-29.848353690158021],[31.026332960014653,-29.848361942043361],[31.026030616725009,-29.847835108836644],[31.025906271590316,-29.84783376117073],[31.025641835876346,-29.847809114663665],[31.024872259979151,-29.848222269248094],[31.024596700300595,-29.847768149932936],[31.024286613258898,-29.847717438971092],[31.023825427520574,-29.847680475804346],[31.023814843190348,-29.847676505382218],[31.023812829586383,-29.847680423143558],[31.022811595961649,-29.848136015507109],[31.021070183687254,-29.848288085332353],[31.020373813793249,-29.849426755497767],[31.019567253644087,-29.84995291181589],[31.01916272482044,-29.850702139256946],[31.019017308469611,-29.850656742580526],[31.019113378811429,-29.851400153243947],[31.019353885117031,-29.852520519218292],[31.018715231443199,-29.852784946896946],[31.017685317172678,-29.852918615049269],[31.014271801433896,-29.853363794507327],[31.014059248064264,-29.853697376853994],[31.014059319519379,-29.854358904888741],[31.014059320124225,-29.854364504453553],[31.014739701239932,-29.8551056963938],[31.014844360061261,-29.855434055455074],[31.014403045943268,-29.855505343952498],[31.01412550598765,-29.855587066643384],[31.014078656753632,-29.855659338272243],[31.014111104511972,-29.855706465215796],[31.014547267244239,-29.855772400451368],[31.014921034302827,-29.855674613605885],[31.014977116632775,-29.855850565824795],[31.015455625208201,-29.855806859545869],[31.015516958873391,-29.856168185457125],[31.015102606274535,-29.856244273605487],[31.015164982368024,-29.8564399694569],[31.01503386252088,-29.857040362979326],[31.014651769543296,-29.856716389926664],[31.014417948782924,-29.856870668226907],[31.014443292590443,-29.857311387038102],[31.014658232904399,-29.857696994709666],[31.014815576001382,-29.857971206163249],[31.014826438334698,-29.857990136554225],[31.014825019935543,-29.857996631191586],[31.01482531036768,-29.860146870563028],[31.015145263867449,-29.860214561057621],[31.014981002724863,-29.860660810172618],[31.014825383201611,-29.860686064320564],[31.014825388316389,-29.860723928812131],[31.014677647955683,-29.860804078681095],[31.014671355016105,-29.860991385944352],[31.01482306536214,-29.861140112441952],[31.014825444692619,-29.861141273473233],[31.014825620700016,-29.862444170489525],[31.014863241535824,-29.863000503532096],[31.014557879795071,-29.862996680209037],[31.014583254614806,-29.863635723097804],[31.014907513054396,-29.863655178181091],[31.015166488785322,-29.8674846643632],[31.013210456653788,-29.868077885828622],[31.013240776717321,-29.868162216270818],[31.012527161233457,-29.868918511743345],[31.011057495303664,-29.870476027248245],[31.009948606236517,-29.871638148142583],[31.009713639078822,-29.871884390135126],[31.008182496166981,-29.873405937774724],[31.007837093506865,-29.873965642032708],[31.007628727789402,-29.874437485977978],[31.007055728038917,-29.875963567552429],[31.006751605208759,-29.876661853267787],[31.006405688002591,-29.877456088812909],[31.004149685703918,-29.883503121458229],[31.004025765491942,-29.883496495598056],[31.002038353830002,-29.884227922416457],[31.000629415068104,-29.884258824381362],[30.997900149798379,-29.884212477590626],[30.997132709782985,-29.884272436373305],[30.997863113960804,-29.881204791250831],[30.99662562828982,-29.88060561353609],[30.996246422894487,-29.881484174740592],[30.99472213606953,-29.882108269382869],[30.994584412663354,-29.88190021487592],[30.994077878745156,-29.881520103714369],[30.994079466555043,-29.880547875003426],[30.994105399768948,-29.880019595294087],[30.993416838307635,-29.880271778623968],[30.992633322218047,-29.879908985133955],[30.989991209747043,-29.878752048332981],[30.9889607291821,-29.87763619349834],[30.988545554389795,-29.876454021352309],[30.985994304653399,-29.874007610212054],[30.985654343346308,-29.872525071225457],[30.984464113701407,-29.86993057553477],[30.982423260164996,-29.86829954233497],[30.980272668573516,-29.868285588564341],[30.980300925525992,-29.868258034921976],[30.979474520276071,-29.86819787377561],[30.979500862057321,-29.868037405165968],[30.979798498631961,-29.867497257002121],[30.980120924702813,-29.866978733200309],[30.980368931247938,-29.866611439849894],[30.980641762061122,-29.866071284832405],[30.981088102623037,-29.865639195322107],[30.981608780128493,-29.865358370905106],[30.982278189066946,-29.865142389964053],[30.982906503550808,-29.864723753588137],[30.983027009144347,-29.864875606342459],[30.98338493724297,-29.864919630813372],[30.983323512554673,-29.864493577104046],[30.983315791661798,-29.864465102342333],[30.983666678713014,-29.864256651143222],[30.983840262688627,-29.864018985159291],[30.983889924162849,-29.863608436519861],[30.983927241070131,-29.862938587583155],[30.983902488365466,-29.862744110294745],[30.98380361071256,-29.86260302898615],[30.983629866304057,-29.862355124594622],[30.983481204488495,-29.861944547453422],[30.983481257868068,-29.861682867200738],[30.983481306127164,-29.861447557798922],[30.983580535712214,-29.861123447486467],[30.983778964374647,-29.860626483416127],[30.984166346109618,-29.86006958740375],[30.983793647931453,-29.858911351466148],[30.983919739619342,-29.858307337962451],[30.984234752923459,-29.858128912851789],[30.985173801953348,-29.858135793365943],[30.985341294899623,-29.857774413599881],[30.985725657655387,-29.856650875033395],[30.98594881667545,-29.856261964060256],[30.985948865896592,-29.855918274989826],[30.985948881822516,-29.855808200170276],[30.986048098087032,-29.855397663273095],[30.986147309454445,-29.855030336837903],[30.986221737854915,-29.854619795320492],[30.986296170476571,-29.854166042546279],[30.987579571801469,-29.854147525926191],[30.986916023075523,-29.853107335127408],[30.98713915362989,-29.852761634157492],[30.987461451523785,-29.85235110891313],[30.987932474409231,-29.851940595546587],[30.988304321720463,-29.851702937674311],[30.988874485350877,-29.85133564503888],[30.989042510816446,-29.8512258123523],[30.989271119756623,-29.851076377717597],[30.989444666937938,-29.850795483341532],[30.989791724227416,-29.850536210931825],[30.990114703432987,-29.850288636908296],[30.99021317631577,-29.849996035393186],[30.990262782200887,-29.849736739468895],[30.990337180926026,-29.849434228706169],[30.990200892819079,-29.849088485641957],[30.990200905943535,-29.848982924602591],[30.990200919755114,-29.848872402495804],[30.989752129522426,-29.848674647280813],[30.989404218885593,-29.848668166880213],[30.98913770989007,-29.848887545306173],[30.988982212354607,-29.849319879616726],[30.98885635480039,-29.849468286742368],[30.988286384493385,-29.849326272670869],[30.988056931853304,-29.84913911677031],[30.988005153599673,-29.848816464913064],[30.987753531777873,-29.848332471042351],[30.987583277086252,-29.848338908087719],[30.98737596762972,-29.848687347394165],[30.98707984294715,-29.848919624717745],[30.986850368966511,-29.848919602066879],[30.986539498163559,-29.848700170668863],[30.986043618328679,-29.848132260137465],[30.985903015786086,-29.847835409768589],[30.985695792594118,-29.84754500498213],[30.985607013297194,-29.84720944220544],[30.985562640580376,-29.846925507776525],[30.985510855648233,-29.846712554908063],[30.985370233152832,-29.84657702754863],[30.985414703639261,-29.846183402774273],[30.985473945399047,-29.846015632706077],[30.985032468996121,-29.845018164499564],[30.985050046607995,-29.844804024241974],[30.98512024065764,-29.844727552793117],[30.985313287731213,-29.844421656888642],[30.984839694850947,-29.843503850747691],[30.984401101373837,-29.8432284738611],[30.9843835964266,-29.8429684418481],[30.984015202390339,-29.842601296659666],[30.983945057916497,-29.842371849944239],[30.983962642269667,-29.842127117984187],[30.984138145125797,-29.841805925662957],[30.984489178192245,-29.840964693787008],[30.984752425315872,-29.840490552017744],[30.985471822538621,-29.840108235968376],[30.986261387164689,-29.839771810955238],[30.986945648227163,-29.839664809148882],[30.987836077441781,-29.839091856515783],[30.987621522341783,-29.838336841044111],[30.98768818348557,-29.837956122996047],[30.987888054895794,-29.83771738217051],[30.988228564504542,-29.837394765232713],[30.988532086472517,-29.836878555543958],[30.988813397342263,-29.836394608015702],[30.988621024394096,-29.835820278510365],[30.987895727186125,-29.835471754396828],[30.986800377584604,-29.835039301384167],[30.986193531482108,-29.834561720522569],[30.986334233115212,-29.834000327839483],[30.986907343854082,-29.831443221567625],[30.987039062543651,-29.830330457288209],[30.986289141484502,-29.829974751696735],[30.985473419485182,-29.829756697802825],[30.98457881385162,-29.829171527818474],[30.98406578095971,-29.828551982496855],[30.983250167180444,-29.827783261945047],[30.982579236369819,-29.827335769663112],[30.982368785278283,-29.826991583636573],[30.98251356336889,-29.826693332503282],[30.982842536440867,-29.826395105246842],[30.98426360699774,-29.825557830602317],[30.98496094837251,-29.825328473021095],[30.98542151301006,-29.824777871490696],[30.985697857862167,-29.824387855682438],[30.985697897062167,-29.824112529076189],[30.986329461279464,-29.823745493767362],[30.987631988583967,-29.823470295478881],[30.988381908305165,-29.823458891606609],[30.989774072503145,-29.823006103902269],[30.990089896607007,-29.822291999393226],[30.990356365545864,-29.821732761738922],[30.99090900841307,-29.820837989024405],[30.991560333849776,-29.81967649737965],[30.991777453064209,-29.819117253474481],[30.986616768060525,-29.816859572892813],[30.984422387891161,-29.815595557542022],[30.983221784112864,-29.814476066889494],[30.981193148104783,-29.813067586940107],[30.980116782852964,-29.812164732547057],[30.980075520858179,-29.811442568780436],[30.981317821120417,-29.810612268951022],[30.982228937650021,-29.809384726425805],[30.983885532432943,-29.806676846400364],[30.984506648290189,-29.806207517873727],[30.98057388652111,-29.803643336369721],[30.987888366166359,-29.798504469842158],[30.989844570149948,-29.797753137823886],[30.990706238492123,-29.797245433070447],[30.990845986062123,-29.796961092645351],[30.991521312487407,-29.796879894774474]]],[[[31.020072290169043,-29.759690551912421],[31.020182889777391,-29.760124447364468],[31.020317893085601,-29.760091579576123],[31.022108514398187,-29.761066008685749],[31.022678028929736,-29.761659105527357],[31.022678172574597,-29.762331456838467],[31.022604954082084,-29.76371793930479],[31.022771676028398,-29.764496736951379],[31.023332690857092,-29.765397047879539],[31.023535017618322,-29.766715009149074],[31.023804618462492,-29.76736999095035],[31.023067416310692,-29.767995643915047],[31.023527228839409,-29.769492202883004],[31.023558660086259,-29.76995173436319],[31.023082227654704,-29.771110938726725],[31.023022967200287,-29.771981051934528],[31.02415090953124,-29.772155329176364],[31.024418462142062,-29.77258603500492],[31.02878296798719,-29.773617672704944],[31.028808820622046,-29.775650897450397],[31.030092238462906,-29.776733853779074],[31.031127829213123,-29.77940561055506],[31.03166617090649,-29.780199859860456],[31.031666477692291,-29.781174777029264],[31.029555868318653,-29.782547371124519],[31.028769587817219,-29.783197489152109],[31.028397405400238,-29.784461350632228],[31.028604620535422,-29.785327898533229],[31.028604897718015,-29.786302814972821],[31.02823240792284,-29.786519543123315],[31.027528699731732,-29.786519691507127],[31.02661817139003,-29.787097606157015],[31.026659977685199,-29.788650242058903],[31.026867225091202,-29.789661224122067],[31.026287861879243,-29.790347392507847],[31.026122445963765,-29.790997369156063],[31.02641251498504,-29.792116659136784],[31.024934004154229,-29.794343680804989],[31.024670078985782,-29.794224158055052],[31.024394636617934,-29.794247391988044],[31.024126519901415,-29.794343550452073],[31.024091938079838,-29.794497528693661],[31.024182432870727,-29.794601203986836],[31.024527740576119,-29.794625743933167],[31.024461478304971,-29.795103731259257],[31.023422777875737,-29.796231543811224],[31.022560063499963,-29.796329480142106],[31.020834805020399,-29.795821032886096],[31.0195820370962,-29.794498273703539],[31.019841514356166,-29.793978823682338],[31.018599863953451,-29.791958021252128],[31.017192939261843,-29.790947719989269],[31.015044930571936,-29.790771920724303],[31.014631599485313,-29.791022992675948],[31.012540728211558,-29.790388101579435],[31.010223258115101,-29.790015562599674],[31.00940157851425,-29.791105166794289],[31.008420140975744,-29.789207822324027],[31.00720927569747,-29.788639192835312],[31.005719001601999,-29.787989321568244],[31.00422876041841,-29.787664405541037],[31.003514679284937,-29.787204049299117],[31.00280059564011,-29.786418717019],[31.002521162660742,-29.785633373215411],[31.00239694639297,-29.784225162526134],[31.002427968112887,-29.783250245092489],[31.002769426725081,-29.781950349001381],[31.002986705573562,-29.780840021890747],[31.002800403441231,-29.779513055071192],[31.002520988965884,-29.778700629400511],[31.00304871931657,-29.778375645742436],[31.003048693065171,-29.77750905221184],[31.002831364187024,-29.776561220238396],[31.002365701876073,-29.77574879773254],[31.002303593682786,-29.774746799649574],[31.003203715850184,-29.77144289064713],[31.004072806584208,-29.769818002072519],[31.004941933073223,-29.76949299947351],[31.00546962499417,-29.7694929787049],[31.006804338538597,-29.76895129510709],[31.008573563652707,-29.767949192056509],[31.009815006336954,-29.766242996960838],[31.009908002854502,-29.764997259512473],[31.010714852144723,-29.763372330377607],[31.01177004204424,-29.762261915209173],[31.012009239708238,-29.762174016045201],[31.012047599207236,-29.760964593041138],[31.012752296079956,-29.76006906465085],[31.015509439563701,-29.758461253128424],[31.016028755370744,-29.75842882511115],[31.017475460914302,-29.758579683809344],[31.01866253959972,-29.758892394144183],[31.01945396629683,-29.759291462220084],[31.020072290169043,-29.759690551912421]]]]}},
{"type":"Feature","properties":{"sde_LDR_Mi":0.0,"CAT_NAME":null,"MAJ_CAT":null,"Id":0,"Phase":"Phase1&2","OBJECTID":200,"Shape_Area":18807916.831300002,"BlockName":"Chatsworth"},"geometry":{"type":"Polygon","coordinates":[[[30.858933009586746,-29.891535803538094],[30.859468196700682,-29.892084708925257],[30.859679482954338,-29.891878924991325],[30.860526472237908,-29.89105456690751],[30.860634807233506,-29.890949027897388],[30.860737324979233,-29.890849248796744],[30.860835749644984,-29.89075346875735],[30.860926949523105,-29.890664656869536],[30.861189327990306,-29.890409276698072],[30.861035623897973,-29.889974645821823],[30.861024191460714,-29.88936983720032],[30.861247557649111,-29.888853259958978],[30.861670475843741,-29.888359961185994],[30.861884130515882,-29.888385069182974],[30.861920666303298,-29.888389048215309],[30.862283037371437,-29.888427528606496],[30.862375739611995,-29.888437407602154],[30.86245239680477,-29.888445749902534],[30.862464726818015,-29.888440423361065],[30.862535869206777,-29.888410728981171],[30.862607010532184,-29.888381026440914],[30.862678192973018,-29.888351507932502],[30.862788741316155,-29.888305197569174],[30.862828871598403,-29.888300123050012],[30.862909577053966,-29.888289410628879],[30.862984956780593,-29.888279720059252],[30.863030412777761,-29.888273607340619],[30.863147389369193,-29.888292782523056],[30.863264406329378,-29.888311991928724],[30.863332572579434,-29.888323177274845],[30.863361320854708,-29.888295153811693],[30.86343921526861,-29.888219331580991],[30.863508449601007,-29.888151844684341],[30.863517097145667,-29.888143511088131],[30.863594979949024,-29.888067688738914],[30.863613671704002,-29.888049414544025],[30.863672863661201,-29.887991877162815],[30.863718942866207,-29.88794702244456],[30.863725483387391,-29.887940655723497],[30.863778091672458,-29.887889436052223],[30.863855640381761,-29.887813882905537],[30.863905815433831,-29.887765124279134],[30.863993702181077,-29.887679588328311],[30.864286100899882,-29.887394688084683],[30.86442535411269,-29.887258909456225],[30.864669411340262,-29.887291024787494],[30.865299118901518,-29.887374045296806],[30.865991737757128,-29.887778720691564],[30.866126970755204,-29.888289363764073],[30.866162785096993,-29.88842459869058],[30.866173823493597,-29.888466279592009],[30.866205329301128,-29.888585245085199],[30.866233712318543,-29.888692418717955],[30.866262091695102,-29.888799578367642],[30.866286927333196,-29.888893356777363],[30.866314331200478,-29.88899683251217],[30.866327945387138,-29.889048238969519],[30.866425827742535,-29.889147047752235],[30.866523766200004,-29.889245912899479],[30.866561149662392,-29.889251440089598],[30.866717421050335,-29.889274544882053],[30.866841857709129,-29.889292942756011],[30.866966297479006,-29.889311340965879],[30.867090865630082,-29.889329758032378],[30.867215270986581,-29.889348150906031],[30.867339596172666,-29.889366535554274],[30.867423293551688,-29.889495971699496],[30.867459954366776,-29.889551595772371],[30.867498654144281,-29.889611497884996],[30.867537355014463,-29.889671391868912],[30.867594745181695,-29.889760227208068],[30.867652126147188,-29.889849052590783],[30.867701643030362,-29.889925699672457],[30.867751161022642,-29.890002348541703],[30.867800680139684,-29.890078987471139],[30.867850203575181,-29.890155635323783],[30.867899718954678,-29.890232276126159],[30.867949236279511,-29.890308919803825],[30.868057425381622,-29.890476376089641],[30.868088409235849,-29.890524341415372],[30.868244008224874,-29.890765169551319],[30.868463340737968,-29.891305295640738],[30.868946520147912,-29.892498473027679],[30.869030621877798,-29.892705951435453],[30.869145902475907,-29.892990699528635],[30.869173485606758,-29.893058795172394],[30.8692491717675,-29.893245644303075],[30.869372911091013,-29.893551122414863],[30.869414913966654,-29.893654815433841],[30.869456942958053,-29.893758572699312],[30.869498963996737,-29.89386231010608],[30.869540966509891,-29.893966001553331],[30.869582979685006,-29.894069719096258],[30.869624989698153,-29.894173428607896],[30.869667001820794,-29.894277143101853],[30.869709012080758,-29.894380852772169],[30.869751025603676,-29.894484570272532],[30.869793035958878,-29.894588279727746],[30.869835049653069,-29.894691997206653],[30.86984741414981,-29.894722520886653],[30.870000081184745,-29.89482641741116],[30.870026545035188,-29.894844354966828],[30.870174749094272,-29.894944809464747],[30.87028682655982,-29.895020776677161],[30.870398913586392,-29.895096750159166],[30.87051132726311,-29.895172944835419],[30.87061095652524,-29.895240473980042],[30.870710597248227,-29.895308010726193],[30.870810218917462,-29.895375534391047],[30.870909853607927,-29.895443066715028],[30.871009483071191,-29.89551059532932],[30.871109111527229,-29.895578123094253],[30.871208743928872,-29.895645653366856],[30.871308378396801,-29.895713184873308],[30.871408009342368,-29.895780713825612],[30.871507634492314,-29.895848238683083],[30.871607271170461,-29.895915771187543],[30.871706906195755,-29.895983302405103],[30.871846385290247,-29.896077839091806],[30.872104935947117,-29.89625307970422],[30.872353964228857,-29.896421865174638],[30.872466052937661,-29.89649783590648],[30.872944770773906,-29.896822295690292],[30.87299825597988,-29.896858541111193],[30.873023653035286,-29.896875751965034],[30.873145208046552,-29.896958126149482],[30.873316921423537,-29.897074490730883],[30.873525852515133,-29.897216075881737],[30.87383686133089,-29.897426834109051],[30.874152590231663,-29.897640789288076],[30.874415368479838,-29.89781886093148],[30.874415694748173,-29.897819082026473],[30.87479307849965,-29.898074814043305],[30.874793341050797,-29.898074991958794],[30.875056696720698,-29.898253452057705],[30.875056844284835,-29.898253552052626],[30.87526338905586,-29.898393514049978],[30.875388169658766,-29.898478069425789],[30.875544108731123,-29.898583751887756],[30.875626048106266,-29.898639283379971],[30.876058378024641,-29.898931880233164],[30.876417903707726,-29.899175930608937],[30.87734147952003,-29.899801814150461],[30.878593463941307,-29.900650507232843],[30.878643018090401,-29.900684201632796],[30.878703977041937,-29.900765730534417],[30.879047632829312,-29.901093605651354],[30.8789206757763,-29.901276884678254],[30.878778367170632,-29.901482340972361],[30.879104970415082,-29.902634994826812],[30.879203760612231,-29.902793496322044],[30.879297447103117,-29.902944777950868],[30.879478591790431,-29.902872765496312],[30.879701390421822,-29.902843285948631],[30.879887189133338,-29.902846947700645],[30.880099729488617,-29.902882780926699],[30.880336220584521,-29.902846218843628],[30.880567433432407,-29.902820418990469],[30.88082231471471,-29.902795339632448],[30.881057155836409,-29.902800018019224],[30.881329625783408,-29.902793525424013],[30.881573718452511,-29.902775768854838],[30.881719880706264,-29.902809194406384],[30.881857246890437,-29.902904007956785],[30.882154628494284,-29.902940169688332],[30.882411568558823,-29.902946723144758],[30.882642383366093,-29.902998141928457],[30.882875402101874,-29.902999852863726],[30.883061083793631,-29.902998287553675],[30.883177890233942,-29.902999477982082],[30.883244128338465,-29.903000152997709],[30.883358161805837,-29.9029203646631],[30.883458574409783,-29.902810085615446],[30.883623778307882,-29.902786948115079],[30.883766605735168,-29.902780563102638],[30.883824201234393,-29.902784939406654],[30.883953241832305,-29.902764921640809],[30.88409148114031,-29.902686180368672],[30.884221790557994,-29.902593973185795],[30.884391968884366,-29.902544767588374],[30.884577697006137,-29.902552268985737],[30.884750754673178,-29.902581860273369],[30.884856454243611,-29.902634202892752],[30.885022353172999,-29.902632229268267],[30.885108179761886,-29.902538300284707],[30.885146660811166,-29.90244314037092],[30.885146967233425,-29.902364988200141],[30.885135120831137,-29.902270433230271],[30.885114595773615,-29.902174096145924],[30.884985219277802,-29.902070663101203],[30.884858935217938,-29.901991306048387],[30.884646028680653,-29.901950524852602],[30.884457320352862,-29.901907274157363],[30.884269252688558,-29.901819770321808],[30.884106986136974,-29.901721086082585],[30.883971215080528,-29.901643777152422],[30.883862990613924,-29.901596329737426],[30.883768076399672,-29.901543531186167],[30.883741377475438,-29.901521047607002],[30.883694647712087,-29.901470771246384],[30.883589426194405,-29.901399776015893],[30.883479623602771,-29.901287561375028],[30.883372125078584,-29.901148302795715],[30.883264553420712,-29.900977649091988],[30.883188337479247,-29.90081768461221],[30.883094993629737,-29.900646967730694],[30.883069359698826,-29.90050017081299],[30.883158789760817,-29.900374040529421],[30.883227725196331,-29.900263537726666],[30.88326052763977,-29.900205477999684],[30.883295835909383,-29.900142982946512],[30.883370603962405,-29.90005726520879],[30.883467912943846,-29.900038854654795],[30.883627111196738,-29.900035223095131],[30.883727913081945,-29.900035526012157],[30.88376986894259,-29.900036504727446],[30.883850319386575,-29.900028866968952],[30.883940208644994,-29.900052431396201],[30.884030554083832,-29.90010166813294],[30.884127266354096,-29.900129830240907],[30.884260500925564,-29.900171133469204],[30.884408101715785,-29.900250748036488],[30.88452161595638,-29.900291549733851],[30.884554662181255,-29.900298172882362],[30.884638322279358,-29.900314940056088],[30.884770303903743,-29.900330331473704],[30.884920767158398,-29.900421875370206],[30.885044475497946,-29.900485852338964],[30.885188165619681,-29.900549186573386],[30.88534212708845,-29.900607950658426],[30.885495995158607,-29.900597713076962],[30.885640249844005,-29.900543430993835],[30.885807876180735,-29.900499747411526],[30.885916027492513,-29.900475426885116],[30.886058646130831,-29.900442924003972],[30.886231282485031,-29.90039649109827],[30.886444658972291,-29.900358850341611],[30.886592794159732,-29.900331166098944],[30.886754190251551,-29.900360595621606],[30.886863226560688,-29.900399097449839],[30.886978045690686,-29.900437375934271],[30.887152220209206,-29.900507186163132],[30.887318396170283,-29.900616869651003],[30.887442413585767,-29.900685788943843],[30.887510084528529,-29.900723394426898],[30.887679152705886,-29.900831249369077],[30.887803337444158,-29.900908069485755],[30.887983252321362,-29.900890766070745],[30.888074290275586,-29.900773776061015],[30.888197274679619,-29.900708209178443],[30.888312980113952,-29.900612365279809],[30.88841477280549,-29.900506864176371],[30.888553872739507,-29.900416333391703],[30.888654573935344,-29.900327559524005],[30.888760893512007,-29.900301394484234],[30.88890863985073,-29.900408293449196],[30.889000264220581,-29.900463042454842],[30.889067987659764,-29.900601197689635],[30.889123544408598,-29.900765016286176],[30.889204985249567,-29.900886005597791],[30.889196798725223,-29.900994212143114],[30.889140469485007,-29.901108745792328],[30.889141962866308,-29.901233939815437],[30.889158344661901,-29.901396532052953],[30.889227383951603,-29.901533776824881],[30.889312727662684,-29.901671055290759],[30.889466205511361,-29.901797917200749],[30.88953310228948,-29.901949147210924],[30.889639844654759,-29.9020506963423],[30.889778128168931,-29.90215597696433],[30.88991592390968,-29.902247044513214],[30.89004297552767,-29.902325478935989],[30.890117283443665,-29.902369276115198],[30.890188423058362,-29.902400305900983],[30.89026953701531,-29.902464058639467],[30.890375418108249,-29.902531976378654],[30.890481964560436,-29.902588428927729],[30.890505938825463,-29.902694565647007],[30.890502952157274,-29.9028130619762],[30.890564846773273,-29.902898963957412],[30.890666005964576,-29.902967149114314],[30.890809180687512,-29.903029734848843],[30.890969921971916,-29.903086914397271],[30.891119917552256,-29.903147384676078],[30.891287426654959,-29.903171973923428],[30.89142104876094,-29.90314961835049],[30.891589918805664,-29.903152427132195],[30.891715101418985,-29.903177578760666],[30.891783096555642,-29.903191028636609],[30.892727547594472,-29.901839941449044],[30.892781082105611,-29.901763355938758],[30.892931785578678,-29.90154776132993],[30.893067699994035,-29.901353503381827],[30.893166225848848,-29.901212682139267],[30.893176692481891,-29.901197718358031],[30.893214317576138,-29.901143927025274],[30.893264813269486,-29.901071748496857],[30.893363326316432,-29.900930920581875],[30.893432306959308,-29.900832208089099],[30.893447450036543,-29.900810482503154],[30.893457920402042,-29.900795513452245],[30.893479887535989,-29.900764130861432],[30.893603390908194,-29.90058769157578],[30.893626545772662,-29.900554612009596],[30.893732821771636,-29.900402601405585],[30.893807223965606,-29.900296376230049],[30.895444706409151,-29.897955414745027],[30.89550925318931,-29.897863145817855],[30.895658214568922,-29.89765020635345],[30.895676358101195,-29.897624346205831],[30.895937758969385,-29.897250723459891],[30.896072341450072,-29.897058160664479],[30.896469425420548,-29.896490437116867],[30.896618336856953,-29.896277581887162],[30.896738236413015,-29.896106195690695],[30.896766702893181,-29.896065505180378],[30.896793260476937,-29.89602754324601],[30.896958507664635,-29.896106476116181],[30.897212306692616,-29.896273690268568],[30.897389487211843,-29.896390739574354],[30.897453624785957,-29.896431956262195],[30.897680453376033,-29.89659398105713],[30.897846145009655,-29.896724383021571],[30.898009632655445,-29.896837933529824],[30.898177506168729,-29.896962707645823],[30.898351569191899,-29.897099692757521],[30.898552144785075,-29.897220307915585],[30.898760114808564,-29.897331265164564],[30.898983667226204,-29.897399645792653],[30.899172008519447,-29.897487919113942],[30.899458902130824,-29.897579191042745],[30.899732639281257,-29.897572535082695],[30.899961362726504,-29.897518099230449],[30.9002198079395,-29.897451891645243],[30.900338351836929,-29.897451205664353],[30.900362611007409,-29.897451064546768],[30.900576897583171,-29.897553490873079],[30.900705110446925,-29.897586991805934],[30.900865085937721,-29.897580979346866],[30.901069108457573,-29.897572366924535],[30.901203647889457,-29.897581509037021],[30.90179036847919,-29.897753740313171],[30.901912310053291,-29.897784988876786],[30.902165620740892,-29.897813524957332],[30.902186568581346,-29.897813548668807],[30.902822069777354,-29.897814266430032],[30.903034549188174,-29.897869009921919],[30.903169927596462,-29.897903889281398],[30.903476976813355,-29.898067820630086],[30.903672061495939,-29.898124472616981],[30.904027097965034,-29.898107846159576],[30.904121433488569,-29.898105778484965],[30.904323073225701,-29.898173341672855],[30.90451885884027,-29.898298263188124],[30.904618622576159,-29.898324398876142],[30.904682196338154,-29.898276929813743],[30.904736798711422,-29.898259569968047],[30.904943887411481,-29.898151503080353],[30.905145249699004,-29.898057977210325],[30.905349281858221,-29.898005431903552],[30.905569777353417,-29.8980097694919],[30.905791379034273,-29.898000646335934],[30.905989158424827,-29.897916406458936],[30.906217284637457,-29.897810141638704],[30.906455038345538,-29.897724314165547],[30.906649335518239,-29.897653531086462],[30.906806675543411,-29.897622665511403],[30.907008223475149,-29.897572038272241],[30.907053080819288,-29.897564176883137],[30.907152565283511,-29.897586701169075],[30.907183942727244,-29.89758960213954],[30.907356130935284,-29.897633214193146],[30.907517518081082,-29.897691777026292],[30.907686003895222,-29.897709143847216],[30.907871833500018,-29.897745765480749],[30.908109750247363,-29.897741287717896],[30.908321125406435,-29.897684919928828],[30.908524272814848,-29.897604668261469],[30.908620976892529,-29.897576623913736],[30.908709690338238,-29.897561830301985],[30.908889188803027,-29.897572772221789],[30.909073168940164,-29.897619018118849],[30.909270493564303,-29.89765196433321],[30.909463449374247,-29.897708443082397],[30.909647827076835,-29.897808543996195],[30.909782275276321,-29.897873856546902],[30.909894379396597,-29.897928313836275],[30.910160103656345,-29.897982181595623],[30.910313571122206,-29.897992255635153],[30.910502698144672,-29.89801592164001],[30.910819741457516,-29.897993505433561],[30.91094149670197,-29.897973302288509],[30.91111668797361,-29.898251816816405],[30.911186606827386,-29.89836297864608],[30.911309350868326,-29.898558086662643],[30.911236676502561,-29.898606219325345],[30.911321317315913,-29.898664461063486],[30.911452698853491,-29.898785705113148],[30.911871425888872,-29.899450210240655],[30.911913411071183,-29.899516268249069],[30.912293063762178,-29.900121797306529],[30.912376080465243,-29.900249556179922],[30.9124884676637,-29.900427797625685],[30.912608196308721,-29.900617500643008],[30.912712743374421,-29.900783257197574],[30.912712931790931,-29.900783559052016],[30.912782102334493,-29.900894374231267],[30.912945606970581,-29.901154659930295],[30.913047199213263,-29.90131647354459],[30.91321385254178,-29.901581813699163],[30.913365438020453,-29.901823182785101],[30.913390987911473,-29.901863831520192],[30.913538015420265,-29.902098115842772],[30.913546055244009,-29.902113502980125],[30.913719900101544,-29.902387088892809],[30.9137691028826,-29.902464522145234],[30.913799233652302,-29.902515919709369],[30.91390389058531,-29.902682292111464],[30.914034344446701,-29.902889646074566],[30.91412894370853,-29.903039999277755],[30.914203444275248,-29.903158465794252],[30.914223529776919,-29.903190385779645],[30.914318139027515,-29.903340648637958],[30.914332596639614,-29.903363640751444],[30.914407342738158,-29.903482510171951],[30.914462970874389,-29.903570858005978],[30.914496569696777,-29.90362433762516],[30.914585792530612,-29.903766153191739],[30.914593906250818,-29.903779048711669],[30.914675036306907,-29.903908005692518],[30.914723931921564,-29.903985667207269],[30.914764259669454,-29.904049822031823],[30.914855271066326,-29.904194497348179],[30.914940497991942,-29.904326999409466],[30.915036832509223,-29.90448309060849],[30.91513274594335,-29.904635546875955],[30.915228682443789,-29.904788028341077],[30.91530372655291,-29.904907312125438],[30.915324606835565,-29.904940501602642],[30.915406883345,-29.905071271713314],[30.915420543953548,-29.905092983817564],[30.915510037694464,-29.905235230718212],[30.915516478274515,-29.905245467757464],[30.915612397409799,-29.905397912818234],[30.915708332359991,-29.905550393893108],[30.915804270726344,-29.90570287579585],[30.915886434019257,-29.905833429351635],[30.915979590303596,-29.905979131795348],[30.916094059646174,-29.906163435467022],[30.916151654628521,-29.906252761201291],[30.916192468579975,-29.906319841897094],[30.916273499573055,-29.906446629963519],[30.916290835425251,-29.906476212130467],[30.91638116140156,-29.906617838516503],[30.916389290546221,-29.906632667132616],[30.91648769944997,-29.906789073304584],[30.916557158128537,-29.90689947059996],[30.916586123163185,-29.906945508265974],[30.916622316793806,-29.90700123556099],[30.916733744905073,-29.907180121293187],[30.916894345967062,-29.907435438041404],[30.916894551834488,-29.907435765155562],[30.916909681258506,-29.907459805127182],[30.917008219063948,-29.907616401994304],[30.917091731213276,-29.907749127044163],[30.917181160765999,-29.907889731910124],[30.917297917916482,-29.908075568448584],[30.917410986286811,-29.908255112137809],[30.917421491423788,-29.908272035065693],[30.917476091436392,-29.908358852140022],[30.917486843139862,-29.908375653433989],[30.917602106454456,-29.90855892128036],[30.917625828416778,-29.908596922097857],[30.917715857381523,-29.908739774904557],[30.917829621231871,-29.908920616672521],[30.917943373149544,-29.909101459194915],[30.918029613794399,-29.909238977272572],[30.91805710409535,-29.909282319934128],[30.918170863790856,-29.909463166803064],[30.918181330908649,-29.909480169016415],[30.918235932706175,-29.90956707590427],[30.918246730409056,-29.909583786937681],[30.918387650034113,-29.909808294308093],[30.918474030367395,-29.909945638577579],[30.918550504974448,-29.910067236660883],[30.918551016379023,-29.910068013974719],[30.91855764302564,-29.910078086203171],[30.918627006342632,-29.91018883156007],[30.918703481273344,-29.910310429372167],[30.918867442972925,-29.910570560424002],[30.918964601420797,-29.910725556663511],[30.919125284667359,-29.910980465461702],[30.919396587516641,-29.911411780236492],[30.919719896577035,-29.911925768400003],[30.919683194012404,-29.911942485301033],[30.920001728235686,-29.912449025886268],[30.920038444790194,-29.912432133728931],[30.920114284712806,-29.912552699591135],[30.920434322862675,-29.913061477753111],[30.920755889017087,-29.913572661165425],[30.920783065028306,-29.913615865079613],[30.920831725777415,-29.913693224920387],[30.921004776679919,-29.913968357127544],[30.921094406641942,-29.91411110019763],[30.921049032805122,-29.91413281377508],[30.921395167984052,-29.914683407199931],[30.921442972397141,-29.914664982554836],[30.921481790016216,-29.914726685315774],[30.921505809480493,-29.914764865543916],[30.921518823166764,-29.914785551482996],[30.92153093207418,-29.914805187091321],[30.921637970203584,-29.914975263960905],[30.921791835376979,-29.915219589524014],[30.921807246859139,-29.915244224773762],[30.92188739531278,-29.915371489397025],[30.921939179850316,-29.915453855714585],[30.92203301132281,-29.915602975770014],[30.922063646709066,-29.915651620847488],[30.922188102912759,-29.915849393821372],[30.922235041301551,-29.915924031491102],[30.922397069218288,-29.916181674330272],[30.922534692213024,-29.91640012641491],[30.922732978927492,-29.916714161522801],[30.921810097431393,-29.916612556982823],[30.921141324951577,-29.916379767277746],[30.920328167523081,-29.916159922507347],[30.919663830277955,-29.915980308234143],[30.918909195134137,-29.91577388838002],[30.918276108535608,-29.915598212860367],[30.918210771438748,-29.91559167666577],[30.918007958111126,-29.91553327297186],[30.917669324490987,-29.915424626029761],[30.917087775756801,-29.91516814896617],[30.916902194114645,-29.915061852756914],[30.916568120179836,-29.914850271043278],[30.91403303110658,-29.913079594411101],[30.91387190231136,-29.913326523215826],[30.913546941711434,-29.913827413927635],[30.912874596763054,-29.914858480810057],[30.912589255811866,-29.915612125328416],[30.91260943884145,-29.915623325010035],[30.912687703131354,-29.915670674996697],[30.912733789628877,-29.9157011700425],[30.912766567913376,-29.91563864113213],[30.912799334768064,-29.915576111303082],[30.912832112974645,-29.915513580570686],[30.912864891132632,-29.915451059752527],[30.912897669257898,-29.915388530806545],[30.912930447344067,-29.915326000949619],[30.912963225391049,-29.915263470181735],[30.912996003396419,-29.915200941209203],[30.913028781363344,-29.915138410423662],[30.913061559288558,-29.91507588143357],[30.913094337174407,-29.915013351532526],[30.913127115020821,-29.914950820720669],[30.913356788716062,-29.915042186843049],[30.913324010984383,-29.915104707795635],[30.913291233204614,-29.9151672377604],[30.913258454341353,-29.915229776736624],[30.913225676482284,-29.915292305781502],[30.913192898590442,-29.915354826698561],[30.913160120649902,-29.915417357529794],[30.913127342670304,-29.915479887449944],[30.913094564651651,-29.915542416459072],[30.913061787627182,-29.915604947264086],[30.913029009524809,-29.915667476257688],[30.912996231385335,-29.915730007044072],[30.912963453206977,-29.915792536919302],[30.912907740559433,-29.915898847616511],[30.912896355389417,-29.915918117023601],[30.912876543858854,-29.915951644832155],[30.912839789771002,-29.916001660728949],[30.91267676623821,-29.916151957907754],[30.912538162867644,-29.916264375773746],[30.912399559199876,-29.91637679258076],[30.912356062001837,-29.9163700506409],[30.912282610651978,-29.916358679582743],[30.912182525311639,-29.916288961340655],[30.912170466446113,-29.916492449676287],[30.912239258293585,-29.916549960240847],[30.912303117323564,-29.916611625228388],[30.912361734185509,-29.916677130505366],[30.91241479642219,-29.916746159229607],[30.91246201443419,-29.91681830616815],[30.9125031731182,-29.916893234697582],[30.912538043957831,-29.91697055045033],[30.912574078857983,-29.917075840307223],[30.912598526317787,-29.917183116896208],[30.912611270490061,-29.917292189801273],[30.912612053538222,-29.917401831990745],[30.912574191384699,-29.91809704950418],[30.912570920247337,-29.918165734357288],[30.912567649107455,-29.91823441740544],[30.912564377969868,-29.918303093236037],[30.9125610954306,-29.918371776274999],[30.912557824285649,-29.918440451201963],[30.912554553127819,-29.918509136051245],[30.912551281966717,-29.918577819997605],[30.912548001489483,-29.918646494915841],[30.912544729285539,-29.918715177957679],[30.912541458119549,-29.91878385378255],[30.912538187978672,-29.918852536823991],[30.912534906440971,-29.918921221661066],[30.91253163526375,-29.918989896581063],[30.912523794311994,-29.919154074094124],[30.912278039063661,-29.919008236365247],[30.911646119179576,-29.91863325388999],[30.911468748864248,-29.918557787403323],[30.91132129332485,-29.918954649032546],[30.91110296290821,-29.919255116352293],[30.910999960360559,-29.919396830125216],[30.910918753434405,-29.919508535898647],[30.910856272086725,-29.919594490433283],[30.910793791671736,-29.919680444936798],[30.910731320474859,-29.91976639851281],[30.910668837790226,-29.919852344832421],[30.910606357067252,-29.919938298338497],[30.910566882439518,-29.919992507347061],[30.910543885560664,-29.920024252721355],[30.910481402558879,-29.920110207966729],[30.910465062550173,-29.920132587779595],[30.910418920499424,-29.920196152355867],[30.910364060500942,-29.920271523022858],[30.910356448682883,-29.920282107545702],[30.910293967443859,-29.920368061795283],[30.910262229687476,-29.920411628539391],[30.910231484038682,-29.920454006990767],[30.910169002593321,-29.920539961176981],[30.910160926400088,-29.920550978375331],[30.910106530365002,-29.920625915338007],[30.910059807396696,-29.920690085590426],[30.910044046642899,-29.920711868557408],[30.909958496348086,-29.920829485052149],[30.909944444383022,-29.920848915618219],[30.909881962627633,-29.920934869709203],[30.90985691980676,-29.92096921521793],[30.909819478696342,-29.921020824669501],[30.909755068200173,-29.921109339328741],[30.90969452295894,-29.921192723679535],[30.90965315101738,-29.921249526458055],[30.909632040787777,-29.92127867764518],[30.909569556441369,-29.921364631578044],[30.909551992532371,-29.921388706384167],[30.909507083383197,-29.921450584585433],[30.90945079128371,-29.921527920478425],[30.909444600907179,-29.921536530338152],[30.90938211624913,-29.921622483274945],[30.909349100341093,-29.921667810725612],[30.90931964287757,-29.921708437090381],[30.909257159054029,-29.921794381846247],[30.909247578141237,-29.921807464657071],[30.909194676153508,-29.921880335592519],[30.909145517500814,-29.921947869580478],[30.909132202468122,-29.921966290216051],[30.909069717296664,-29.922052233974981],[30.909044004024793,-29.922087571163811],[30.909007234081951,-29.9221381885292],[30.908944760083966,-29.922224142156505],[30.908882274589772,-29.922310095744386],[30.908875142720987,-29.92231986862727],[30.908819790034844,-29.922396040280592],[30.908739679380282,-29.922506195116942],[30.908731320799493,-29.922517646856097],[30.908654466132401,-29.922623408626862],[30.908596148490773,-29.922703599751419],[30.908587334596373,-29.922715754800841],[30.908452255120494,-29.92290154612752],[30.908443553902771,-29.922981060376326],[30.908433089487005,-29.923076866262104],[30.908424117612601,-29.923158978370161],[30.908404637377508,-29.923337310382689],[30.908380720164196,-29.923556278982911],[30.908360394740971,-29.923742413554386],[30.908346031583676,-29.923872331472193],[30.908338092712924,-29.923945937449897],[30.908314826793941,-29.92415913479314],[30.908416623074835,-29.924196346158485],[30.908437942109845,-29.92423361802209],[30.908459264241444,-29.924270917849061],[30.908388170290046,-29.924514218904985],[30.908427095127152,-29.924708116277088],[30.908467763330329,-29.924910703898533],[30.908440624841088,-29.924975251424087],[30.908395692371808,-29.925082109888013],[30.908222601561807,-29.92520195920256],[30.908181278567497,-29.925381807455782],[30.907993373145874,-29.926315955788169],[30.907905337193181,-29.926753718140553],[30.907842177551352,-29.927067663432677],[30.907787708625765,-29.92733843752956],[30.907731971039738,-29.927615553347803],[30.907673893137584,-29.927904262156478],[30.907632523194483,-29.928109902854764],[30.907594344310599,-29.928299667905591],[30.907561641477528,-29.928462179836298],[30.907520691414373,-29.928665791017863],[30.907479784981778,-29.928869094581906],[30.907439205033686,-29.929070866577817],[30.907398033990795,-29.929275505897952],[30.907363782858859,-29.929445787921999],[30.90736272466745,-29.929451049123184],[30.907327212715703,-29.929627609993833],[30.907298527561299,-29.929770219748939],[30.907267028768732,-29.92992679109409],[30.907241598242869,-29.930053212242512],[30.907212962823301,-29.93019555947636],[30.907162315687778,-29.930447471796715],[30.907089067672707,-29.930811788528356],[30.907056731590544,-29.93097262157081],[30.907012334909624,-29.93119286187213],[30.906959705789426,-29.931454484577607],[30.906923337250646,-29.931635286230804],[30.906887263094653,-29.931814607720789],[30.906853080609515,-29.931984491870654],[30.906820663974109,-29.932145475527399],[30.906787969648374,-29.932307978313712],[30.906755275270047,-29.932470476583713],[30.906722755599116,-29.932632163082491],[30.906690709395605,-29.932791432284397],[30.906658473725333,-29.932951685539507],[30.906626461768212,-29.933110793283305],[30.906594078292976,-29.933271748262438],[30.906568470945949,-29.93339904528176],[30.906542872912738,-29.933526333286547],[30.906517265549272,-29.933653616774411],[30.906479482447935,-29.933841445092959],[30.906456508770805,-29.933955614819251],[30.906445695178736,-29.934009355173547],[30.906413521770233,-29.934169312587226],[30.90637776884833,-29.934347028015516],[30.906345309212234,-29.934508523321949],[30.906327694135747,-29.934596450263804],[30.906305562442586,-29.934706328418557],[30.906272449439903,-29.934871062729908],[30.905929511225473,-29.936575891958515],[30.905618451346225,-29.936380883259925],[30.905322407443315,-29.936195284947114],[30.90502578320072,-29.936009313134111],[30.904771565599503,-29.935849924423405],[30.90451609174761,-29.935689759465241],[30.904286108274235,-29.935545568372017],[30.903837124945188,-29.935264067262501],[30.903601767998548,-29.935116500846444],[30.903447961301211,-29.935020067248267],[30.903177942169656,-29.934850768850787],[30.902949191772926,-29.934707353229999],[30.902777788933484,-29.934599882046729],[30.902590839356236,-29.93448266079476],[30.902412494024599,-29.934370844835051],[30.902237166473515,-29.934260917209411],[30.902056667037293,-29.934147737889983],[30.90194440477573,-29.934077857541251],[30.901869618029384,-29.934030460544435],[30.901744704717153,-29.933952134012436],[30.901638907574263,-29.933885794540828],[30.901313652544772,-29.933681864022617],[30.900637343474397,-29.933258010981664],[30.900302435814524,-29.933048021129714],[30.900077339900783,-29.932906882173135],[30.899119399611347,-29.932306208087869],[30.898723903059565,-29.932058163741452],[30.898525832486001,-29.932150674655286],[30.89832034268731,-29.932140906610964],[30.897688906746119,-29.931813357125829],[30.897265438809061,-29.931763420097639],[30.897112968289033,-29.931814681289314],[30.896710021214027,-29.932099432530361],[30.896417112123146,-29.932131967277854],[30.896337459254973,-29.932100167878943],[30.896373260016702,-29.93187256225125],[30.896468669986742,-29.931267780007097],[30.896522396801796,-29.930927279999835],[30.896530988999451,-29.930872801760021],[30.896558210619538,-29.930700177580821],[30.896636149315338,-29.930191401500608],[30.896502562797938,-29.93012569443168],[30.896433840083716,-29.930091892103452],[30.896365125703671,-29.930058088844078],[30.896296412405167,-29.930024287354019],[30.896227689835133,-29.929990484016677],[30.896123243297193,-29.929939108044895],[30.896016892183191,-29.929886809422264],[30.895975757889076,-29.929784541418446],[30.89593815946786,-29.929691118435208],[30.895900591218389,-29.929597693762332],[30.89588431839498,-29.929530095275901],[30.89586811982111,-29.929462820700525],[30.895851930588311,-29.929395547933915],[30.895835731032065,-29.929328264330962],[30.89581954184305,-29.929260991558571],[30.895803341285408,-29.929193716969966],[30.895787152149669,-29.929126435170815],[30.895770953707153,-29.929059160578085],[30.895754764605698,-29.928991887794126],[30.895738564144231,-29.928924605075018],[30.895722375087512,-29.928857331383163],[30.895706176732581,-29.928790056778805],[30.89568997737247,-29.928722774051813],[30.895673788380488,-29.928655501253328],[30.895657588018999,-29.928588227540676],[30.895641399081317,-29.928520944813247],[30.895625200835873,-29.928453670194369],[30.89560901193148,-29.928386397384266],[30.895592811668056,-29.928319113736816],[30.895576622807425,-29.928251840920886],[30.895560423613929,-29.928184566289449],[30.895544245163251,-29.928117284454999],[30.894687938364054,-29.927698614105029],[30.893863590826612,-29.927401256541359],[30.893200458277821,-29.927228949200313],[30.892411737816072,-29.927150229811765],[30.892135068770564,-29.927141690178836],[30.892023084143556,-29.927166604303345],[30.891941975716502,-29.927184650159514],[30.891779448938188,-29.927195403233476],[30.891703654191438,-29.927200418903517],[30.890869965786283,-29.927164578561989],[30.890045408857002,-29.927070199484035],[30.889185103395047,-29.926882092107483],[30.88839647531826,-29.926725270641843],[30.88778705187006,-29.926631059672683],[30.887402626561272,-29.926613825817544],[30.886584554335311,-29.926625203058794],[30.885581925110333,-29.926691627064297],[30.884613743250021,-29.926784477018078],[30.883788905590045,-29.926939908544487],[30.882910173433249,-29.927188981047443],[30.881690705332641,-29.927531435747593],[30.880758069161779,-29.927874138862432],[30.880309657309571,-29.928061119905202],[30.879976833187246,-29.928406793739025],[30.879306561589061,-29.928989473671521],[30.878280428658361,-29.929146027019424],[30.877491963424099,-29.929043622890653],[30.877481039855159,-29.928517004129489],[30.877393001455534,-29.928506303687325],[30.877304919563315,-29.92849561126695],[30.877216880158009,-29.928484911613516],[30.877128800378266,-29.928474210963831],[30.87704075995925,-29.928463518414013],[30.876952689518923,-29.928452827584017],[30.876871278840071,-29.928426039581787],[30.876789866141348,-29.928399242508874],[30.876708423448431,-29.928372445359887],[30.876634589835021,-29.928348154175755],[30.876560767646897,-29.928323862963254],[30.876486944455959,-29.92829957171071],[30.876413120262143,-29.92827528041807],[30.876339298183733,-29.928250980067407],[30.876265474055369,-29.928226688696789],[30.876191650995331,-29.928202397288256],[30.876117829003558,-29.928178105841745],[30.876044004972933,-29.928153814354477],[30.875970183046125,-29.92812952283035],[30.875896359080386,-29.928105231265455],[30.875822536182653,-29.928080939662852],[30.875748714388031,-29.928056620057429],[30.875849102517108,-29.927825119199628],[30.875819608630028,-29.927815420628537],[30.875719177977395,-29.928046922327283],[30.875574158160767,-29.928381292167433],[30.875451085390885,-29.928365628929676],[30.873762504061073,-29.928150709296432],[30.873397762171308,-29.927771211977817],[30.873343264060935,-29.926842130626845],[30.873521120831203,-29.926386570923018],[30.873612589195467,-29.926152283340485],[30.873002896439989,-29.925971705484457],[30.872823761362895,-29.925923522551425],[30.872641765857917,-29.925884248488892],[30.87252995264582,-29.925863021452294],[30.872469448337284,-29.926104816181873],[30.872392342390732,-29.926090172117529],[30.872315237494036,-29.926075528015389],[30.872238131564092,-29.926060892894565],[30.872161024624781,-29.926046248712332],[30.872083918734173,-29.926031604493456],[30.872006812846649,-29.926016968355203],[30.871929708018776,-29.926002324060807],[30.871852602155649,-29.925987689650402],[30.871775496318545,-29.925973045278898],[30.871698389458796,-29.925958400868524],[30.871621283636987,-29.925943764540371],[30.871544178874039,-29.925929120056644],[30.871467073087977,-29.925914475534441],[30.871389966265728,-29.925899840896975],[30.871312860504258,-29.925885196300179],[30.871235766147034,-29.925870551677388],[30.871296273699802,-29.925628757210319],[30.870910846538003,-29.925555631049061],[30.870813295836886,-29.925945243732087],[30.870509047256085,-29.925846524604051],[30.870198375800175,-29.925828175990134],[30.869887202616592,-29.925875950568823],[30.869592286605009,-29.926003486753672],[30.869343490203899,-29.926183660851393],[30.869073052509055,-29.925583250139919],[30.868994716481332,-29.925574917989461],[30.868916389776324,-29.925566585810778],[30.8688380537643,-29.925558245465638],[30.868759718781501,-29.925549913201259],[30.868681381746782,-29.925541570971216],[30.868603045742514,-29.925533238623625],[30.868524710795178,-29.925524898114613],[30.8685050051247,-29.925522803612132],[30.868443142633922,-29.925539619473255],[30.868383996563846,-29.925555708225055],[30.867168410311553,-29.926317729526971],[30.866874765149202,-29.926501805997855],[30.866371995043711,-29.926103001368951],[30.865862944975021,-29.925309144731042],[30.865822304483725,-29.924899087735263],[30.865803153103126,-29.92470591260529],[30.865746708932132,-29.924136361020501],[30.866102671303196,-29.92351715632222],[30.866228184814172,-29.923428273165552],[30.866207437642647,-29.923393358876815],[30.8661711600727,-29.923332311455109],[30.866134884599209,-29.92327126404113],[30.866098618472964,-29.923210215739829],[30.866044931198473,-29.923119858728118],[30.865991245003791,-29.923029511650611],[30.865937570262091,-29.922939162789561],[30.865883884200784,-29.922848805804914],[30.865884164622724,-29.922734174621478],[30.865888035844172,-29.922585239849358],[30.866040872968927,-29.92251489752686],[30.865949473414673,-29.922361038219957],[30.865668970554665,-29.922488262727278],[30.86561547442512,-29.922397076022943],[30.865561779423423,-29.922306719058337],[30.865508113472835,-29.922216371146686],[30.865487242593161,-29.92218127814618],[30.865454428961559,-29.922126014195669],[30.865400733127256,-29.922035657233135],[30.865350422639587,-29.921990597852204],[30.865300102867643,-29.921945540251567],[30.865249814178487,-29.921900499809094],[30.8651494849816,-29.92184842504151],[30.865049145513815,-29.921796359212202],[30.864948807195624,-29.921744283386406],[30.864848478291702,-29.921692209303501],[30.864780695537753,-29.921657028589653],[30.86468035540609,-29.921604953473118],[30.864580017429656,-29.921552887308913],[30.86447968888347,-29.92150081116058],[30.864379349039289,-29.921448736734263],[30.86427902067112,-29.921396670368697],[30.864178682056373,-29.921344593999216],[30.86407834455893,-29.92129252748429],[30.863978016488289,-29.921240452790553],[30.863877677122765,-29.921188377113268],[30.863777339911032,-29.921136310389901],[30.863677012128459,-29.921084233683853],[30.863576673047088,-29.921032158700797],[30.863476345440965,-29.920980091779477],[30.86337600758791,-29.920928014854933],[30.863266119487239,-29.920863416469132],[30.863152918309328,-29.92079685693561],[30.863037794703871,-29.920729186597256],[30.862945849972029,-29.92066645622948],[30.862853914664079,-29.920603725816264],[30.86276197117656,-29.920540994436827],[30.862670026767599,-29.920478255783863],[30.862578082451535,-29.920415525194134],[30.862533470738565,-29.920385102675493],[30.862486142294902,-29.920352812189716],[30.862394198186973,-29.920290081560221],[30.862329350106872,-29.920245819551436],[30.862118418280296,-29.92010188035832],[30.862026465281524,-29.92003914136804],[30.861931636849878,-29.919995432806409],[30.861856306112585,-29.919960702828163],[30.861753083728058,-29.919913114281783],[30.861643694391304,-29.919877472902343],[30.86153431548259,-29.919841832348599],[30.861424916972911,-29.919806190784342],[30.861315516465705,-29.919770549130522],[30.861272638422008,-29.919782456266898],[30.861229728242197,-29.919794380494473],[30.861098376991674,-29.919851929834344],[30.860967005911444,-29.919909488937943],[30.860835696104616,-29.91996709446811],[30.86068910629869,-29.919976951231799],[30.860542518526021,-29.919986817758787],[30.860381543192165,-29.919997651105493],[30.860429874538127,-29.91972593355888],[30.860351891369504,-29.919715404547969],[30.860303569160653,-29.91998712026745],[30.860153890861053,-29.919934376913911],[30.860017593869035,-29.91988635585809],[30.859881329189619,-29.919838270650381],[30.859776138760623,-29.919748786824673],[30.859670928851543,-29.919659283953244],[30.859565748094887,-29.919569790053501],[30.859506288039984,-29.919452470283307],[30.859446815706193,-29.919335132430071],[30.859387345541588,-29.919217811691365],[30.859362509870468,-29.919109983258497],[30.859339539182191,-29.919010230677781],[30.859316556090612,-29.918910488000595],[30.859293585465931,-29.918810743526357],[30.859270613854836,-29.918710990925771],[30.85924764226715,-29.918611248241994],[30.85922466036283,-29.918511504638598],[30.859201688864523,-29.918411752018965],[30.859178707036698,-29.918312007500614],[30.859143157286713,-29.918224212230331],[30.859107596251736,-29.918136380852637],[30.859072037328431,-29.918048559389362],[30.859036477425562,-29.91796073701186],[30.858977230538596,-29.917882956517744],[30.858917973406101,-29.917805157943661],[30.858858744255937,-29.917727402674153],[30.858759861297774,-29.917646466918704],[30.858680166524209,-29.917581235817945],[30.85866087506351,-29.917565440768129],[30.858582782495539,-29.917501577216669],[30.858487081354294,-29.917440761679419],[30.858391380064798,-29.917380126495672],[30.858295782568941,-29.917319401146429],[30.858200081628805,-29.917258675617333],[30.858112010168583,-29.91722141308129],[30.858025491179642,-29.917184783652001],[30.857938972251691,-29.917148154167741],[30.857842621825842,-29.917107274017141],[30.857912582332556,-29.916920433803714],[30.857523169604711,-29.916810583663047],[30.85736179444249,-29.91676503141321],[30.856679237908217,-29.916572495802022],[30.857100263842746,-29.91586870717326],[30.857578740373125,-29.915069143851287],[30.857912468374202,-29.914511271385773],[30.857934620834573,-29.914422902749468],[30.857968300297301,-29.914288627702458],[30.858041723971066,-29.913996245124316],[30.858101118610644,-29.9138102956701],[30.858182656444338,-29.913635827052399],[30.858286444042697,-29.913470674292785],[30.858414347949509,-29.913312944948217],[30.858902730923148,-29.912778004961623],[30.859011074003966,-29.912659333800946],[30.858610614497128,-29.912387678026356],[30.857977445637147,-29.912216012792719],[30.857300126953493,-29.911725643031453],[30.856917180687628,-29.911258905584447],[30.856828791413875,-29.910683678474673],[30.856883373836759,-29.909945393546469],[30.857042231295651,-29.909600646734223],[30.856984061639828,-29.909566375213082],[30.856887338317385,-29.909509381225785],[30.856774940183222,-29.909443125153924],[30.856677894007642,-29.909338238709566],[30.856582593139528,-29.909235256667728],[30.85648554737265,-29.909130370101568],[30.856448253272852,-29.908999613701546],[30.856411731997021,-29.908871519354108],[30.856374386540033,-29.908740600488549],[30.856399263850751,-29.908607486753169],[30.856424111893858,-29.908474507375306],[30.856448968141617,-29.908341527079532],[30.856537374380054,-29.908227652945317],[30.856602115905737,-29.908144033772153],[30.856434759973506,-29.908060917604921],[30.856237312431439,-29.907963029807437],[30.85610034131896,-29.907895123907256],[30.85596337040748,-29.907827217896116],[30.855864107119817,-29.907778006042534],[30.855764843937344,-29.907728794126715],[30.855665580859132,-29.90767958214785],[30.855552728858559,-29.907623633004494],[30.855412788959612,-29.907554254167831],[30.855234512132327,-29.907465868466478],[30.85530372803581,-29.907376405341946],[30.855466883563967,-29.9071655380408],[30.85552939062757,-29.907084751621209],[30.855591897581103,-29.907003965155372],[30.855654462300894,-29.906923103840409],[30.855716969036308,-29.906842317281765],[30.855779475653087,-29.906761530677205],[30.855841982158516,-29.90668074402409],[30.855904488552245,-29.906599957321873],[30.85596699483391,-29.906519170569876],[30.856029501003142,-29.906438383767341],[30.856092007059516,-29.906357596913615],[30.856154513002622,-29.906276810007952],[30.856217018832069,-29.906196023049478],[30.85627952454734,-29.90611523603749],[30.856342030147992,-29.906034448971031],[30.856404535633523,-29.905953661849249],[30.856467041003413,-29.905872874671232],[30.856529546257121,-29.905792087435909],[30.856592051394067,-29.905711300142322],[30.856654556413673,-29.905630512789301],[30.856800401009558,-29.905442008721813],[30.856694444723445,-29.90537420897564],[30.856660520988044,-29.905347920500006],[30.856525675740254,-29.905228153325282],[30.856406690221313,-29.905096315216291],[30.856321850663925,-29.904980391599882],[30.856216407191088,-29.904792727850687],[30.856141213844058,-29.904594272032615],[30.856097507442961,-29.904388814391712],[30.856086110741352,-29.904180054480452],[30.85610722496839,-29.903971871559968],[30.856160533649657,-29.9037681442916],[30.85624499580754,-29.903572570091107],[30.856359156466333,-29.903388755682403],[30.856500732639205,-29.903220126440917],[30.856667234967667,-29.903069656447709],[30.856855656453671,-29.902940319208877],[30.856903936071454,-29.902847816002343],[30.856831654093515,-29.902713144258733],[30.856778018694303,-29.902571997679424],[30.856744733270993,-29.902463439029557],[30.856649852553193,-29.902336591037894],[30.854694796130559,-29.899722716348997],[30.855266189582895,-29.899151480708277],[30.85473746599024,-29.898495249054371],[30.854556106253504,-29.897823795691576],[30.854351522180782,-29.897066345779706],[30.85445473258719,-29.89696589770189],[30.854399838247264,-29.895331121754605],[30.854443027069795,-29.894545802157996],[30.854555572480088,-29.893765611619202],[30.854661854444956,-29.893313417413395],[30.854736649144947,-29.892995237326478],[30.855323268545821,-29.89091159495414],[30.855473646662436,-29.89037744963656],[30.855521412254681,-29.890207907766751],[30.855647827197831,-29.889758893117829],[30.85568730046786,-29.889618705388706],[30.855711972753124,-29.889531082870182],[30.855737873975265,-29.889439088329983],[30.855763776172498,-29.889347094691175],[30.855792142524795,-29.889246333562841],[30.855820509838622,-29.889145574238061],[30.855851344373541,-29.889036057350022],[30.855894506993508,-29.888882730991689],[30.855912489802936,-29.888818854253095],[30.855916583123765,-29.888804315255079],[30.855971691013494,-29.888608578030485],[30.856003761352113,-29.888494678299775],[30.856035834702492,-29.888380778572369],[30.856077770740988,-29.88823183235246],[30.856122170748971,-29.888074124057837],[30.856169797447308,-29.887904941919562],[30.856197302173694,-29.887807246974628],[30.856223670519178,-29.887713584964278],[30.856250039833416,-29.887619922957153],[30.856276404941369,-29.887526260044773],[30.856302774125705,-29.887432595334847],[30.856309882587976,-29.887407129707363],[30.856315413657533,-29.887340541069374],[30.856323019296195,-29.887248851120621],[30.856330628006223,-29.887157161183548],[30.8563382325402,-29.887065471250505],[30.856345838073551,-29.886973781327509],[30.856353446675861,-29.886882091418059],[30.856358030300409,-29.886826321538567],[30.856356661015749,-29.88679088470845],[30.856353158787261,-29.886700363416121],[30.856349655502708,-29.886609843035373],[30.856346153230142,-29.886519324471035],[30.856342650938089,-29.88642880411399],[30.856337747205053,-29.886302124347125],[30.856335472094408,-29.886244353315721],[30.856325949123043,-29.886185300535022],[30.856302451931992,-29.886039685134858],[30.856282227907009,-29.885914352516416],[30.856266333970908,-29.885815815170972],[30.856250438972193,-29.885717279643735],[30.856242406474806,-29.88566772041499],[30.856228336678853,-29.885618800425878],[30.856202584763761,-29.885529284026862],[30.856176810191087,-29.885439677399344],[30.85615105824558,-29.885350161012067],[30.856125286735928,-29.885260554398233],[30.856091294013822,-29.885142443295173],[30.856079856818461,-29.885102825936809],[30.855849688013887,-29.884556168984027],[30.855701371175229,-29.884293583480684],[30.855554589028731,-29.884033703326441],[30.855197553433701,-29.883541743338032],[30.855460938736226,-29.883586887676362],[30.855662047572324,-29.883621381110764],[30.855787711802957,-29.883704901936717],[30.855883039256444,-29.883768243757348],[30.856309499418668,-29.884051689598579],[30.856527880049402,-29.884354327413011],[30.856628656923572,-29.884493988022605],[30.856729441768195,-29.884633647040694],[30.856830212272694,-29.884773299810092],[30.856930989668342,-29.884912960748327],[30.857031774660278,-29.88505262587962],[30.857132590293791,-29.885192252835054],[30.857233418176474,-29.885331894804903],[30.857334536081297,-29.885471510011865],[30.857419051608705,-29.885589806761619],[30.85743527413036,-29.885611176203717],[30.857523732450826,-29.885734913273879],[30.857535886107865,-29.885750798031665],[30.857636715658973,-29.885890420069654],[30.857644947526765,-29.885902934824188],[30.857716843743319,-29.886002595749421],[30.857737476892023,-29.88603016739501],[30.857788692540485,-29.886102184438805],[30.857838212556992,-29.886169831666795],[30.857860540400363,-29.886201774914035],[30.857932441062065,-29.886301433988045],[30.857938948423083,-29.886309495904143],[30.858004290165251,-29.886401024427968],[30.858039687598424,-29.886449161911191],[30.858076135236431,-29.886500613038919],[30.858140423882006,-29.886588826071154],[30.858147984558197,-29.88660020073176],[30.858219875242373,-29.886699898504279],[30.858240686067731,-29.886728744681935],[30.858291720646903,-29.886799484345211],[30.858341434419891,-29.886868401970478],[30.858363558913492,-29.886899072862043],[30.858435407646169,-29.886998661366842],[30.858507246141283,-29.887098249836576],[30.858526209732851,-29.887124534926627],[30.85857909510473,-29.887197838293126],[30.858650217209977,-29.887296434149135],[30.858664654803906,-29.887316448811273],[30.85875027668235,-29.887435131528221],[30.858768605711916,-29.887460599598128],[30.858723716528548,-29.887701646394],[30.85868091356739,-29.8879314732878],[30.858650357836446,-29.888095496177531],[30.858621387612452,-29.888251059071905],[30.858591186316229,-29.888413205955498],[30.858556446801412,-29.888599758746523],[30.858511660507492,-29.888840444696154],[30.858157684520247,-29.890741325036309],[30.858933009586746,-29.891535803538094]]]}},
{"type":"Feature","properties":{"sde_LDR_Mi":0.0,"CAT_NAME":null,"MAJ_CAT":null,"Id":0,"Phase":"Phase1&2","OBJECTID":211,"Shape_Area":19927760.897500001,"BlockName":"Bluff"},"geometry":{"type":"Polygon","coordinates":[[[30.988301709862412,-29.910057998065394],[30.989945005395668,-29.910514704818169],[30.991561606199451,-29.910440707174484],[30.99168935988541,-29.910449076752965],[30.993135102357879,-29.911436995269291],[30.993317062623245,-29.911561333912339],[30.99381933700079,-29.911904534563465],[30.993997646967411,-29.912026372362206],[30.994108138743425,-29.912101304004977],[30.994175866239608,-29.912148134136356],[30.994532997717211,-29.912392169374616],[30.994890059438717,-29.912636156723014],[30.99501087584585,-29.912718703525961],[30.995059351181197,-29.912751351462859],[30.995101392276432,-29.912779949611259],[30.995031699989546,-29.912811158873904],[30.997353516126328,-29.914674154239677],[30.997941252919521,-29.915145783780762],[30.998089386230919,-29.915397038374476],[30.998122623840882,-29.91546338517869],[30.998217240426872,-29.915652251632292],[30.998352109370533,-29.915947659314234],[30.998382166154499,-29.916013495376799],[30.998505478167743,-29.916283608848641],[30.998628809280415,-29.916553726611575],[30.998685951653542,-29.916678175396392],[30.998709604442546,-29.91673068824036],[30.998667562262664,-29.916755678193894],[30.998544942013282,-29.916828627370915],[30.998422346513298,-29.916901568347942],[30.998308939340205,-29.916969070701722],[30.99829947858677,-29.916973823647947],[30.998191323657821,-29.917037321640041],[30.998181527345107,-29.917043182341004],[30.998066454663768,-29.917115365456656],[30.997850099761479,-29.917270016488896],[30.997745826981795,-29.917350995008366],[30.997642050654022,-29.917431564956345],[30.997433110479239,-29.917594421090975],[30.997666939637618,-29.917782158949827],[30.997751342466518,-29.917851014071008],[30.997828064308404,-29.917912654568379],[30.997939890000467,-29.918002983053782],[30.998475715109905,-29.918433397103833],[30.998635735090666,-29.918562595305772],[30.998686279617136,-29.918603165174442],[30.999026549855156,-29.918875891681559],[30.999302161267519,-29.919096833730137],[30.999384224377337,-29.919161401346791],[30.999435662692203,-29.919202744146315],[30.999578339914081,-29.919316474165445],[30.999730624152381,-29.919439127208953],[31.000128491900455,-29.919759574171419],[31.000184538464818,-29.919804102651383],[31.000312288778879,-29.919906914038606],[31.000496495150159,-29.920054367043083],[31.000679318138456,-29.920200597908725],[31.000880697894939,-29.920363285148987],[31.000998313458727,-29.920458146474093],[31.001229203730226,-29.920644367493253],[31.002246608772321,-29.921461658566376],[31.00233243452508,-29.921530645422472],[31.004749495143752,-29.923471001372963],[31.0047686462878,-29.923485792450755],[31.004725875371076,-29.923526210253584],[31.004707439833137,-29.923511420952053],[31.004614438881045,-29.92343681319683],[31.004528800649766,-29.923517733475219],[31.004533043782558,-29.923571768818931],[31.00454050652819,-29.923671902912716],[31.004361146914036,-29.923844389151544],[31.00443074235751,-29.923900226965486],[31.003319114752582,-29.924968600024009],[31.001965094780868,-29.926269892017984],[31.001986346009403,-29.927686092000013],[31.001913499453252,-29.927756681496298],[31.002557650585999,-29.929480557230395],[31.003029220329029,-29.930761221968005],[31.002998603289356,-29.9312735798615],[31.003329466599638,-29.931534975141105],[31.004027332074926,-29.931493808732867],[31.004760409123239,-29.93122773261836],[31.00533931954757,-29.93105614305804],[31.005559102872958,-29.931088639769289],[31.0056370578538,-29.931011868340693],[31.005884280496701,-29.9307759079039],[31.006027298713327,-29.930641743122045],[31.006137311869395,-29.930536326716783],[31.006247324771039,-29.930430911132277],[31.006357337424227,-29.93032549637099],[31.006470101622313,-29.930220079609768],[31.006580113777606,-29.930114663785375],[31.006690125686337,-29.930009248783204],[31.006802888098218,-29.92990383177289],[31.006912900548858,-29.929798415705278],[31.007022911719311,-29.929692998654545],[31.007135673387229,-29.929587583195694],[31.007246544317749,-29.929482244717235],[31.007355883101219,-29.929378361621584],[31.00730865534101,-29.929341561963142],[31.007360462624831,-29.929260874904536],[31.007639910465592,-29.929478932997409],[31.007713687134771,-29.929536502851025],[31.007745059943687,-29.929478927532109],[31.007816123919334,-29.929348418228049],[31.007918515736737,-29.929160345282124],[31.008015884818793,-29.928981524471215],[31.008020919569073,-29.928972277699529],[31.008122961489519,-29.928783573201382],[31.008435128449158,-29.929027031621185],[31.009230734469469,-29.927565832947202],[31.008944705712359,-29.927053545064094],[31.005903578099669,-29.924827307809203],[31.005929770669113,-29.924450529736799],[31.006729323685416,-29.924473326318836],[31.0093771445522,-29.925809009852717],[31.011264594812239,-29.925443502750174],[31.011595384199506,-29.925593455971782],[31.012880841521145,-29.925255503499844],[31.013137894805567,-29.925113879887544],[31.013289498340942,-29.924968075278301],[31.013741296207716,-29.924533558201151],[31.014895295051264,-29.923357335485672],[31.014939695130689,-29.923285620949439],[31.015984440269296,-29.92417807773187],[31.016300516312715,-29.924427512481568],[31.016618823850127,-29.924678705297875],[31.016984999274257,-29.924967683189205],[31.017004796685974,-29.924983306950612],[31.017145245176568,-29.925094185788634],[31.016995496252296,-29.925238195822732],[31.016845041754376,-29.925382893165349],[31.016699094691752,-29.92526982166363],[31.016605004585369,-29.925466165290278],[31.016514332085503,-29.92565808907052],[31.016421559043049,-29.925850399123341],[31.016328257572923,-29.926043314471897],[31.01630076685116,-29.926100416809273],[31.016235616421945,-29.926235742539635],[31.016142178575912,-29.926428551311879],[31.016300834738075,-29.926553318543192],[31.016561851056736,-29.926758580458756],[31.016657895913951,-29.926834227223782],[31.017020354263561,-29.92700635235903],[31.016848362828878,-29.927231137554493],[31.016745177257494,-29.927425945322508],[31.016538781457712,-29.927665718710362],[31.016211992134934,-29.928085316539534],[31.015833606586888,-29.92860980931021],[31.015420803483,-29.929074367729378],[31.015111195249389,-29.929404054879146],[31.014681212671501,-29.929838646116139],[31.014147999104807,-29.930483024683205],[31.013976002703519,-29.930872581727225],[31.013872833344305,-29.931262182920218],[31.013752473224287,-29.931756675581873],[31.013597686093306,-29.932101329119099],[31.013288073211587,-29.932505934137978],[31.013030064867785,-29.932880565825712],[31.012961255993115,-29.932925525233426],[31.012668846781605,-29.93337508009872],[31.012135581870282,-29.933824655709483],[31.01165391959368,-29.934229272639751],[31.011017426984992,-29.934738789761241],[31.01039806617452,-29.935323211879474],[31.009950810366565,-29.935847692642191],[31.00953795687359,-29.936342200884575],[31.009142302159447,-29.936821722335864],[31.008798251590608,-29.9372413012631],[31.00843699523557,-29.93766088000654],[31.008144550215924,-29.938050484753614],[31.007920916706237,-29.938365163826376],[31.007869314346816,-29.938515007643652],[31.007817711383865,-29.938649867374941],[31.00768008596501,-29.93879971582821],[31.007456439041029,-29.938964552857133],[31.007146781072031,-29.939324186914806],[31.006802719203201,-29.939788710033575],[31.006355427301759,-29.940298189007219],[31.005856511810656,-29.940702779163015],[31.005340385754575,-29.941092384177267],[31.004824256325108,-29.941481986597577],[31.004239305699972,-29.941946510329075],[31.003740373455276,-29.942381061144182],[31.003172617631439,-29.942845579884949],[31.002725291220674,-29.943250157907222],[31.002295166750638,-29.94368470318404],[31.001899474133076,-29.944089319240884],[31.001400519340606,-29.944583799709978],[31.00126287597789,-29.944748626042323],[31.001176848783821,-29.944928436333399],[31.001073615875153,-29.945048310007063],[31.000815531474753,-29.945288056841559],[31.000385388697719,-29.945662660243869],[31.000021967580437,-29.945971585212817],[30.999714629031498,-29.946368238557824],[30.999497309570831,-29.946542937487401],[30.99914625325189,-29.946848659933501],[30.998820270375496,-29.947139823360335],[30.998477568608205,-29.947430985775892],[30.998093070854512,-29.947794938166229],[30.997892462079122,-29.947991472094632],[30.997691852010504,-29.948209843153379],[30.997115093653019,-29.94882128012604],[30.996789095152099,-29.949214346486787],[30.996479811699068,-29.949600133319439],[30.99603678448532,-29.950036869465674],[30.995685701224076,-29.950437211411913],[30.995493439861814,-29.950662858460085],[30.995376408043441,-29.950859391303968],[30.99525937472886,-29.951077761469978],[30.995067110453029,-29.951317966161508],[30.994874846746139,-29.951529053989717],[30.994624068667129,-29.951769255729591],[30.994406723675365,-29.952031295835539],[30.994105789806824,-29.952271494432225],[30.993788137555125,-29.952497133260923],[30.993612586752334,-29.952708219996062],[30.993470470075994,-29.952933866435295],[30.993253121000507,-29.953174067166529],[30.993010691345752,-29.953450661909475],[30.9927766225284,-29.953683581806732],[30.992567635148614,-29.953843711287842],[30.992450600999483,-29.953945612607296],[30.992168033654629,-29.954138775186003],[30.991905110721586,-29.954324093732588],[30.991716999058259,-29.9544815797552],[30.991579530487193,-29.95462016902647],[30.991427591267232,-29.954771357027077],[30.991282886742226,-29.95491624541976],[30.991210532936954,-29.955004439325016],[30.991145412504906,-29.95510523349127],[30.991076199419823,-29.955190114281478],[30.990870486933506,-29.955414899348643],[30.99060570435795,-29.955732204182233],[30.990277397484881,-29.956034423213925],[30.989976157735928,-29.956277153152783],[30.989736640180418,-29.956541427649647],[30.989610287201202,-29.95668229464944],[30.989387682825853,-29.956964192261822],[30.989134362571718,-29.957390593218687],[30.988878085570697,-29.957788977890253],[30.988611905965641,-29.958114490876948],[30.988439630427532,-29.958444132618951],[30.988306099269735,-29.958832055561015],[30.988045132696861,-29.959211239496572],[30.987709027532606,-29.959476371230892],[30.987281560662474,-29.95987165694568],[30.986947019729161,-29.960188108342795],[30.986704938606643,-29.960452767765371],[30.98636471580128,-29.960752399471367],[30.986028754155132,-29.961019433000583],[30.983176547206227,-29.96373734648845],[30.982982743550917,-29.963930143302086],[30.982719734679296,-29.964134981083895],[30.982567454900224,-29.964315731330434],[30.982498229556992,-29.964436235847419],[30.982345915933184,-29.964803782199905],[30.982262836848008,-29.964990567003767],[30.982124399951026,-29.965147215713756],[30.981930607366333,-29.965261676337406],[30.981826787562927,-29.965333970158824],[30.981667597590164,-29.965442409774802],[30.981525704206486,-29.96557344832398],[30.981480708823351,-29.965639724365495],[30.981421857545957,-29.965784332417769],[30.981373388420359,-29.965919903502193],[30.981311071632064,-29.966088613824542],[30.981210679640409,-29.966323601200287],[30.981072229401434,-29.966531467257209],[30.980899182837284,-29.966706186607276],[30.980736527127206,-29.966826676092676],[30.98057733544946,-29.966926075984986],[30.979954665731572,-29.967480773411936],[30.979921856313922,-29.967516415774778],[30.979835395550253,-29.967605343787792],[30.979696495269881,-29.967770381830221],[30.979600663675878,-29.967960040171462],[30.979536063196374,-29.968118122098684],[30.979467521811806,-29.968195381449782],[30.979332324621467,-29.968290282093502],[30.979209760833847,-29.968361546286832],[30.979097365942419,-29.968471073318373],[30.979005084365344,-29.968597930026789],[30.978940234124078,-29.968697738399978],[30.978867743106704,-29.968772133589255],[30.978767144671497,-29.968769896895388],[30.978562669851922,-29.968774313744721],[30.974865025392635,-29.966350019390692],[30.97405507729319,-29.965818823441431],[30.974218303360516,-29.965630227690728],[30.974291842031494,-29.965544894886349],[30.974388024429807,-29.965579745115509],[30.97486517361472,-29.965761138974585],[30.977305344585943,-29.966688186794538],[30.977467838999274,-29.966453285732854],[30.977651566680546,-29.966185494390359],[30.977704089771869,-29.966109996502585],[30.977724592163415,-29.966081929705261],[30.977595654465411,-29.966126001492455],[30.977463550994006,-29.966160653581813],[30.97732486080562,-29.966183830651161],[30.977192006108126,-29.966200063413808],[30.977052645460983,-29.966205288434072],[30.976915661801176,-29.966200148693616],[30.976778771703625,-29.96618472406583],[30.976643563389821,-29.966159324259866],[30.976511891431905,-29.966123883771225],[30.976380883093839,-29.966082011345666],[30.976260289420281,-29.966025976982618],[30.976141294148036,-29.965962637658492],[30.976029740612397,-29.965891892549866],[30.975926786376647,-29.965812552039612],[30.975831439338929,-29.965727186022143],[30.975743325987178,-29.965633767444732],[30.975685071758772,-29.965560423394887],[30.975664850327266,-29.965534963371805],[30.975596787546181,-29.965429803322603],[30.975538589034588,-29.965320448622013],[30.975491434722631,-29.965207290119992],[30.975454799089245,-29.965091228917622],[30.975449658009591,-29.965066935534093],[30.975430015022756,-29.964974115473961],[30.975414442173463,-29.964857949219311],[30.975414473007394,-29.964733668990295],[30.975418288978855,-29.96463242711625],[30.975421691801703,-29.964530285783358],[30.975425050879487,-29.964429097056797],[30.975428456737227,-29.964327287706848],[30.975431867753006,-29.964225586614972],[30.975435270478883,-29.964123904471585],[30.97575069026766,-29.964131474028086],[30.976003083347379,-29.964141230075672],[30.976006508356519,-29.964039509183571],[30.976009952085644,-29.963937494218371],[30.976013394677967,-29.963835891513178],[30.976016828978867,-29.963734299636272],[30.976016282459504,-29.963638723056171],[30.976009519957184,-29.963542629315452],[30.975997130450022,-29.963448206995139],[30.975978683385087,-29.963353754670102],[30.975955175377788,-29.96325947278968],[30.975900014740493,-29.963073594816379],[30.975876267173085,-29.962993574933243],[30.976363530440736,-29.963005655831729],[30.976360476467285,-29.963090956911369],[30.976357617364624,-29.963171529273115],[30.976578394736816,-29.963121828746925],[30.97643871188528,-29.963022879815618],[30.976320428828068,-29.962899624284056],[30.976223542637978,-29.962764210662272],[30.976151171551344,-29.962617075293458],[30.976112744520957,-29.962499471657171],[30.976083746543512,-29.962402077499306],[30.976390412223342,-29.962332214523411],[30.97635892351283,-29.962226068797928],[30.976337392892521,-29.96205573040135],[30.976355044654461,-29.961946933526264],[30.976048765282471,-29.961886165779152],[30.976096981249523,-29.961752628558145],[30.976168590531667,-29.961625258770024],[30.976262880526789,-29.961511613045321],[30.976377085036074,-29.96141188025824],[30.976500250813075,-29.961333214614552],[30.976597293934326,-29.961275542907426],[30.976561506447492,-29.961046253154052],[30.97651856562301,-29.96072619116055],[30.975831397473133,-29.961129657770329],[30.975658097143643,-29.960625717781571],[30.975566066861354,-29.960610113916314],[30.975488596814493,-29.960596973678715],[30.97541110813523,-29.960583850530494],[30.975333619477176,-29.960570721020872],[30.975256130839295,-29.960557589660272],[30.975178642221316,-29.960544457350764],[30.975101153625168,-29.960531316875699],[30.975008720442442,-29.960515984061018],[30.974902159180651,-29.96049792590021],[30.974956311174559,-29.960255076132267],[30.975062951008894,-29.960272785148625],[30.975155339732243,-29.960288894508277],[30.97516147818606,-29.96026143170408],[30.975492140957979,-29.96014939475544],[30.975540386764727,-29.959933479992923],[30.975588656190755,-29.959717574256807],[30.975662707432047,-29.959674087847571],[30.975752193391742,-29.959686094510193],[30.975823840088673,-29.959688551834795],[30.975895395139752,-29.959684551047818],[30.975966093958327,-29.959674174095511],[30.976035187499662,-29.959657497516382],[30.976101943267068,-29.959634713321577],[30.976165640154491,-29.95960604960759],[30.976203636610951,-29.959585272555593],[30.976194758183585,-29.959457805753622],[30.976129079228844,-29.959496383068579],[30.976101982851773,-29.959510701374853],[30.976101087885873,-29.959511105229822],[30.976051079024828,-29.959533671804117],[30.976049726517541,-29.959534282124675],[30.975995537226062,-29.959552808988526],[30.975938445102592,-29.959567121626204],[30.975880886171936,-29.959575457811717],[30.97582232975823,-29.959578894537675],[30.975763307591698,-29.959576355712919],[30.975706219607961,-29.959569604473764],[30.975397459349111,-29.959517564387774],[30.975306240706427,-29.959483743739593],[30.975236376908153,-29.959424574866748],[30.975251925402702,-29.959348518278965],[30.975514002552693,-29.959194764425455],[30.975766277933726,-29.959299158854243],[30.975834010006526,-29.959299171667038],[30.975901742286428,-29.95929834189285],[30.975953031551391,-29.959268019714568],[30.976018241033184,-29.959229831205974],[30.976083691905082,-29.959191406361224],[30.976149155158794,-29.959152980582495],[30.976214605930551,-29.959114555669203],[30.976280059760644,-29.959076128016097],[30.976345509396559,-29.959037702131901],[30.976410960018235,-29.958999277115584],[30.976476423021918,-29.958960851165056],[30.976607327124349,-29.95888399825445],[30.976633498391145,-29.958868622421953],[30.976456982319519,-29.958640632319987],[30.976522435749082,-29.958602206344274],[30.976587884984752,-29.958563781235345],[30.976653335206613,-29.958525356091933],[30.976718788486846,-29.958486930012363],[30.976784247933608,-29.95844850209501],[30.976849701114414,-29.958410075946059],[30.976915151137501,-29.958371650663821],[30.976980604218788,-29.95833322534736],[30.977046053106839,-29.958294799093235],[30.977111516449224,-29.958256371002626],[30.977176965238115,-29.958217944678744],[30.977242415013258,-29.958179519222167],[30.97749113178887,-29.958033497839359],[30.977541500396196,-29.958042031401099],[30.977420623545147,-29.957942056082619],[30.976819682385784,-29.958294394820449],[30.976410729151368,-29.958534275703556],[30.976087919820451,-29.958117360891627],[30.976025367393671,-29.958036612325611],[30.975716335074807,-29.957637380285998],[30.975667867735712,-29.957574856423594],[30.975599914252577,-29.957553373824616],[30.975297616522987,-29.95716298272869],[30.975223466411226,-29.95706725697702],[30.976017138067004,-29.95683619411351],[30.97486853002167,-29.955925583419585],[30.973694311500442,-29.955000570014061],[30.973589688783022,-29.954918150095651],[30.9733171605039,-29.954696206028281],[30.973238034896582,-29.954782223345575],[30.972610968653644,-29.955456795332211],[30.972405385918002,-29.955677910951444],[30.972000572954265,-29.956145546450855],[30.971960585852017,-29.956188296553172],[30.971671241000749,-29.956497549029987],[30.971629345851188,-29.956538699224389],[30.971272172435043,-29.956889513014051],[30.970657089381326,-29.957573786645803],[30.970747060111215,-29.957647002675994],[30.970662132796839,-29.95772850573784],[30.970589527717685,-29.957669458225254],[30.970554708345094,-29.957641131865838],[30.970411147703825,-29.957808518909019],[30.970365972757186,-29.95785266291459],[30.970206208068333,-29.957948148697749],[30.970065070193606,-29.958018118595302],[30.9699318035182,-29.95808418415589],[30.969627077758979,-29.958156178930416],[30.969515832907998,-29.95815959027783],[30.969333126690955,-29.958164984315726],[30.968968785917504,-29.958175741802364],[30.968821232080732,-29.958180133052416],[30.968646261472756,-29.958106893580322],[30.968351479618697,-29.957983477849229],[30.967967627061643,-29.957801774904155],[30.967749125712746,-29.957706674624337],[30.967575247428687,-29.95768404922244],[30.967539096292892,-29.957663151223038],[30.967304128309355,-29.957527236400761],[30.967076952985391,-29.957395796621849],[30.966756972726674,-29.957199239272061],[30.96657976462479,-29.957096127333966],[30.966281701200984,-29.9569226941789],[30.966250442381966,-29.95689885359883],[30.965837583175581,-29.956581776359574],[30.965801977884126,-29.956554594065217],[30.965779347501197,-29.95653724080632],[30.965759868662204,-29.956522305990415],[30.965412568728265,-29.956168191025132],[30.965262824366899,-29.955994358100838],[30.965173161368252,-29.955893452896028],[30.965145434261878,-29.9557838414228],[30.965087090041383,-29.955552887786734],[30.965036530666175,-29.955279993600808],[30.964971547669503,-29.955078088047504],[30.964950127779879,-29.955011689244785],[30.964901642609895,-29.954739966452873],[30.96486799766517,-29.954384082756398],[30.964873090094024,-29.954335731253245],[30.964906901314095,-29.954013446501797],[30.964955402838015,-29.953686540374449],[30.965053981655938,-29.953166162123349],[30.964905585006051,-29.953046135117898],[30.964392480178788,-29.953635685362606],[30.963697471574001,-29.954434209377666],[30.963638985363154,-29.954506655873459],[30.963226226805645,-29.955009080725961],[30.963177000010496,-29.955076176689222],[30.961456946922787,-29.954801229699676],[30.961446271602124,-29.95479952319652],[30.960030487955795,-29.956530030200959],[30.959510844987673,-29.956315171724977],[30.959041938259809,-29.95613713868832],[30.958571340180832,-29.955971235848349],[30.958360858040276,-29.955902071281546],[30.958290569559995,-29.955879978841566],[30.957955280934552,-29.955774595627602],[30.95776956075008,-29.955719597438978],[30.957398015121946,-29.955614832380146],[30.95702646609114,-29.955519538246946],[30.956465775855794,-29.955383948728777],[30.95591999319722,-29.955271089267221],[30.955825004529835,-29.955254277851495],[30.953106135828055,-29.954771609498433],[30.953119494805936,-29.954297121169276],[30.953122750917988,-29.954177682845273],[30.953159366135939,-29.952834569831076],[30.953176873926768,-29.952156365407625],[30.951923140243352,-29.951692229735109],[30.951579407451966,-29.952021726005022],[30.950061439496675,-29.953476786723861],[30.950006300393614,-29.953531071571728],[30.949522251626131,-29.953995337360883],[30.948908287121462,-29.954588980955084],[30.948269819704997,-29.955201966539423],[30.948207638276742,-29.95526166567787],[30.947402327997668,-29.956034593064263],[30.946883036537322,-29.956531044496632],[30.946572067119192,-29.95682866339272],[30.946558874542561,-29.956841327894207],[30.946546154600505,-29.956853550562251],[30.945851936882363,-29.957520555819681],[30.945512661816242,-29.957846539788836],[30.945388059852437,-29.957965469493171],[30.945349536954978,-29.957594010123504],[30.94525003096895,-29.957293867202338],[30.945382920820045,-29.956965831168965],[30.945190783805334,-29.956722365765323],[30.945153995869028,-29.956528849288823],[30.944984549986742,-29.95576389377408],[30.944966571746008,-29.955680084286975],[30.944942752010995,-29.955303630000902],[30.944825204377402,-29.95506055590959],[30.944724740339861,-29.954853292165961],[30.943725935574861,-29.95402156555113],[30.943447572460112,-29.953786210870131],[30.94326011534158,-29.953247436964496],[30.942862253803483,-29.952977315752484],[30.942879157221103,-29.952944847689157],[30.943261479950824,-29.952148714337621],[30.943262528344068,-29.952146548346406],[30.943319756722975,-29.952028313770249],[30.943325978978326,-29.952014765186547],[30.943391631526062,-29.951878920895567],[30.943496311847806,-29.951660116000852],[30.943538397631315,-29.951573715243914],[30.943651312609283,-29.951338903422638],[30.943726493893042,-29.951182557580001],[30.943751737842511,-29.951130058378855],[30.943846004144937,-29.950934028501635],[30.945376658481845,-29.947751005247966],[30.945421556820204,-29.947948320717163],[30.945473895282859,-29.948178485516301],[30.945502064103948,-29.948302374104816],[30.945566440354476,-29.948585459962803],[30.945659348817209,-29.948994023047693],[30.945753933037544,-29.949409937905607],[30.946202138842558,-29.949575614383772],[30.946700430564704,-29.949759891188382],[30.947044533155619,-29.948261832713502],[30.947190936655751,-29.948009939247388],[30.947425342082166,-29.947605463258771],[30.947480572385494,-29.947510204651739],[30.947667666494617,-29.94718751284675],[30.947779713302744,-29.946994212224837],[30.948169688506042,-29.946321088457321],[30.948213933594612,-29.946095762481566],[30.948439421142105,-29.945735286325256],[30.948721724418071,-29.945483541201707],[30.949118206016543,-29.94512979525966],[30.950011287386321,-29.943722663225589],[30.950045779413525,-29.943666623906399],[30.950271073242867,-29.943311258675614],[30.950311087397594,-29.943248037112131],[30.950428323260539,-29.943000905975964],[30.950556211888379,-29.942730869164897],[30.950656373467005,-29.942518913022912],[30.950949336662465,-29.941398621178394],[30.951041984938279,-29.940975002216256],[30.95118583623454,-29.93995910142694],[30.951199935928702,-29.93908379103318],[30.951334056305164,-29.938473564332295],[30.951777832421321,-29.940623675842904],[30.95197767439446,-29.939500814954414],[30.952176442026346,-29.939069872889522],[30.952076736715085,-29.938491027596346],[30.952035758674146,-29.938253127323968],[30.952211617398479,-29.937010200051017],[30.952819800408701,-29.935735757913466],[30.953222494980153,-29.934891099515252],[30.95331082797296,-29.934915031480216],[30.953834527668388,-29.935058115494517],[30.954009593135488,-29.935096846060997],[30.954046831100722,-29.935106991600911],[30.954263287351221,-29.935139539122908],[30.954482131522546,-29.935155590533071],[30.956055472556713,-29.935211156574354],[30.956312117484295,-29.935228924053128],[30.956566268782442,-29.935264010268131],[30.956759525397015,-29.935297363553175],[30.957076680380883,-29.935494483225639],[30.961253817136125,-29.930189712412748],[30.961010838907644,-29.929785115422149],[30.961165863440307,-29.929690604086865],[30.96132100264326,-29.92959601189726],[30.961476191101347,-29.92950144434155],[30.961631487001611,-29.929406805372285],[30.961786674874801,-29.929312229339356],[30.961941999189616,-29.929217581901256],[30.962097186478374,-29.929123004608751],[30.962252289570873,-29.929028473121267],[30.962407842983648,-29.928933681780816],[30.962563161996322,-29.928839030923864],[30.962736405801394,-29.928733455138008],[30.962912176830987,-29.928626324629505],[30.963028620106584,-29.928555362226273],[30.963416813833231,-29.928332098584928],[30.963832589038805,-29.928296769956393],[30.964058630415298,-29.928294750685868],[30.964358441030765,-29.928292025328084],[30.96454775901999,-29.928290308930286],[30.964737117359643,-29.928288590445156],[30.964926413516714,-29.928286881572877],[30.965273593426023,-29.928283725362995],[30.965494653864532,-29.928281781257677],[30.965842114197475,-29.928278758838612],[30.966025122710903,-29.928277163943072],[30.966157188669648,-29.92827601499156],[30.966211436262075,-29.928274693697084],[30.966220495558979,-29.92827431440071],[30.966226700853674,-29.928274030044832],[30.966232904903926,-29.928273725777622],[30.966239107625501,-29.928273401603271],[30.966245308934223,-29.928273057526184],[30.96625150874587,-29.928272693550966],[30.966257706976357,-29.928272309682495],[30.966263903541524,-29.928271905926241],[30.966270098357271,-29.928271482287439],[30.966276291339504,-29.9282710387719],[30.966282482404175,-29.928270575385795],[30.966288671467261,-29.92827009213514],[30.966294858444716,-29.928269589026719],[30.966301043252631,-29.928269066067319],[30.966307225807014,-29.928268523263984],[30.966313406023932,-29.928267960624101],[30.966319583819534,-29.928267378155308],[30.966325759109964,-29.928266775865524],[30.966331931811396,-29.928266153762902],[30.966338101840051,-29.928265511855983],[30.966344269112167,-29.928264850153361],[30.966350433544097,-29.928264168664032],[30.966356595052062,-29.928263467397322],[30.966362753552517,-29.928262746362677],[30.966368908961858,-29.928262005569959],[30.966375061196519,-29.928261245029148],[30.966381210172983,-29.928260464750625],[30.966387355807829,-29.928259664744903],[30.966393498017613,-29.928258845023016],[30.96652347070231,-29.928236629811963],[30.966529511680356,-29.928235361838222],[30.966535547045485,-29.92823407374318],[30.966706225627512,-29.928188352411635],[30.966711814799705,-29.928188626408776],[30.966717087229462,-29.928188966548998],[30.966722365464687,-29.928189229676459],[30.966727648022836,-29.928189415717309],[30.966732933420179,-29.928189524619249],[30.9667382201721,-29.928189556351693],[30.966743506793733,-29.928189510905771],[30.966748791800192,-29.928189388294218],[30.966754073707005,-29.928189188551499],[30.966759351030586,-29.928188911733702],[30.9667646222887,-29.928188557918595],[30.966769886000723,-29.928188127205551],[30.966775140688245,-29.928187619715569],[30.966780384875314,-29.928187035591186],[30.966785617088945,-29.928186374996468],[30.966790835859577,-29.928185638116997],[30.966796039721295,-29.9281848251597],[30.966801227212528,-29.928183936352958],[30.966806396876176,-29.928182971946406],[30.966811547260232,-29.928181932210943],[30.966816676918043,-29.928180817438591],[30.966821784408836,-29.928179627942487],[30.966826868297989,-29.928178364056738],[30.966831927157568,-29.928177026136318],[30.96683695956667,-29.92817561455708],[30.966841964111801,-29.928174129715451],[30.966846939387281,-29.928172572028544],[30.966851883995684,-29.928170941933843],[30.966856796548157,-29.928169239889197],[30.966861675664926,-29.928167466372749],[30.966866519975497,-29.928165621882556],[30.96687132811924,-29.928163706936779],[30.966876098745683,-29.92816172207322],[30.966880830514821,-29.928159667849425],[30.966885522097616,-29.92815754484235],[30.966890172176353,-29.928155353648332],[30.966894779444857,-29.928153094882845],[30.966899342609132,-29.928150769180295],[30.966903860387408,-29.928148377193928],[30.966908331510794,-29.928145919595654],[30.966912754723467,-29.928143397075651],[30.966917128783017,-29.928140810342537],[30.96692145246087,-29.928138160122849],[30.966925724542605,-29.928135447160944],[30.966929943828312,-29.928132672218858],[30.966934109132879,-29.928129836076042],[30.966938219286355,-29.928126939529054],[30.966942273134332,-29.928123983391487],[30.966951294580607,-29.928117259647546],[30.966977398101825,-29.928096236972912],[30.967010547391567,-29.928070883926459],[30.967044199786592,-29.928046038854244],[30.967078345028312,-29.928021709329787],[30.967112972707962,-29.927997902769437],[30.967148072269762,-29.927974626430128],[30.967182921176295,-29.927952839585963],[30.9672317342681,-29.927922964637521],[30.967350884637533,-29.927856039435003],[30.967371273995415,-29.927843160868115],[30.96737464692017,-29.927839615578765],[30.967377757737882,-29.927835892885987],[30.967380594182018,-29.927832007469092],[30.967383246787719,-29.927827800588798],[30.967385489314108,-29.92782363105017],[30.967387426979808,-29.927819347138293],[30.967389052144185,-29.927814965745458],[30.967390358398958,-29.9278105041484],[30.96739134059327,-29.927805979940029],[30.967391994854168,-29.927801410960257],[30.967392318601817,-29.927796815225388],[30.967392310559614,-29.92779221085738],[30.967391970759305,-29.927787616012143],[30.967391300540843,-29.927783048807999],[30.967390302547063,-29.927778527254418],[30.967388980713245,-29.927774069180707],[30.967387340251676,-29.927769692165899],[30.967385387631094,-29.927765413469483],[30.967383130551074,-29.927761249963147],[30.967369204956309,-29.927746288793738],[30.967521867618736,-29.92768818794055],[30.967533063601969,-29.927697586911666],[30.967537142668792,-29.927700516029869],[30.967541359020341,-29.927703293743974],[30.967545705255223,-29.927705915177903],[30.967550173743959,-29.927708375730028],[30.967554756642546,-29.927710671080995],[30.96755944590608,-29.927712797201572],[30.967564233302998,-29.927714750359502],[30.967569110429395,-29.927716527126194],[30.967574068723938,-29.92771812438269],[30.967579099482744,-29.927719539325135],[30.967584193874753,-29.927720769469769],[30.967589342957179,-29.927721812657133],[30.967594537691316,-29.927722667056038],[30.967599768958138,-29.927723331166668],[30.967605027574688,-29.927723803823213],[30.967610304309851,-29.927724084195958],[30.967615589900788,-29.927724171792811],[30.967620875069112,-29.927724066459938],[30.967626150537114,-29.927723768382279],[30.967631407044159,-29.927723278083114],[30.967636635362918,-29.927722596423106],[30.967641826315464,-29.927721724598833],[30.967646970789591,-29.927720664140733],[30.967652059754485,-29.927719416910406],[30.967664984258274,-29.927715466277192],[30.967698640963441,-29.927701628823211],[30.967739608250472,-29.927687368057246],[30.967772497109241,-29.92767796591416],[30.968008857726694,-29.927600985682194],[30.968347965958831,-29.927489750953885],[30.968686895701062,-29.92737899197817],[30.969279881162084,-29.927185230913629],[30.969766747984739,-29.927026147912375],[30.969802377885028,-29.927014790010258],[30.969957293029328,-29.926969504661418],[30.970114445023217,-29.926930859046681],[30.970324049950378,-29.926890187656685],[30.970711357212746,-29.926846175930557],[30.970721606667279,-29.926845202460914],[30.970726778409809,-29.926844249191916],[30.970731881171382,-29.926843046500473],[30.970736899110175,-29.926841598120397],[30.970741816647838,-29.926839908548175],[30.970746618517634,-29.926837983029188],[30.970751289811947,-29.926835827541296],[30.970755816028525,-29.926833448776289],[30.970760183115573,-29.926830854119103],[30.970764377515252,-29.926828051625005],[30.970768386205897,-29.926825049994413],[30.97077219674237,-29.92682185854602],[30.970775797294703,-29.926818487187802],[30.970779176684864,-29.926814946386315],[30.9707823244214,-29.92681124713404],[30.970785230732087,-29.926807400915493],[30.97078788659411,-29.926803419671462],[30.970790283762387,-29.926799315761791],[30.970792414794776,-29.926795101927283],[30.970794273075427,-29.926790791249903],[30.970795852835316,-29.926786397112355],[30.970797149170028,-29.92678193315642],[30.970798158055096,-29.926777413240597],[30.970799223817757,-29.926769400544153],[30.970799428113118,-29.926764799436548],[30.970799337883982,-29.926760195561332],[30.970798953410466,-29.92675560321144],[30.970798275886278,-29.926751036643939],[30.970797307414824,-29.926746510035965],[30.970796051002814,-29.926742037440523],[30.970794510550885,-29.926737632742896],[30.970791819856075,-29.926731834707564],[30.970864530392934,-29.926705132370163],[30.97089274293559,-29.926763955989692],[30.970895349681754,-29.926769209647102],[30.970897717360792,-29.926773326871842],[30.970900259051486,-29.926777364615901],[30.970902971242968,-29.926781317301838],[30.970905850188778,-29.926785179469736],[30.970908891912252,-29.926788945784693],[30.970912092211762,-29.926792611044146],[30.970915446666691,-29.926796170185234],[30.970918950643455,-29.926799618291621],[30.970922599301954,-29.926802950600333],[30.970926387602201,-29.926806162508374],[30.970930310311374,-29.926809249579016],[30.970934362010858,-29.926812207548075],[30.970938537104043,-29.926815032329603],[30.970942829823706,-29.926817720021646],[30.970947234240231,-29.926820266911626],[30.970951744269684,-29.926822669481449],[30.97095657225131,-29.926825026516269],[30.970961278884879,-29.926827123548438],[30.970966071731148,-29.926829066789175],[30.970970944169647,-29.926830853554257],[30.970975889469916,-29.926832481375591],[30.970980900800871,-29.926833948004575],[30.970985971240221,-29.926835251415323],[30.970991093784058,-29.926836389807431],[30.97099626135644,-29.926837361608396],[30.971001466819274,-29.926838165475779],[30.971006714692795,-29.926838747844698],[30.971007375133848,-29.926838859711232],[30.971010596630073,-29.926839144461688],[30.971011958428267,-29.926839294090144],[30.971012630220169,-29.926839318048422],[30.971020693500314,-29.926839605611054],[30.971073491383809,-29.926841051965802],[30.971126585602914,-29.926841915312703],[30.971133835126217,-29.926841912188614],[30.971141084556443,-29.926841879998875],[30.97114833373999,-29.926841818744318],[30.971155582523284,-29.926841728426133],[30.971162830752718,-29.926841609046335],[30.971170078274707,-29.926841460607271],[30.971177324935731,-29.9268412831122],[30.971184570582217,-29.926841076564958],[30.971191815060681,-29.926840840969746],[30.971199058217589,-29.926840576331685],[30.971206299899524,-29.926840282656265],[30.971213539953023,-29.926839959949902],[30.971220778224705,-29.926839608219243],[30.971228014561181,-29.926839227471785],[30.971235248809162,-29.926838817715577],[30.971242480815363,-29.926838378959381],[30.971249710426545,-29.926837911212505],[30.971256937489567,-29.926837414484762],[30.971264161851259,-29.926836888786703],[30.971271383358573,-29.926836334129412],[30.971278601858511,-29.926835750524777],[30.971285817198133,-29.926835137985083],[30.971293029224533,-29.926834496523231],[30.971300237784956,-29.926833826152968],[30.971307442726651,-29.926833126888354],[30.971314643896939,-29.926832398744335],[30.971321841143258,-29.926831641736253],[30.971329034313136,-29.926830855880119],[30.971336223254159,-29.92683004119268],[30.971343407814011,-29.926829197691081],[30.971350587840462,-29.926828325393274],[30.971357763181395,-29.926827424317672],[30.971364933684779,-29.926826494483461],[30.971372099198675,-29.926825535910268],[30.971379259571265,-29.926824548618484],[30.971386414650905,-29.926823532628884],[30.971393564285915,-29.926822487963033],[30.971400708324829,-29.926821414643122],[30.971407846616323,-29.92682031269193],[30.971414979009108,-29.92681918213276],[30.971422105352065,-29.92681802298944],[30.971429225494276,-29.926816835286687],[30.971436339284796,-29.926815619049613],[30.971443446572962,-29.926814374304005],[30.971450547208171,-29.92681310107616],[30.971457641039969,-29.9268117993931],[30.971464727918075,-29.926810469282501],[30.971471807692296,-29.926809110772403],[30.971478880212686,-29.926807723891589],[30.971485945329338,-29.92680630866948],[30.971493002892647,-29.926804865136145],[30.971500052752969,-29.926803393322018],[30.971553354387531,-29.926793042922469],[30.971577050227136,-29.926785346184467],[30.971779496302691,-29.926719583867417],[30.971950961528634,-29.926640598723839],[30.972009649809955,-29.926607800824385],[30.972066539757662,-29.92657286634492],[30.972242718548653,-29.926440956977096],[30.972313669867408,-29.926375209983547],[30.972398858386097,-29.926283198018002],[30.972433348153409,-29.926240832443632],[30.972563816774397,-29.926317818209949],[30.972469525122285,-29.926438452600827],[30.972620668238168,-29.926494642985126],[30.972715328680554,-29.9263781272698],[30.973615456114654,-29.925337602637658],[30.973984319312581,-29.924815750172588],[30.974399289661477,-29.924213609311725],[30.97470671473825,-29.923598063786972],[30.974814369553837,-29.923156454787883],[30.974843044743576,-29.922820518917423],[30.974914030115634,-29.922619476654962],[30.974949292836147,-29.922519606506736],[30.974962132486592,-29.92248317736788],[30.975010262728176,-29.922346860605973],[30.975056807047952,-29.922215035194199],[30.975103334013081,-29.922083258568595],[30.975164307744027,-29.921910564340298],[30.975218038372905,-29.921758384029843],[30.975270215516744,-29.921610603159756],[30.975321570190076,-29.921465151315495],[30.975353653999488,-29.921374280113621],[30.975430643178086,-29.92115622240383],[30.975493290840134,-29.920978783665198],[30.975531342679794,-29.920871008043108],[30.975563304801728,-29.920780480362502],[30.975615079393066,-29.920633908749743],[30.975657703161893,-29.920513198445903],[30.97572770450045,-29.920314904196644],[30.97576423436875,-29.920211440836887],[30.975800764158205,-29.920107977458827],[30.975828682188183,-29.920028914112955],[30.975836403351469,-29.920004216210646],[30.97586913268044,-29.919899795869789],[30.975900524995602,-29.91979963315368],[30.97594828181408,-29.919647260239945],[30.97617515419573,-29.918923747525202],[30.97621371769824,-29.91880070002351],[30.976233812968747,-29.918736564854679],[30.976259736350073,-29.918583644995952],[30.97628241696119,-29.918449787643606],[30.976309577605491,-29.918289517832616],[30.976316588137141,-29.918248113066774],[30.976322729876767,-29.918118212785778],[30.97632775820103,-29.918010097850996],[30.976337882615745,-29.917794859807142],[30.976340214510984,-29.917745290227973],[30.976334101912347,-29.917673247919009],[30.976323303138734,-29.917545373427355],[30.97631180136614,-29.917408253244798],[30.976301847907983,-29.917291304132295],[30.976297986315618,-29.917245883059937],[30.976281457412931,-29.917169626080764],[30.976745973641091,-29.9157166948835],[30.977548402363944,-29.915932210454304],[30.97791091589367,-29.916031025011076],[30.979152464465127,-29.913992628506026],[30.980397894051848,-29.912841932346716],[30.98069697002898,-29.913019931555471],[30.981172039144802,-29.912168470528307],[30.982058626486985,-29.912260485940191],[30.982201205618153,-29.912194785721603],[30.982370521626173,-29.912093318262023],[30.9824879101566,-29.91204507671992],[30.982848587970228,-29.911779634003864],[30.983139937973547,-29.911596175088317],[30.983456554120327,-29.9108088515178],[30.983963179946702,-29.910353342047777],[30.983983252190754,-29.910259728441513],[30.984360552013285,-29.910232371354692],[30.984474904311451,-29.910286503769395],[30.984639073683031,-29.910656375119075],[30.984998214175103,-29.910572475772781],[30.985226073016467,-29.909763618469189],[30.986154575554998,-29.90951952808517],[30.988301709862412,-29.910057998065394]],[[30.989083813151552,-29.940322425520613],[30.988238281570833,-29.941131490216648],[30.987516178825846,-29.941821406127005],[30.987388859599726,-29.941943535183775],[30.987303914313237,-29.942024985756174],[30.98726164776804,-29.942065487324395],[30.986278910542019,-29.943009694993936],[30.985561461082021,-29.943698998841288],[30.985484158690141,-29.943637286369135],[30.985407288207195,-29.94357631993104],[30.984907093013899,-29.944056519019036],[30.984409239685078,-29.944534199900723],[30.983423682403703,-29.945480465148435],[30.983157004890334,-29.945736472580229],[30.983132038739154,-29.945760439826138],[30.982142314888662,-29.946710667209388],[30.982020374310331,-29.946827651563868],[30.981825284102694,-29.947014991090768],[30.981581293429951,-29.947249231727969],[30.98148341929905,-29.947343209113427],[30.981324591646523,-29.947495641313619],[30.981299680632478,-29.947519540684574],[30.981050348128431,-29.947758743464114],[30.978934467233529,-29.949788741467206],[30.978843709042568,-29.949875812343883],[30.976598987927371,-29.952029283894429],[30.976385941903782,-29.952233660294578],[30.976695653825765,-29.952478893483878],[30.977086952133348,-29.952788180539358],[30.977962321003506,-29.953480071808681],[30.978750362793381,-29.954102785227501],[30.981115191465264,-29.955971413153236],[30.981840771855978,-29.956540585405008],[30.982322187610158,-29.95692328664245],[30.982605151236026,-29.957234728820438],[30.982653226168239,-29.957185840079298],[30.983155129873225,-29.956680023856428],[30.983186006585818,-29.956648534018861],[30.983222052733435,-29.956676954590122],[30.983240593704615,-29.956691661090055],[30.983397841064903,-29.956540761114873],[30.984612386021261,-29.955375050865396],[30.98735536108229,-29.952741230927181],[30.98762980547896,-29.952477755064322],[30.988212456742929,-29.952938664054212],[30.988239063579321,-29.952959168351228],[30.988358906637067,-29.95305380881976],[30.988520528924461,-29.952900108548686],[30.988622990161055,-29.952810088217053],[30.988879006378681,-29.952586054450833],[30.988932247506337,-29.95253901454943],[30.989050237438352,-29.952434581323363],[30.989084114452144,-29.952405446361951],[30.989211541815585,-29.95229296516386],[30.989283854155403,-29.952228380768055],[30.989432104397171,-29.952095964482925],[30.989504516858389,-29.952030926101529],[30.989651940657325,-29.951898511905963],[30.989871982882619,-29.951701058193734],[30.989907310434962,-29.951662270295422],[30.990067890268886,-29.951484657063155],[30.990192625176533,-29.951346734746693],[30.990217955743887,-29.951318059271394],[30.990432847457704,-29.951074823486241],[30.990458262382294,-29.95104609179495],[30.990483386250876,-29.951017165178943],[30.990655937884988,-29.950818532956603],[30.990680905267187,-29.950789651153379],[30.99076002496728,-29.950698465766688],[30.990903341949934,-29.950533386365567],[30.99094519951116,-29.95048485467191],[30.991082842448094,-29.950326341540624],[30.991124782634056,-29.950277957671563],[30.991167061537713,-29.950229240029348],[30.991282131911458,-29.95009655244397],[30.99132419304825,-29.950048084570142],[30.991347211191258,-29.950021518873051],[30.991373691590525,-29.949991715828318],[30.991443311510782,-29.949911543311426],[30.991590188338126,-29.949742459201328],[30.991796383792924,-29.949505071872281],[30.991688140887874,-29.949419363207877],[30.991640911706824,-29.949382015235781],[30.991443382850715,-29.949225870488348],[30.990198400607859,-29.948241711004453],[30.990697443664416,-29.947762623566167],[30.991401215909022,-29.948318705649438],[30.991443493932756,-29.948143670658688],[30.991556990382776,-29.94767555956517],[30.991495949450726,-29.947662734571455],[30.991443530965125,-29.947650612920853],[30.991330348093275,-29.947626566503342],[30.991330109289244,-29.947520633074184],[30.991329940812978,-29.947446148322594],[30.991329790274204,-29.947398833640975],[30.991329603272014,-29.94731304476672],[30.991439966930226,-29.947073422300768],[30.991443590072382,-29.947065890103129],[30.99149010180918,-29.946964570586395],[30.991546355237642,-29.946804994646815],[30.991602389911957,-29.946645408700491],[30.991658423360182,-29.946485824492648],[30.991714457654314,-29.946326239319085],[30.991770492794394,-29.946166653181553],[30.991826526708461,-29.946007068787956],[30.991882559396835,-29.945847482531573],[30.991980037727554,-29.945569888134369],[30.991675171025793,-29.945328573638907],[30.99165611307199,-29.945314319186341],[30.991443784074093,-29.945144840894052],[30.991239016434932,-29.944984753614655],[30.991145304320202,-29.944909757272935],[30.990739924362536,-29.944589871307986],[30.990347610829868,-29.944280275278416],[30.99029355603011,-29.944237665822062],[30.990254759712201,-29.944206529538338],[30.990201005361186,-29.944164129351783],[30.990196663642237,-29.944087630415368],[30.990224942583495,-29.944060480579999],[30.990259232005741,-29.944027466710256],[30.990347070017442,-29.944023685089142],[30.990370373914303,-29.944042089729923],[30.990429001639956,-29.944039658823435],[30.991102041657065,-29.943395976302426],[30.99144399354304,-29.943069506379565],[30.991506136690329,-29.943010177390008],[30.991947931993671,-29.942588380821171],[30.99144408223194,-29.942189743426521],[30.990458171181047,-29.941409689827267],[30.989083813151552,-29.940322425520613]]]}},
{"type":"Feature","properties":{"sde_LDR_Mi":0.0,"CAT_NAME":null,"MAJ_CAT":null,"Id":0,"Phase":"Phase1&2","OBJECTID":221,"Shape_Area":25992962.3024,"BlockName":"Phoenix"},"geometry":{"type":"Polygon","coordinates":[[[31.024832859899416,-29.669647910544789],[31.025878474405744,-29.672827424447657],[31.026817573356666,-29.672089912917997],[31.027070894050119,-29.672200460147458],[31.026026316422026,-29.673168408205054],[31.026448692194322,-29.674007031440201],[31.025657215105927,-29.674292900332485],[31.024253381611128,-29.673675655267598],[31.023018748753294,-29.674468499471917],[31.022491118371079,-29.674791169579528],[31.022016305368222,-29.675344242725675],[31.021414895447798,-29.676173831312077],[31.02174242531607,-29.677795891532142],[31.022143542662274,-29.678026238937431],[31.022185835191966,-29.678367244308777],[31.02259765457034,-29.679242747134854],[31.02257663815282,-29.67965749550368],[31.022450134662954,-29.680339541700103],[31.022488381354972,-29.680546352495035],[31.022502971577232,-29.680625245768638],[31.02252244066775,-29.680814269663568],[31.022788894570695,-29.680568574728717],[31.023207871314597,-29.680084496204767],[31.023491625501435,-29.679470585131316],[31.024373913181254,-29.679460611248565],[31.02561407392248,-29.679446581829787],[31.026087229383858,-29.679434684505797],[31.026641500712692,-29.679434574230228],[31.026911795223988,-29.679127589056925],[31.027479679948126,-29.679481623149815],[31.027723112618492,-29.679823918044253],[31.028007002235324,-29.67980024830646],[31.028169277940364,-29.679977289212935],[31.028899240345964,-29.679776446684258],[31.029223853415992,-29.680331211426903],[31.03039995436567,-29.680177481578859],[31.030859921860625,-29.681239826933034],[31.031238396971982,-29.68105085796449],[31.031914079932342,-29.680200735606281],[31.032346624736526,-29.680011750412589],[31.032576525781348,-29.680259599503792],[31.034306643230146,-29.679361981357346],[31.034604105390635,-29.679503564261104],[31.034469146721097,-29.68017648557192],[31.033022897147909,-29.681015010207542],[31.033063566246781,-29.681357345577428],[31.032671620119846,-29.681687983273985],[31.033105160112314,-29.684521079079602],[31.033416249016298,-29.684945981394876],[31.033957050834335,-29.685004868954671],[31.033862572215018,-29.685477093548354],[31.033470475840485,-29.685394558106889],[31.032957015674249,-29.686268257510797],[31.032524487048022,-29.686587099617341],[31.032903302060674,-29.687389746580916],[31.03278173810417,-29.687743926902776],[31.032227669801102,-29.688523193184757],[31.03203905968374,-29.690636334417839],[31.031943042856245,-29.691804045732418],[31.031931311474704,-29.691946715395915],[31.032215275586058,-29.692052891633754],[31.032377604857814,-29.692312562017769],[31.032296613774694,-29.692725756698604],[31.032837690753478,-29.693504753445414],[31.033879136751587,-29.694555135726716],[31.03405511463237,-29.695168950249954],[31.034109624977567,-29.696432070316668],[31.034353161175954,-29.696892401991743],[31.034353229453036,-29.697093086793213],[31.034177578041774,-29.697459086884727],[31.034272647351774,-29.698698586001921],[31.033921380726891,-29.699560440369449],[31.033698456918902,-29.699949972629906],[31.033745870055462,-29.699969562385057],[31.033945311921457,-29.70035791936423],[31.033881559421573,-29.701028189410533],[31.030363429054844,-29.70303980231304],[31.031963433045572,-29.704770913450066],[31.02876578726212,-29.709407561387472],[31.028062074343765,-29.709742838243248],[31.028134516565888,-29.709850819747203],[31.028064285728451,-29.710076161991971],[31.030131639060272,-29.710385594522048],[31.037083723944743,-29.711425901799483],[31.037480006311206,-29.718421181482213],[31.03754036048711,-29.719486482410694],[31.037737937754009,-29.719831122648163],[31.03777584613729,-29.72157895124931],[31.037478465533997,-29.72334313368091],[31.037283167430299,-29.724131748569643],[31.037195600513371,-29.724196463730475],[31.037194718978562,-29.72420172580166],[31.035746389497458,-29.727837780148288],[31.034914777061434,-29.728731669073934],[31.033698655701489,-29.728061734420649],[31.033548190623677,-29.728181920020983],[31.028452318417475,-29.732252031532497],[31.025910436502283,-29.732369522538519],[31.018814434715932,-29.732697254542696],[31.018597919393422,-29.732140597871314],[31.017431453348433,-29.732213803593925],[31.01666896526304,-29.731816889511141],[31.016220465834998,-29.731705110332786],[31.015784729329628,-29.731269008712836],[31.016220329109423,-29.730855167388903],[31.015041354840129,-29.730055690266429],[31.014951584093737,-29.729541260420088],[31.013157470546929,-29.72779683185917],[31.012568102981717,-29.728126801902771],[31.012177264129985,-29.727852842859694],[31.012091920414278,-29.727248521885805],[31.012016962501136,-29.726717736965057],[31.011427437205814,-29.725627400885116],[31.010517727821117,-29.725739311284009],[31.01016526211793,-29.72466572669952],[31.008877630786991,-29.725336826624975],[31.007295259870688,-29.725711569190711],[31.005796195572838,-29.726684605044944],[31.005783342132098,-29.725963272756086],[31.006468792961265,-29.725253090673185],[31.006968450225614,-29.724582057435502],[31.007232707976272,-29.724523177871312],[31.008000244146416,-29.722437694527049],[31.008875583919984,-29.720746705776833],[31.010123615374994,-29.720901076472561],[31.01036616739685,-29.720776512791147],[31.011551102398879,-29.718003280081692],[31.011343357969817,-29.717925584965826],[31.012013718437597,-29.716275239191571],[31.012926130068298,-29.714120837567801],[31.013183235164039,-29.714183152846157],[31.01356549771177,-29.713288394116297],[31.011885931840052,-29.713581790434532],[31.010878339896639,-29.715173725920017],[31.006127346445609,-29.714587561295165],[31.006116783516273,-29.714724133847657],[31.005887581865043,-29.71768748647531],[30.994418079087247,-29.712828173243793],[30.994129461998078,-29.713188961692047],[30.993583382353098,-29.713871584742705],[30.992725043749815,-29.713452160142921],[30.984178623064384,-29.720540389941934],[30.981396465921236,-29.71847603747981],[30.978050531971331,-29.711846312522646],[30.978290949149283,-29.709626142149308],[30.980066478803636,-29.709542639695986],[30.980536901497686,-29.708721661682461],[30.980546508480622,-29.708704895493089],[30.980403688479836,-29.702840160710767],[30.980787915653885,-29.700955128632135],[30.980743545366085,-29.700589813736283],[30.980623987431091,-29.699605441379472],[30.98090864897333,-29.699595541761429],[30.981116725083744,-29.695195350024598],[30.981160140380236,-29.694277196384952],[30.983447448577916,-29.688070694572573],[30.984994759921122,-29.687631023683092],[30.9848869303644,-29.686845556880066],[30.98661415374881,-29.686185959755175],[30.986614028849154,-29.687128505835876],[30.988994248906288,-29.686449074784367],[30.989070902304292,-29.68629294260807],[30.99293229252423,-29.684797374175353],[30.998873726859937,-29.681473488490983],[30.999417548134925,-29.680749319513964],[31.000042933121328,-29.680286325223406],[31.002408485659775,-29.679277210335471],[31.002707443083597,-29.679386483891282],[31.003325055769732,-29.67912481703954],[31.005425348944652,-29.678037194514982],[31.005414783662779,-29.677834430775238],[31.00429598950744,-29.677170879887978],[31.003536061558279,-29.676700858055995],[31.00328272716748,-29.6757239096715],[31.002522799397124,-29.67463637257659],[31.002153392508241,-29.673945137216908],[31.002554419885637,-29.672986607905422],[31.003177057356506,-29.671650193082488],[31.003810253514438,-29.670885201698795],[31.004781153665501,-29.670092545757747],[31.005562090215481,-29.669567171106632],[31.006585729416603,-29.668746849869098],[31.007609373510384,-29.668212234202095],[31.008284778442036,-29.668064728636207],[31.010015595022129,-29.668700552239084],[31.010638275245814,-29.668958567568342],[31.011007731958781,-29.66974194543744],[31.011134459842239,-29.670516126233345],[31.011852211597507,-29.67141007059244],[31.012780963836263,-29.671603532087531],[31.013751841896731,-29.671114957102922],[31.014807149161715,-29.670690881509518],[31.01490548929349,-29.67068026772435],[31.015661980481433,-29.670598617618026],[31.016411276930111,-29.670524794448728],[31.017213326277975,-29.670368011130076],[31.017635425877483,-29.670109891852242],[31.017635351912407,-29.669685929906464],[31.01721309400234,-29.669003959605657],[31.017107409537573,-29.668119182940629],[31.017212822511208,-29.667409493616255],[31.01763480204777,-29.666533864154321],[31.018077920078017,-29.665879428033644],[31.020526092969678,-29.665104879625286],[31.021718498344242,-29.664680727344599],[31.022668293014263,-29.66478195060543],[31.023797580248729,-29.665261014357387],[31.024610270760448,-29.66568482818985],[31.025021981824978,-29.666246961848955],[31.025423070059794,-29.666514166025131],[31.025518374670998,-29.667804467205844],[31.025961946635558,-29.669094700305493],[31.026109766799916,-29.669371168215708],[31.024832859899416,-29.669647910544789]]]}}
]
}
